COD_DEP;DESC_DEP;COD_DIS;DESC_DIS;COD_CIU;DESC_CIU
1;CAPITAL;1;ASUNCION (DISTRITO);1;ASUNCION (DISTRITO)
1;CAPITAL;1;ASUNCION (DISTRITO);1;ASUNCION (DISTRITO)
1;CAPITAL;1;ASUNCION (DISTRITO);1;ASUNCION (DISTRITO)
1;CAPITAL;1;ASUNCION (DISTRITO);1;ASUNCION (DISTRITO)
1;CAPITAL;1;ASUNCION (DISTRITO);1;ASUNCION (DISTRITO)
1;CAPITAL;1;ASUNCION (DISTRITO);1;ASUNCION (DISTRITO)
1;CAPITAL;1;ASUNCION (DISTRITO);1;ASUNCION (DISTRITO)
1;CAPITAL;1;ASUNCION (DISTRITO);1;ASUNCION (DISTRITO)
1;CAPITAL;1;ASUNCION (DISTRITO);1;ASUNCION (DISTRITO)
1;CAPITAL;1;ASUNCION (DISTRITO);1;ASUNCION (DISTRITO)
1;CAPITAL;1;ASUNCION (DISTRITO);1;ASUNCION (DISTRITO)
1;CAPITAL;1;ASUNCION (DISTRITO);1;ASUNCION (DISTRITO)
1;CAPITAL;1;ASUNCION (DISTRITO);1;ASUNCION (DISTRITO)
1;CAPITAL;1;ASUNCION (DISTRITO);1;ASUNCION (DISTRITO)
1;CAPITAL;1;ASUNCION (DISTRITO);1;ASUNCION (DISTRITO)
1;CAPITAL;1;ASUNCION (DISTRITO);1;ASUNCION (DISTRITO)
1;CAPITAL;1;ASUNCION (DISTRITO);1;ASUNCION (DISTRITO)
1;CAPITAL;1;ASUNCION (DISTRITO);1;ASUNCION (DISTRITO)
1;CAPITAL;1;ASUNCION (DISTRITO);1;ASUNCION (DISTRITO)
1;CAPITAL;1;ASUNCION (DISTRITO);1;ASUNCION (DISTRITO)
1;CAPITAL;1;ASUNCION (DISTRITO);1;ASUNCION (DISTRITO)
1;CAPITAL;1;ASUNCION (DISTRITO);1;ASUNCION (DISTRITO)
1;CAPITAL;1;ASUNCION (DISTRITO);1;ASUNCION (DISTRITO)
1;CAPITAL;1;ASUNCION (DISTRITO);1;ASUNCION (DISTRITO)
1;CAPITAL;1;ASUNCION (DISTRITO);1;ASUNCION (DISTRITO)
1;CAPITAL;1;ASUNCION (DISTRITO);1;ASUNCION (DISTRITO)
1;CAPITAL;1;ASUNCION (DISTRITO);1;ASUNCION (DISTRITO)
1;CAPITAL;1;ASUNCION (DISTRITO);1;ASUNCION (DISTRITO)
1;CAPITAL;1;ASUNCION (DISTRITO);1;ASUNCION (DISTRITO)
1;CAPITAL;1;ASUNCION (DISTRITO);1;ASUNCION (DISTRITO)
1;CAPITAL;1;ASUNCION (DISTRITO);1;ASUNCION (DISTRITO)
1;CAPITAL;1;ASUNCION (DISTRITO);1;ASUNCION (DISTRITO)
1;CAPITAL;1;ASUNCION (DISTRITO);1;ASUNCION (DISTRITO)
1;CAPITAL;1;ASUNCION (DISTRITO);1;ASUNCION (DISTRITO)
1;CAPITAL;1;ASUNCION (DISTRITO);1;ASUNCION (DISTRITO)
1;CAPITAL;1;ASUNCION (DISTRITO);1;ASUNCION (DISTRITO)
1;CAPITAL;1;ASUNCION (DISTRITO);1;ASUNCION (DISTRITO)
1;CAPITAL;1;ASUNCION (DISTRITO);1;ASUNCION (DISTRITO)
1;CAPITAL;1;ASUNCION (DISTRITO);1;ASUNCION (DISTRITO)
1;CAPITAL;1;ASUNCION (DISTRITO);1;ASUNCION (DISTRITO)
1;CAPITAL;1;ASUNCION (DISTRITO);1;ASUNCION (DISTRITO)
1;CAPITAL;1;ASUNCION (DISTRITO);1;ASUNCION (DISTRITO)
1;CAPITAL;1;ASUNCION (DISTRITO);1;ASUNCION (DISTRITO)
1;CAPITAL;1;ASUNCION (DISTRITO);1;ASUNCION (DISTRITO)
1;CAPITAL;1;ASUNCION (DISTRITO);1;ASUNCION (DISTRITO)
1;CAPITAL;1;ASUNCION (DISTRITO);1;ASUNCION (DISTRITO)
1;CAPITAL;1;ASUNCION (DISTRITO);1;ASUNCION (DISTRITO)
1;CAPITAL;1;ASUNCION (DISTRITO);1;ASUNCION (DISTRITO)
1;CAPITAL;1;ASUNCION (DISTRITO);1;ASUNCION (DISTRITO)
1;CAPITAL;1;ASUNCION (DISTRITO);1;ASUNCION (DISTRITO)
1;CAPITAL;1;ASUNCION (DISTRITO);1;ASUNCION (DISTRITO)
1;CAPITAL;1;ASUNCION (DISTRITO);1;ASUNCION (DISTRITO)
1;CAPITAL;1;ASUNCION (DISTRITO);1;ASUNCION (DISTRITO)
1;CAPITAL;1;ASUNCION (DISTRITO);1;ASUNCION (DISTRITO)
1;CAPITAL;1;ASUNCION (DISTRITO);1;ASUNCION (DISTRITO)
1;CAPITAL;1;ASUNCION (DISTRITO);1;ASUNCION (DISTRITO)
1;CAPITAL;1;ASUNCION (DISTRITO);1;ASUNCION (DISTRITO)
1;CAPITAL;1;ASUNCION (DISTRITO);1;ASUNCION (DISTRITO)
1;CAPITAL;1;ASUNCION (DISTRITO);1;ASUNCION (DISTRITO)
1;CAPITAL;1;ASUNCION (DISTRITO);1;ASUNCION (DISTRITO)
1;CAPITAL;1;ASUNCION (DISTRITO);1;ASUNCION (DISTRITO)
1;CAPITAL;1;ASUNCION (DISTRITO);1;ASUNCION (DISTRITO)
1;CAPITAL;1;ASUNCION (DISTRITO);1;ASUNCION (DISTRITO)
1;CAPITAL;1;ASUNCION (DISTRITO);1;ASUNCION (DISTRITO)
1;CAPITAL;1;ASUNCION (DISTRITO);1;ASUNCION (DISTRITO)
1;CAPITAL;1;ASUNCION (DISTRITO);1;ASUNCION (DISTRITO)
1;CAPITAL;1;ASUNCION (DISTRITO);1;ASUNCION (DISTRITO)
1;CAPITAL;1;ASUNCION (DISTRITO);1;ASUNCION (DISTRITO)
1;CAPITAL;1;ASUNCION (DISTRITO);1;ASUNCION (DISTRITO)
1;CAPITAL;1;ASUNCION (DISTRITO);1;ASUNCION (DISTRITO)
1;CAPITAL;1;ASUNCION (DISTRITO);1;ASUNCION (DISTRITO)
1;CAPITAL;1;ASUNCION (DISTRITO);1;ASUNCION (DISTRITO)
1;CAPITAL;1;ASUNCION (DISTRITO);1;ASUNCION (DISTRITO)
1;CAPITAL;1;ASUNCION (DISTRITO);1;ASUNCION (DISTRITO)
1;CAPITAL;1;ASUNCION (DISTRITO);1;ASUNCION (DISTRITO)
1;CAPITAL;1;ASUNCION (DISTRITO);1;ASUNCION (DISTRITO)
1;CAPITAL;1;ASUNCION (DISTRITO);1;ASUNCION (DISTRITO)
1;CAPITAL;1;ASUNCION (DISTRITO);1;ASUNCION (DISTRITO)
1;CAPITAL;1;ASUNCION (DISTRITO);1;ASUNCION (DISTRITO)
1;CAPITAL;1;ASUNCION (DISTRITO);1;ASUNCION (DISTRITO)
1;CAPITAL;1;ASUNCION (DISTRITO);1;ASUNCION (DISTRITO)
1;CAPITAL;1;ASUNCION (DISTRITO);1;ASUNCION (DISTRITO)
2;CONCEPCION;2;CONCEPCION (MUNICIPIO);3;CONCEPCION (MUNICIPIO)
2;CONCEPCION;2;CONCEPCION (MUNICIPIO);3;CONCEPCION (MUNICIPIO)
2;CONCEPCION;2;CONCEPCION (MUNICIPIO);3;CONCEPCION (MUNICIPIO)
2;CONCEPCION;2;CONCEPCION (MUNICIPIO);3;CONCEPCION (MUNICIPIO)
2;CONCEPCION;2;CONCEPCION (MUNICIPIO);3;CONCEPCION (MUNICIPIO)
2;CONCEPCION;2;CONCEPCION (MUNICIPIO);3;CONCEPCION (MUNICIPIO)
2;CONCEPCION;2;CONCEPCION (MUNICIPIO);3;CONCEPCION (MUNICIPIO)
2;CONCEPCION;2;CONCEPCION (MUNICIPIO);3;CONCEPCION (MUNICIPIO)
2;CONCEPCION;2;CONCEPCION (MUNICIPIO);3;CONCEPCION (MUNICIPIO)
2;CONCEPCION;2;CONCEPCION (MUNICIPIO);3;CONCEPCION (MUNICIPIO)
2;CONCEPCION;2;CONCEPCION (MUNICIPIO);3;CONCEPCION (MUNICIPIO)
2;CONCEPCION;2;CONCEPCION (MUNICIPIO);3;CONCEPCION (MUNICIPIO)
2;CONCEPCION;2;CONCEPCION (MUNICIPIO);3;CONCEPCION (MUNICIPIO)
2;CONCEPCION;2;CONCEPCION (MUNICIPIO);3;CONCEPCION (MUNICIPIO)
2;CONCEPCION;2;CONCEPCION (MUNICIPIO);3;CONCEPCION (MUNICIPIO)
2;CONCEPCION;2;CONCEPCION (MUNICIPIO);3;CONCEPCION (MUNICIPIO)
2;CONCEPCION;2;CONCEPCION (MUNICIPIO);3;CONCEPCION (MUNICIPIO)
2;CONCEPCION;2;CONCEPCION (MUNICIPIO);3;CONCEPCION (MUNICIPIO)
2;CONCEPCION;2;CONCEPCION (MUNICIPIO);4;ABASTO CUE
2;CONCEPCION;2;CONCEPCION (MUNICIPIO);5;AGUA FRIA
2;CONCEPCION;2;CONCEPCION (MUNICIPIO);6;AGUARA
2;CONCEPCION;2;CONCEPCION (MUNICIPIO);7;AGUERO CUE
2;CONCEPCION;2;CONCEPCION (MUNICIPIO);8;ALBASTI
2;CONCEPCION;2;CONCEPCION (MUNICIPIO);9;ALBERTO CUE
2;CONCEPCION;2;CONCEPCION (MUNICIPIO);10;ANEGADIZO
2;CONCEPCION;2;CONCEPCION (MUNICIPIO);11;AQUIDABAN
2;CONCEPCION;2;CONCEPCION (MUNICIPIO);12;AQUINO CUE
2;CONCEPCION;2;CONCEPCION (MUNICIPIO);13;ARCE CUE
2;CONCEPCION;2;CONCEPCION (MUNICIPIO);14;ARMANDIA
2;CONCEPCION;2;CONCEPCION (MUNICIPIO);15;ARRECIFE
2;CONCEPCION;2;CONCEPCION (MUNICIPIO);16;ARROYITO
2;CONCEPCION;2;CONCEPCION (MUNICIPIO);17;BARRERO CUA
2;CONCEPCION;2;CONCEPCION (MUNICIPIO);18;BARRERO SAY-YU
2;CONCEPCION;2;CONCEPCION (MUNICIPIO);19;BARRIO INMACULADA
2;CONCEPCION;2;CONCEPCION (MUNICIPIO);20;BARRIO NORTE
2;CONCEPCION;2;CONCEPCION (MUNICIPIO);21;BARRIO SAN ANTONIO
2;CONCEPCION;2;CONCEPCION (MUNICIPIO);22;BELLA LOMA
2;CONCEPCION;2;CONCEPCION (MUNICIPIO);23;BELEN
2;CONCEPCION;2;CONCEPCION (MUNICIPIO);24;BLAS CUE
2;CONCEPCION;2;CONCEPCION (MUNICIPIO);25;BOGADO CUE
2;CONCEPCION;2;CONCEPCION (MUNICIPIO);26;BOQUERON
2;CONCEPCION;2;CONCEPCION (MUNICIPIO);27;C.EPOPEYA NACIONAL
2;CONCEPCION;2;CONCEPCION (MUNICIPIO);28;C.EMIL. ROMERO PEREIRA
2;CONCEPCION;2;CONCEPCION (MUNICIPIO);29;C. JORGE MIRANDA
2;CONCEPCION;2;CONCEPCION (MUNICIPIO);30;C.RECONSTRUCCION
2;CONCEPCION;2;CONCEPCION (MUNICIPIO);31;C.N.GONZALEZ
2;CONCEPCION;2;CONCEPCION (MUNICIPIO);32;CABO CUE
2;CONCEPCION;2;CONCEPCION (MUNICIPIO);33;CAMBA CUA
2;CONCEPCION;2;CONCEPCION (MUNICIPIO);34;CAMPO HERMOSO
2;CONCEPCION;2;CONCEPCION (MUNICIPIO);35;CAMPOS RAFAEL
2;CONCEPCION;2;CONCEPCION (MUNICIPIO);36;CANCHA CUE
2;CONCEPCION;2;CONCEPCION (MUNICIPIO);37;CAPILLA
2;CONCEPCION;2;CONCEPCION (MUNICIPIO);38;CAPILLA LORETO
2;CONCEPCION;2;CONCEPCION (MUNICIPIO);39;CARRETA PASO
2;CONCEPCION;2;CONCEPCION (MUNICIPIO);40;CAZAL BOQUERON
2;CONCEPCION;2;CONCEPCION (MUNICIPIO);41;CAZAL CUE
2;CONCEPCION;2;CONCEPCION (MUNICIPIO);42;CAÑETE CUE
2;CONCEPCION;2;CONCEPCION (MUNICIPIO);43;COL.CNEL MONGELOS
2;CONCEPCION;2;CONCEPCION (MUNICIPIO);44;COL.COE PORA
2;CONCEPCION;2;CONCEPCION (MUNICIPIO);45;COL.E.R. PEREIRA
2;CONCEPCION;2;CONCEPCION (MUNICIPIO);46;COL.EXCOMBATIENTES
2;CONCEPCION;2;CONCEPCION (MUNICIPIO);47;COL.F.C.C. NORTE
2;CONCEPCION;2;CONCEPCION (MUNICIPIO);48;COL.FERNANDO DE LA MORA
2;CONCEPCION;2;CONCEPCION (MUNICIPIO);49;COL. GRAL.DIAZ
2;CONCEPCION;2;CONCEPCION (MUNICIPIO);50;COL. HERNANDARIAS
2;CONCEPCION;2;CONCEPCION (MUNICIPIO);51;COL. JUGADILLA
2;CONCEPCION;2;CONCEPCION (MUNICIPIO);52;COL. MARIA AUXILIADORA
2;CONCEPCION;2;CONCEPCION (MUNICIPIO);53;COL. PORA
2;CONCEPCION;2;CONCEPCION (MUNICIPIO);54;COL. SAN CARLOS
2;CONCEPCION;2;CONCEPCION (MUNICIPIO);55;COL. SARGENTO
2;CONCEPCION;2;CONCEPCION (MUNICIPIO);56;COL. YBAGOTY
2;CONCEPCION;2;CONCEPCION (MUNICIPIO);57;COL. ZONA OLEROS
2;CONCEPCION;2;CONCEPCION (MUNICIPIO);58;COSTA DE SEDA
2;CONCEPCION;2;CONCEPCION (MUNICIPIO);59;COE PORA
2;CONCEPCION;2;CONCEPCION (MUNICIPIO);60;CUENCA CUE
2;CONCEPCION;2;CONCEPCION (MUNICIPIO);61;CUETO POTRERO
2;CONCEPCION;2;CONCEPCION (MUNICIPIO);62;CURUZU ÑU
2;CONCEPCION;2;CONCEPCION (MUNICIPIO);63;CURUÑI
2;CONCEPCION;2;CONCEPCION (MUNICIPIO);64;CANDIDO SILVA
2;CONCEPCION;2;CONCEPCION (MUNICIPIO);65;DIEGO CUE
2;CONCEPCION;2;CONCEPCION (MUNICIPIO);66;DUARTE CUE
2;CONCEPCION;2;CONCEPCION (MUNICIPIO);67;ECHAGUE CUE
2;CONCEPCION;2;CONCEPCION (MUNICIPIO);68;ESTABLECIMIENTO
2;CONCEPCION;2;CONCEPCION (MUNICIPIO);69;ESTRIBO DE PALTA
2;CONCEPCION;2;CONCEPCION (MUNICIPIO);70;F. DE PINEDO
2;CONCEPCION;2;CONCEPCION (MUNICIPIO);71;FERROCARRIL C. NORTE
2;CONCEPCION;2;CONCEPCION (MUNICIPIO);72;FUERTE RISSO
2;CONCEPCION;2;CONCEPCION (MUNICIPIO);73;GAONA CUE
2;CONCEPCION;2;CONCEPCION (MUNICIPIO);74;GARAY CUE
2;CONCEPCION;2;CONCEPCION (MUNICIPIO);75;GRAL. DIAZ
2;CONCEPCION;2;CONCEPCION (MUNICIPIO);76;HEROES DEL CHACO
2;CONCEPCION;2;CONCEPCION (MUNICIPIO);77;INMACULADA
2;CONCEPCION;2;CONCEPCION (MUNICIPIO);78;ISLA NOVILLO
2;CONCEPCION;2;CONCEPCION (MUNICIPIO);79;ISLA R.
2;CONCEPCION;2;CONCEPCION (MUNICIPIO);80;ISLA REAL
2;CONCEPCION;2;CONCEPCION (MUNICIPIO);81;ISLA VALDEZ
2;CONCEPCION;2;CONCEPCION (MUNICIPIO);82;ISLA YBATE
2;CONCEPCION;2;CONCEPCION (MUNICIPIO);83;ITA PUCU MI
2;CONCEPCION;2;CONCEPCION (MUNICIPIO);84;ITACURUBI
2;CONCEPCION;2;CONCEPCION (MUNICIPIO);85;JARDIN EUROPA
2;CONCEPCION;2;CONCEPCION (MUNICIPIO);86;JHUGUA CANTERO
2;CONCEPCION;2;CONCEPCION (MUNICIPIO);87;JHUGUA CHOJA
2;CONCEPCION;2;CONCEPCION (MUNICIPIO);88;JHUGUA CUE
2;CONCEPCION;2;CONCEPCION (MUNICIPIO);89;JHUGUA GUAZU
2;CONCEPCION;2;CONCEPCION (MUNICIPIO);90;JHUGUA RIVAS
2;CONCEPCION;2;CONCEPCION (MUNICIPIO);91;JHUGUA TIMBO
2;CONCEPCION;2;CONCEPCION (MUNICIPIO);92;JHUGUA TORALES
2;CONCEPCION;2;CONCEPCION (MUNICIPIO);93;LA CANELA
2;CONCEPCION;2;CONCEPCION (MUNICIPIO);94;LA CONCHA
2;CONCEPCION;2;CONCEPCION (MUNICIPIO);95;LABITA
2;CONCEPCION;2;CONCEPCION (MUNICIPIO);96;LAGUNA
2;CONCEPCION;2;CONCEPCION (MUNICIPIO);97;LAGUNA ÑARO
2;CONCEPCION;2;CONCEPCION (MUNICIPIO);98;LLANO
2;CONCEPCION;2;CONCEPCION (MUNICIPIO);99;LOMA
2;CONCEPCION;2;CONCEPCION (MUNICIPIO);100;LOMA PYTA
2;CONCEPCION;2;CONCEPCION (MUNICIPIO);101;MALDONADO
2;CONCEPCION;2;CONCEPCION (MUNICIPIO);102;MANCUELLO CUE
2;CONCEPCION;2;CONCEPCION (MUNICIPIO);103;MBATOVI
2;CONCEPCION;2;CONCEPCION (MUNICIPIO);104;MBOCAYATY
2;CONCEPCION;2;CONCEPCION (MUNICIPIO);105;MBOREBI YCUA
2;CONCEPCION;2;CONCEPCION (MUNICIPIO);106;MONTAÑAS
2;CONCEPCION;2;CONCEPCION (MUNICIPIO);107;OCAMPOS
2;CONCEPCION;2;CONCEPCION (MUNICIPIO);108;OJEDA CUE
2;CONCEPCION;2;CONCEPCION (MUNICIPIO);109;PASO BARRETO
2;CONCEPCION;2;CONCEPCION (MUNICIPIO);110;PASO URUNDEY
2;CONCEPCION;2;CONCEPCION (MUNICIPIO);111;PASO ITA
2;CONCEPCION;2;CONCEPCION (MUNICIPIO);112;PEGUAJHO
2;CONCEPCION;2;CONCEPCION (MUNICIPIO);113;PEGUAJHO MI
2;CONCEPCION;2;CONCEPCION (MUNICIPIO);114;PEROY
2;CONCEPCION;2;CONCEPCION (MUNICIPIO);115;PICADA GUY
2;CONCEPCION;2;CONCEPCION (MUNICIPIO);116;PLANAS
2;CONCEPCION;2;CONCEPCION (MUNICIPIO);117;POTRERITO
2;CONCEPCION;2;CONCEPCION (MUNICIPIO);118;POTRERO ESTRELLA
2;CONCEPCION;2;CONCEPCION (MUNICIPIO);119;POTRERO ROMERO
2;CONCEPCION;2;CONCEPCION (MUNICIPIO);120;PROSPERIDAD
2;CONCEPCION;2;CONCEPCION (MUNICIPIO);121;PUENTE CAÑON
2;CONCEPCION;2;CONCEPCION (MUNICIPIO);122;PUERTO ABENTE
2;CONCEPCION;2;CONCEPCION (MUNICIPIO);123;PUERTO DOS
2;CONCEPCION;2;CONCEPCION (MUNICIPIO);124;QUINTA ALICELICA
2;CONCEPCION;2;CONCEPCION (MUNICIPIO);125;REQUEJO
2;CONCEPCION;2;CONCEPCION (MUNICIPIO);126;RINCON
2;CONCEPCION;2;CONCEPCION (MUNICIPIO);127;RINCON CIERVO
2;CONCEPCION;2;CONCEPCION (MUNICIPIO);128;RINCON CUE
2;CONCEPCION;2;CONCEPCION (MUNICIPIO);129;RINCON ZARZA
2;CONCEPCION;2;CONCEPCION (MUNICIPIO);130;RINCON DE LUNA
2;CONCEPCION;2;CONCEPCION (MUNICIPIO);131;RIVAS CUE
2;CONCEPCION;2;CONCEPCION (MUNICIPIO);132;ROJAS MI
2;CONCEPCION;2;CONCEPCION (MUNICIPIO);133;ROSALIA
2;CONCEPCION;2;CONCEPCION (MUNICIPIO);134;RURAL
2;CONCEPCION;2;CONCEPCION (MUNICIPIO);135;S. ISABEL
2;CONCEPCION;2;CONCEPCION (MUNICIPIO);136;SAGRADA FAMILIA
2;CONCEPCION;2;CONCEPCION (MUNICIPIO);137;SALADERO RISSO
2;CONCEPCION;2;CONCEPCION (MUNICIPIO);138;SALEITA
2;CONCEPCION;2;CONCEPCION (MUNICIPIO);139;SALINARES
2;CONCEPCION;2;CONCEPCION (MUNICIPIO);140;SALINARES CUE
2;CONCEPCION;2;CONCEPCION (MUNICIPIO);141;SAN ANTONIO
2;CONCEPCION;2;CONCEPCION (MUNICIPIO);142;SAN LORENZO
2;CONCEPCION;2;CONCEPCION (MUNICIPIO);143;SAN MIGUEL
2;CONCEPCION;2;CONCEPCION (MUNICIPIO);144;SAN NICOLAS
2;CONCEPCION;2;CONCEPCION (MUNICIPIO);145;SAN RAFAEL
2;CONCEPCION;2;CONCEPCION (MUNICIPIO);146;SAN SALVADOR
2;CONCEPCION;2;CONCEPCION (MUNICIPIO);147;SANCHEZ CUE
2;CONCEPCION;2;CONCEPCION (MUNICIPIO);148;SANTA CUE
2;CONCEPCION;2;CONCEPCION (MUNICIPIO);149;SANTA MARIA DE LA S.
2;CONCEPCION;2;CONCEPCION (MUNICIPIO);150;SIERVO POTRERO
2;CONCEPCION;2;CONCEPCION (MUNICIPIO);934;SOLALINDE
2;CONCEPCION;2;CONCEPCION (MUNICIPIO);935;STA. TOMASA
2;CONCEPCION;2;CONCEPCION (MUNICIPIO);936;BUBURBANA
2;CONCEPCION;2;CONCEPCION (MUNICIPIO);937;TABATINGA
2;CONCEPCION;2;CONCEPCION (MUNICIPIO);938;TACUATI
2;CONCEPCION;2;CONCEPCION (MUNICIPIO);939;TAGATIVO MI
2;CONCEPCION;2;CONCEPCION (MUNICIPIO);940;TATAYYUA
2;CONCEPCION;2;CONCEPCION (MUNICIPIO);941;TAYATY MI
2;CONCEPCION;2;CONCEPCION (MUNICIPIO);942;TEODORO CUE
2;CONCEPCION;2;CONCEPCION (MUNICIPIO);943;TOLDO CUE
2;CONCEPCION;2;CONCEPCION (MUNICIPIO);944;TOLEDO CUE
2;CONCEPCION;2;CONCEPCION (MUNICIPIO);945;TORALES
2;CONCEPCION;2;CONCEPCION (MUNICIPIO);946;TRANQUERA
2;CONCEPCION;2;CONCEPCION (MUNICIPIO);947;TRES ALTAS
2;CONCEPCION;2;CONCEPCION (MUNICIPIO);948;VILLA ARMANDO
2;CONCEPCION;2;CONCEPCION (MUNICIPIO);949;VILLA FERNANDO
2;CONCEPCION;2;CONCEPCION (MUNICIPIO);950;VILLA LOMA
2;CONCEPCION;2;CONCEPCION (MUNICIPIO);951;VILLA NUEVA
2;CONCEPCION;2;CONCEPCION (MUNICIPIO);952;YAGUARETE POTRERO
2;CONCEPCION;2;CONCEPCION (MUNICIPIO);953;YAPEPO
2;CONCEPCION;2;CONCEPCION (MUNICIPIO);954;YBACUMI
2;CONCEPCION;2;CONCEPCION (MUNICIPIO);955;IBAÑEZ ÑU
2;CONCEPCION;2;CONCEPCION (MUNICIPIO);956;YBYRATY
2;CONCEPCION;2;CONCEPCION (MUNICIPIO);957;YCUA CARANDA
2;CONCEPCION;2;CONCEPCION (MUNICIPIO);958;YCUA GUAZU
2;CONCEPCION;2;CONCEPCION (MUNICIPIO);959;YCUA PORA
2;CONCEPCION;2;CONCEPCION (MUNICIPIO);960;YPANE
2;CONCEPCION;2;CONCEPCION (MUNICIPIO);961;YPANE CUE
2;CONCEPCION;2;CONCEPCION (MUNICIPIO);962;YPANE JHU
2;CONCEPCION;2;CONCEPCION (MUNICIPIO);963;YUIY
2;CONCEPCION;2;CONCEPCION (MUNICIPIO);964;YUTY
2;CONCEPCION;2;CONCEPCION (MUNICIPIO);965;ZANJA CUE
2;CONCEPCION;2;CONCEPCION (MUNICIPIO);966;ZAPATERO CUE
2;CONCEPCION;2;CONCEPCION (MUNICIPIO);967;ÑU APUA
2;CONCEPCION;2;CONCEPCION (MUNICIPIO);968;ÑUMI
2;CONCEPCION;2;CONCEPCION (MUNICIPIO);6154;PINDURA
2;CONCEPCION;2;CONCEPCION (MUNICIPIO);6155;POTRERO FRENTE Y OTRO
2;CONCEPCION;2;CONCEPCION (MUNICIPIO);6156;RECALDE CUE
2;CONCEPCION;2;CONCEPCION (MUNICIPIO);6157;RINCON LOMA
2;CONCEPCION;2;CONCEPCION (MUNICIPIO);6158;ROMERO PATIÑO
2;CONCEPCION;2;CONCEPCION (MUNICIPIO);6159;SALADILLO
2;CONCEPCION;2;CONCEPCION (MUNICIPIO);6160;SAN ANTONIO DE LA SIERRA
2;CONCEPCION;2;CONCEPCION (MUNICIPIO);6161;SANJITA
2;CONCEPCION;2;CONCEPCION (MUNICIPIO);6216;VILLA SANA
2;CONCEPCION;2;CONCEPCION (MUNICIPIO);6217;YBYRAIPETY
2;CONCEPCION;2;CONCEPCION (MUNICIPIO);6218;YGATIGO
2;CONCEPCION;2;CONCEPCION (MUNICIPIO);6219;YUQUERI
2;CONCEPCION;2;CONCEPCION (MUNICIPIO);6220;ÑA VENTURA CUE
2;CONCEPCION;3;SAN LAZARO;969;SAN LAZARO
2;CONCEPCION;3;SAN LAZARO;970;COL. SAN LAZARO
2;CONCEPCION;3;SAN LAZARO;971;CONFLUENCIA
2;CONCEPCION;3;SAN LAZARO;972;PUERTO RISSO
2;CONCEPCION;3;SAN LAZARO;973;SALADERO R.
2;CONCEPCION;3;SAN LAZARO;974;VALLE MI
2;CONCEPCION;3;SAN LAZARO;6221;LOMA SAN MIGUEL
2;CONCEPCION;4;SAN CARLOS;975;SAN CARLOS
2;CONCEPCION;4;SAN CARLOS;976;ARRECIFE
2;CONCEPCION;4;SAN CARLOS;977;CERRO PAIVA
2;CONCEPCION;4;SAN CARLOS;978;CONCEPCION
2;CONCEPCION;4;SAN CARLOS;979;GAONA CUE
2;CONCEPCION;4;SAN CARLOS;980;INVERNADA VIEJO
2;CONCEPCION;4;SAN CARLOS;981;OJEDA CUE
2;CONCEPCION;4;SAN CARLOS;982;PONCIERRE
2;CONCEPCION;4;SAN CARLOS;983;POTRERO
2;CONCEPCION;4;SAN CARLOS;984;POTRERO ESTRELLA
2;CONCEPCION;4;SAN CARLOS;985;PUERTO MAX Y OTRO
2;CONCEPCION;4;SAN CARLOS;986;RECALDE CUE
2;CONCEPCION;4;SAN CARLOS;987;SAN BLAS
2;CONCEPCION;4;SAN CARLOS;988;SAN CARLOS
2;CONCEPCION;4;SAN CARLOS;989;SAN FERNANDO
2;CONCEPCION;4;SAN CARLOS;990;SANTA ROSA
2;CONCEPCION;4;SAN CARLOS;991;VILLAMAYOR CUE
2;CONCEPCION;4;SAN CARLOS;992;UGARTE CUE
2;CONCEPCION;4;SAN CARLOS;993;URAN CUE Y OTRO
2;CONCEPCION;4;SAN CARLOS;6222;CABALLERO CUE
2;CONCEPCION;4;SAN CARLOS;6223;LOMA PORA
2;CONCEPCION;4;SAN CARLOS;6224;POTRERO MBAREGUI
2;CONCEPCION;4;SAN CARLOS;6225;SAN RAFAEL
2;CONCEPCION;4;SAN CARLOS;6226;ÑU PYHAJHU
2;CONCEPCION;5;BELEN;994;BELEN
2;CONCEPCION;5;BELEN;994;BELEN
2;CONCEPCION;5;BELEN;994;BELEN
2;CONCEPCION;5;BELEN;994;BELEN
2;CONCEPCION;5;BELEN;995;BELEN COSTA
2;CONCEPCION;5;BELEN;996;COL.E.R.GONZALEZ
2;CONCEPCION;5;BELEN;997;E.R.PEREIRA
2;CONCEPCION;5;BELEN;998;COL.GRAL.DIAZ
2;CONCEPCION;5;BELEN;999;CULI LOMA
2;CONCEPCION;5;BELEN;1000;FDO.DE LA MORA
2;CONCEPCION;5;BELEN;1001;FERROCARRIL NORTE
2;CONCEPCION;5;BELEN;1002;ITA CORA
2;CONCEPCION;5;BELEN;1003;LEMO
2;CONCEPCION;5;BELEN;1004;LOMA PYTA
2;CONCEPCION;5;BELEN;1005;PASO URUNDEY
2;CONCEPCION;5;BELEN;1006;PEGUAJHO LOMA
2;CONCEPCION;5;BELEN;1007;PEGUAJHO MI
2;CONCEPCION;5;BELEN;1008;REQUEJO
2;CONCEPCION;5;BELEN;1009;TORALES CUE
2;CONCEPCION;5;BELEN;1010;TORRES CUE
2;CONCEPCION;5;BELEN;1011;TORIN CUE
2;CONCEPCION;5;BELEN;1012;URUNDEY
2;CONCEPCION;5;BELEN;1013;YBYRA PETEI
2;CONCEPCION;5;BELEN;6227;COL.F.DE LA MORA
2;CONCEPCION;6;LORETO;1014;LORETO
2;CONCEPCION;6;LORETO;1014;LORETO
2;CONCEPCION;6;LORETO;1014;LORETO
2;CONCEPCION;6;LORETO;1014;LORETO
2;CONCEPCION;6;LORETO;1015;AQUIDABAN
2;CONCEPCION;6;LORETO;1016;C. MARIA AUXILIADORA
2;CONCEPCION;6;LORETO;1017;C.SAN ALFREDO
2;CONCEPCION;6;LORETO;1018;CAÑADA
2;CONCEPCION;6;LORETO;1019;CNEL.EDUARDO SANCHEZ
2;CONCEPCION;6;LORETO;1020;COL.CNEL.MARTINEZ
2;CONCEPCION;6;LORETO;1021;COL.COE PORA
2;CONCEPCION;6;LORETO;1022;COL.GRAL.DIAZ
2;CONCEPCION;6;LORETO;1023;COL.R.L.PETTIT
2;CONCEPCION;6;LORETO;1024;COL.RECONSTRUCCION
2;CONCEPCION;6;LORETO;1025;COE PORA
2;CONCEPCION;6;LORETO;1026;DOMINGO NIGO
2;CONCEPCION;6;LORETO;1027;DOMINGO VIEJO
2;CONCEPCION;6;LORETO;1028;DOMINGUEZ
2;CONCEPCION;6;LORETO;1029;ESTANCIA AGUAI
2;CONCEPCION;6;LORETO;1030;FDO.DE LA MORA
2;CONCEPCION;6;LORETO;1031;GRAL.DIAZ
2;CONCEPCION;6;LORETO;1032;ISLERIA
2;CONCEPCION;6;LORETO;1033;JHUGUA BARRETO
2;CONCEPCION;6;LORETO;1034;JHUGUA MARIN
2;CONCEPCION;6;LORETO;1035;JHUGUA RIVAS
2;CONCEPCION;6;LORETO;1036;JHUGUA TORALES
2;CONCEPCION;6;LORETO;1037;JOSE BERGES
2;CONCEPCION;6;LORETO;1038;LAGUNA
2;CONCEPCION;6;LORETO;1039;PASO VEGA
2;CONCEPCION;6;LORETO;1040;POTRERO LAGUNA
2;CONCEPCION;6;LORETO;1041;SAN ALFONSO
2;CONCEPCION;6;LORETO;1042;TACUARITA
2;CONCEPCION;6;LORETO;1043;UGARTE CUE
2;CONCEPCION;6;LORETO;1044;YCUA PORA
2;CONCEPCION;6;LORETO;1045;YCUA SARA
2;CONCEPCION;7;HORQUETA;1046;HORQUETA
2;CONCEPCION;7;HORQUETA;1046;HORQUETA
2;CONCEPCION;7;HORQUETA;1046;HORQUETA
2;CONCEPCION;7;HORQUETA;1046;HORQUETA
2;CONCEPCION;7;HORQUETA;1046;HORQUETA
2;CONCEPCION;7;HORQUETA;1047;AGA GUYJHO
2;CONCEPCION;7;HORQUETA;1048;AGAGUIGO
2;CONCEPCION;7;HORQUETA;1049;AGUARA
2;CONCEPCION;7;HORQUETA;1050;AGUSTIN DE PINEDO
2;CONCEPCION;7;HORQUETA;1051;AGUERITO
2;CONCEPCION;7;HORQUETA;1052;ALAZAN
2;CONCEPCION;7;HORQUETA;1053;ANGELITO
2;CONCEPCION;7;HORQUETA;1054;ANGUA RUGUA
2;CONCEPCION;7;HORQUETA;1055;ARROYITO
2;CONCEPCION;7;HORQUETA;1056;ARROYO BLANCO
2;CONCEPCION;7;HORQUETA;1057;ARROYO CALE
2;CONCEPCION;7;HORQUETA;1058;ARROYO PRIMOR
2;CONCEPCION;7;HORQUETA;1059;ARROYO DE ORO
2;CONCEPCION;7;HORQUETA;1060;AZOTEY
2;CONCEPCION;7;HORQUETA;1061;BALAS CUE
2;CONCEPCION;7;HORQUETA;1062;BARRERITO
2;CONCEPCION;7;HORQUETA;1063;BELEN CUE
2;CONCEPCION;7;HORQUETA;1064;BONETE VILLALBA CUE
2;CONCEPCION;7;HORQUETA;1065;BONITA
2;CONCEPCION;7;HORQUETA;1066;BUENA VISTA
2;CONCEPCION;7;HORQUETA;1067;C.EXCOMBATIENTES
2;CONCEPCION;7;HORQUETA;1068;CAAGATA
2;CONCEPCION;7;HORQUETA;1069;CAPIIBARY
2;CONCEPCION;7;HORQUETA;1070;CAPUSY SARY
2;CONCEPCION;7;HORQUETA;1071;CARAGUATAY
2;CONCEPCION;7;HORQUETA;1072;CAROLINA
2;CONCEPCION;7;HORQUETA;1073;CAROVENI VIEJO
2;CONCEPCION;7;HORQUETA;1074;CAA YATA
2;CONCEPCION;7;HORQUETA;1075;CAÑADA
2;CONCEPCION;7;HORQUETA;1076;CERRITO
2;CONCEPCION;7;HORQUETA;1077;CERRO MEMBY
2;CONCEPCION;7;HORQUETA;1078;CERRO SARAMBY
2;CONCEPCION;7;HORQUETA;1079;COL.CUARTELERO
2;CONCEPCION;7;HORQUETA;1080;COL.H.MENDOZA
2;CONCEPCION;7;HORQUETA;1081;COL.J. M. FRUTOS
2;CONCEPCION;7;HORQUETA;1082;COL. JOSE BERGES
2;CONCEPCION;7;HORQUETA;1083;COMPAÑIA AGAGUIGO
2;CONCEPCION;7;HORQUETA;1084;COSTA CLAVEL
2;CONCEPCION;7;HORQUETA;1085;CUERO FRESCO
2;CONCEPCION;7;HORQUETA;1086;CURUZU
2;CONCEPCION;7;HORQUETA;1087;DOMINGO NIGO
2;CONCEPCION;7;HORQUETA;1088;ESTERO COSTA
2;CONCEPCION;7;HORQUETA;1089;FRACCION SIETE
2;CONCEPCION;7;HORQUETA;1090;FRACCION STEFANO
2;CONCEPCION;7;HORQUETA;1091;JHUGUA CARE
2;CONCEPCION;7;HORQUETA;1092;JHUGUA ÑU
2;CONCEPCION;7;HORQUETA;1093;JHUGUA KYA
2;CONCEPCION;7;HORQUETA;1094;JHYATY
2;CONCEPCION;7;HORQUETA;1095;JOSE BERGES
2;CONCEPCION;7;HORQUETA;1096;LAGUNA JHETA
2;CONCEPCION;7;HORQUETA;1097;LAGUNA PERE
2;CONCEPCION;7;HORQUETA;1098;LIMEÑO CUE
2;CONCEPCION;7;HORQUETA;1099;LOPE CUE Y OTRO
2;CONCEPCION;7;HORQUETA;1100;LUCERO CUE
2;CONCEPCION;7;HORQUETA;1101;MANZANILLA
2;CONCEPCION;7;HORQUETA;1102;MBUTU ÑU
2;CONCEPCION;7;HORQUETA;1103;MBY JHOBY
2;CONCEPCION;7;HORQUETA;1104;MOJON VUELTA
2;CONCEPCION;7;HORQUETA;1105;NARANJA TY
2;CONCEPCION;7;HORQUETA;1106;PALACIOS CUE
2;CONCEPCION;7;HORQUETA;1107;PASO CORA
2;CONCEPCION;7;HORQUETA;1108;PASO PYKY
2;CONCEPCION;7;HORQUETA;1109;PASO TITY
2;CONCEPCION;7;HORQUETA;1110;PASO TRANQUERA
2;CONCEPCION;7;HORQUETA;1111;PASO TYPY
2;CONCEPCION;7;HORQUETA;1112;PEGUAJHO TY
2;CONCEPCION;7;HORQUETA;1113;PEGUAJHO TYPY
2;CONCEPCION;7;HORQUETA;1114;PLANCHADA OCHO
2;CONCEPCION;7;HORQUETA;1115;PRIMAVERA
2;CONCEPCION;7;HORQUETA;1116;PUERTO TACUARA
2;CONCEPCION;7;HORQUETA;1117;PUNTA
2;CONCEPCION;7;HORQUETA;1118;RECALDE CUE
2;CONCEPCION;7;HORQUETA;1119;SOCIO CUE
2;CONCEPCION;7;HORQUETA;1120;T. GUAZU
2;CONCEPCION;7;HORQUETA;1121;TABACUE
2;CONCEPCION;7;HORQUETA;1122;TACUATI LOMA
2;CONCEPCION;7;HORQUETA;1123;TAPY TAGUA
2;CONCEPCION;7;HORQUETA;1124;TARUMA
2;CONCEPCION;7;HORQUETA;1125;TAVY LOMA
2;CONCEPCION;7;HORQUETA;1126;TUCURU
2;CONCEPCION;7;HORQUETA;1127;TOTORA
2;CONCEPCION;7;HORQUETA;1128;YACARE
2;CONCEPCION;7;HORQUETA;1129;YAGUARETE CUA
2;CONCEPCION;7;HORQUETA;1130;YBYCUI ÑU
2;CONCEPCION;7;HORQUETA;1131;YERBAL GUARAYABY
2;CONCEPCION;7;HORQUETA;1132;YPUCU
2;CONCEPCION;7;HORQUETA;1133;ZANGUINA CUE
2;CONCEPCION;7;HORQUETA;1134;ZONA A.
2;CONCEPCION;7;HORQUETA;6228;SALINAS
2;CONCEPCION;7;HORQUETA;6229;TAJHYI
2;CONCEPCION;7;HORQUETA;6230;TOPYTANGUA
2;CONCEPCION;7;HORQUETA;6231;YBY YAU
2;CONCEPCION;7;HORQUETA;6232;ZANJA CUE
2;CONCEPCION;8;SAN SALVADOR;1135;SAN SALVADOR
2;CONCEPCION;9;YBY YA'U;1136;YBY YA'U
2;CONCEPCION;9;YBY YA'U;1137;ANGELITO
2;CONCEPCION;9;YBY YA'U;1138;ARROYO 7
2;CONCEPCION;9;YBY YA'U;1139;BONETE
2;CONCEPCION;9;YBY YA'U;1140;RETIRO ZELEY
2;CONCEPCION;9;YBY YA'U;1141;CAAGATA
2;CONCEPCION;9;YBY YA'U;1142;CAROLINA
2;CONCEPCION;9;YBY YA'U;1143;CERRO ANGELITO
2;CONCEPCION;9;YBY YA'U;1144;COL. EPOE. NAL.
2;CONCEPCION;9;YBY YA'U;1145;ESTACION SAN ANTONIO
2;CONCEPCION;9;YBY YA'U;1146;JHYATY
2;CONCEPCION;9;YBY YA'U;1147;LAGUNA JHU
2;CONCEPCION;9;YBY YA'U;1148;MBOCAYA
2;CONCEPCION;9;YBY YA'U;1149;POCITO CUE
2;CONCEPCION;9;YBY YA'U;1150;PRIMAVERA
2;CONCEPCION;9;YBY YA'U;1151;RETIRO SANJITA
2;CONCEPCION;9;YBY YA'U;1152;RETIRO TAPYTA GUA
2;CONCEPCION;9;YBY YA'U;1153;RETIRO ZELEY
2;CONCEPCION;9;YBY YA'U;1154;RETIRO ÑANDUCUA
2;CONCEPCION;9;YBY YA'U;1155;SAN PEDRO
2;CONCEPCION;9;YBY YA'U;1156;SANZA RECADO
2;CONCEPCION;9;YBY YA'U;6233;ALAMBRE GUAJHA
2;CONCEPCION;9;YBY YA'U;6234;CAMPANARIO
2;CONCEPCION;9;YBY YA'U;6235;ESTACION SANGUINA
2;CONCEPCION;9;YBY YA'U;6236;RAYA VAI
2;CONCEPCION;9;YBY YA'U;6237;RUBIO CUE
2;CONCEPCION;267;SAN CARLOS DEL APA;;
2;CONCEPCION;270;SARGENTO JOSE FELIX LOPEZ;6423;SARGENTO JOSE FELIX LOPEZ
2;CONCEPCION;280;PASO BARRETO (MUNICIPIO);;
2;CONCEPCION;281;SAN ALFREDO (MUNICIPIO);;
2;CONCEPCION;282;AZOTE¿Y (MUNICIPIO);;
2;CONCEPCION;286;ARROYITO;6434;ARROYITO
3;SAN PEDRO;10;SAN PEDRO DE YCUAMANDYYU;151;TACURUTY
3;SAN PEDRO;10;SAN PEDRO DE YCUAMANDYYU;152;TAPE CAAGUY
3;SAN PEDRO;10;SAN PEDRO DE YCUAMANDYYU;153;TAYI CARE
3;SAN PEDRO;10;SAN PEDRO DE YCUAMANDYYU;154;TORO PASO
3;SAN PEDRO;10;SAN PEDRO DE YCUAMANDYYU;155;TUPI JHU
3;SAN PEDRO;10;SAN PEDRO DE YCUAMANDYYU;156;TUYU JHU
3;SAN PEDRO;10;SAN PEDRO DE YCUAMANDYYU;157;VALIENTE - CUE
3;SAN PEDRO;10;SAN PEDRO DE YCUAMANDYYU;158;VALLE - I
3;SAN PEDRO;10;SAN PEDRO DE YCUAMANDYYU;159;YACARE - ÑU
3;SAN PEDRO;10;SAN PEDRO DE YCUAMANDYYU;160;YACARE - E
3;SAN PEDRO;10;SAN PEDRO DE YCUAMANDYYU;161;YAPEPO
3;SAN PEDRO;10;SAN PEDRO DE YCUAMANDYYU;162;YCUA - PORA
3;SAN PEDRO;10;SAN PEDRO DE YCUAMANDYYU;163;YCUA CURUZU
3;SAN PEDRO;10;SAN PEDRO DE YCUAMANDYYU;164;YGATYMI
3;SAN PEDRO;10;SAN PEDRO DE YCUAMANDYYU;165;YPANE
3;SAN PEDRO;10;SAN PEDRO DE YCUAMANDYYU;166;YPAYERE
3;SAN PEDRO;10;SAN PEDRO DE YCUAMANDYYU;167;YUQUYTY
3;SAN PEDRO;10;SAN PEDRO DE YCUAMANDYYU;168;YUQUYRY GUAZU
3;SAN PEDRO;10;SAN PEDRO DE YCUAMANDYYU;169;ZANJITA
3;SAN PEDRO;10;SAN PEDRO DE YCUAMANDYYU;170;ZOLABARRIENTA
3;SAN PEDRO;10;SAN PEDRO DE YCUAMANDYYU;171;ÑANDUCUA
3;SAN PEDRO;10;SAN PEDRO DE YCUAMANDYYU;172;ÑANDUROCAY
3;SAN PEDRO;10;SAN PEDRO DE YCUAMANDYYU;173;ÑU - PORA
3;SAN PEDRO;10;SAN PEDRO DE YCUAMANDYYU;1157;SAN PEDRO DE YCUAMANDYYU
3;SAN PEDRO;10;SAN PEDRO DE YCUAMANDYYU;1157;SAN PEDRO DE YCUAMANDYYU
3;SAN PEDRO;10;SAN PEDRO DE YCUAMANDYYU;1157;SAN PEDRO DE YCUAMANDYYU
3;SAN PEDRO;10;SAN PEDRO DE YCUAMANDYYU;1157;SAN PEDRO DE YCUAMANDYYU
3;SAN PEDRO;10;SAN PEDRO DE YCUAMANDYYU;1157;SAN PEDRO DE YCUAMANDYYU
3;SAN PEDRO;10;SAN PEDRO DE YCUAMANDYYU;1157;SAN PEDRO DE YCUAMANDYYU
3;SAN PEDRO;10;SAN PEDRO DE YCUAMANDYYU;1157;SAN PEDRO DE YCUAMANDYYU
3;SAN PEDRO;10;SAN PEDRO DE YCUAMANDYYU;1157;SAN PEDRO DE YCUAMANDYYU
3;SAN PEDRO;10;SAN PEDRO DE YCUAMANDYYU;1157;SAN PEDRO DE YCUAMANDYYU
3;SAN PEDRO;10;SAN PEDRO DE YCUAMANDYYU;1158;AGUARAY - MI
3;SAN PEDRO;10;SAN PEDRO DE YCUAMANDYYU;1159;ARAZA
3;SAN PEDRO;10;SAN PEDRO DE YCUAMANDYYU;1160;ARROYO BLANCO
3;SAN PEDRO;10;SAN PEDRO DE YCUAMANDYYU;1161;BARRANQUERITA
3;SAN PEDRO;10;SAN PEDRO DE YCUAMANDYYU;1162;BUENA QUEMADA
3;SAN PEDRO;10;SAN PEDRO DE YCUAMANDYYU;1163;CACHITO - CUE
3;SAN PEDRO;10;SAN PEDRO DE YCUAMANDYYU;1164;CAMPO GRANDE
3;SAN PEDRO;10;SAN PEDRO DE YCUAMANDYYU;1165;CARANDAYTY
3;SAN PEDRO;10;SAN PEDRO DE YCUAMANDYYU;1166;CARRETILLA
3;SAN PEDRO;10;SAN PEDRO DE YCUAMANDYYU;1167;CAYE LOMA
3;SAN PEDRO;10;SAN PEDRO DE YCUAMANDYYU;1168;CAÑADA
3;SAN PEDRO;10;SAN PEDRO DE YCUAMANDYYU;1169;CENIZAL
3;SAN PEDRO;10;SAN PEDRO DE YCUAMANDYYU;1170;CERRITO
3;SAN PEDRO;10;SAN PEDRO DE YCUAMANDYYU;1171;CHACO - I
3;SAN PEDRO;10;SAN PEDRO DE YCUAMANDYYU;1172;CHALO - CUE
3;SAN PEDRO;10;SAN PEDRO DE YCUAMANDYYU;1173;CHAURIA
3;SAN PEDRO;10;SAN PEDRO DE YCUAMANDYYU;1174;CIERVO BARRERO
3;SAN PEDRO;10;SAN PEDRO DE YCUAMANDYYU;1175;COL. SAN BLAS
3;SAN PEDRO;10;SAN PEDRO DE YCUAMANDYYU;1176;COL. SAN PABLO
3;SAN PEDRO;10;SAN PEDRO DE YCUAMANDYYU;1177;COL. SUSANA
3;SAN PEDRO;10;SAN PEDRO DE YCUAMANDYYU;1178;CORREA RUGUA
3;SAN PEDRO;10;SAN PEDRO DE YCUAMANDYYU;1179;COSTA PUCU
3;SAN PEDRO;10;SAN PEDRO DE YCUAMANDYYU;1180;CURUPAYTY
3;SAN PEDRO;10;SAN PEDRO DE YCUAMANDYYU;1181;CABAYU CARUJHA
3;SAN PEDRO;10;SAN PEDRO DE YCUAMANDYYU;1182;DIEGO LOMA
3;SAN PEDRO;10;SAN PEDRO DE YCUAMANDYYU;1183;DOME - CUE
3;SAN PEDRO;10;SAN PEDRO DE YCUAMANDYYU;1184;DOMINGUEZ - CUE
3;SAN PEDRO;10;SAN PEDRO DE YCUAMANDYYU;1185;ESTACION ITACURUBI
3;SAN PEDRO;10;SAN PEDRO DE YCUAMANDYYU;1186;GIMENEZ - CUE
3;SAN PEDRO;10;SAN PEDRO DE YCUAMANDYYU;1187;ISLA ALTA
3;SAN PEDRO;10;SAN PEDRO DE YCUAMANDYYU;1188;ISLA CUBA Y OTRO
3;SAN PEDRO;10;SAN PEDRO DE YCUAMANDYYU;1189;ISLA CUÑA
3;SAN PEDRO;10;SAN PEDRO DE YCUAMANDYYU;1190;ITACURU
3;SAN PEDRO;10;SAN PEDRO DE YCUAMANDYYU;1191;JEJUI
3;SAN PEDRO;10;SAN PEDRO DE YCUAMANDYYU;1192;JHUGUA I
3;SAN PEDRO;10;SAN PEDRO DE YCUAMANDYYU;1193;JHUGUA - GUAZU
3;SAN PEDRO;10;SAN PEDRO DE YCUAMANDYYU;1194;JHUGUA COSTA
3;SAN PEDRO;10;SAN PEDRO DE YCUAMANDYYU;1195;LA NIÑA
3;SAN PEDRO;10;SAN PEDRO DE YCUAMANDYYU;1196;LAGUNA VERA
3;SAN PEDRO;10;SAN PEDRO DE YCUAMANDYYU;1197;LOMA TACUARA
3;SAN PEDRO;10;SAN PEDRO DE YCUAMANDYYU;1198;MBOIY
3;SAN PEDRO;10;SAN PEDRO DE YCUAMANDYYU;1199;MBOPICUA
3;SAN PEDRO;10;SAN PEDRO DE YCUAMANDYYU;1200;MBOREBI COSTA
3;SAN PEDRO;10;SAN PEDRO DE YCUAMANDYYU;1201;MERCADO LOMA
3;SAN PEDRO;10;SAN PEDRO DE YCUAMANDYYU;1202;MONTANIA RUGUA
3;SAN PEDRO;10;SAN PEDRO DE YCUAMANDYYU;1203;MONTE CAAGUY
3;SAN PEDRO;10;SAN PEDRO DE YCUAMANDYYU;1204;MONTE GRANDE
3;SAN PEDRO;10;SAN PEDRO DE YCUAMANDYYU;1205;MONTIEL LOMA
3;SAN PEDRO;10;SAN PEDRO DE YCUAMANDYYU;1206;MONTIEL - CUE
3;SAN PEDRO;10;SAN PEDRO DE YCUAMANDYYU;1207;MORALES - CUE
3;SAN PEDRO;10;SAN PEDRO DE YCUAMANDYYU;1208;NARANJA TY
3;SAN PEDRO;10;SAN PEDRO DE YCUAMANDYYU;1209;PAVON - CUE
3;SAN PEDRO;10;SAN PEDRO DE YCUAMANDYYU;1210;PETRONITA
3;SAN PEDRO;10;SAN PEDRO DE YCUAMANDYYU;1211;PINOZA
3;SAN PEDRO;10;SAN PEDRO DE YCUAMANDYYU;1212;PIRIPUCU
3;SAN PEDRO;10;SAN PEDRO DE YCUAMANDYYU;1213;POTRERO NOVILLO
3;SAN PEDRO;10;SAN PEDRO DE YCUAMANDYYU;1214;POTRERO PORA
3;SAN PEDRO;10;SAN PEDRO DE YCUAMANDYYU;1215;POTRERO PUCU
3;SAN PEDRO;10;SAN PEDRO DE YCUAMANDYYU;1216;POTRERO PY
3;SAN PEDRO;10;SAN PEDRO DE YCUAMANDYYU;1217;PUERTO CAAGUY
3;SAN PEDRO;10;SAN PEDRO DE YCUAMANDYYU;1218;PUERTO JEJUI
3;SAN PEDRO;10;SAN PEDRO DE YCUAMANDYYU;1219;PUERTO MI
3;SAN PEDRO;10;SAN PEDRO DE YCUAMANDYYU;1220;PUERTO YBAPOBO
3;SAN PEDRO;10;SAN PEDRO DE YCUAMANDYYU;1221;QUIÑONEZ - CUE
3;SAN PEDRO;10;SAN PEDRO DE YCUAMANDYYU;1222;ROSARIO LOMA
3;SAN PEDRO;10;SAN PEDRO DE YCUAMANDYYU;1223;RUGUA
3;SAN PEDRO;10;SAN PEDRO DE YCUAMANDYYU;1224;SAN ANTONIO
3;SAN PEDRO;10;SAN PEDRO DE YCUAMANDYYU;1225;SAN DIEGO LOMA
3;SAN PEDRO;10;SAN PEDRO DE YCUAMANDYYU;1226;SAN MIGUEL
3;SAN PEDRO;10;SAN PEDRO DE YCUAMANDYYU;1227;SANTA ROSA
3;SAN PEDRO;10;SAN PEDRO DE YCUAMANDYYU;6162;SARGENTO LOMA
3;SAN PEDRO;10;SAN PEDRO DE YCUAMANDYYU;6163;TUPI PYTA
3;SAN PEDRO;10;SAN PEDRO DE YCUAMANDYYU;6164;YACARE ÑEE
3;SAN PEDRO;10;SAN PEDRO DE YCUAMANDYYU;6165;YCUA MANDIYU
3;SAN PEDRO;10;SAN PEDRO DE YCUAMANDYYU;6165;YCUA MANDIYU
3;SAN PEDRO;10;SAN PEDRO DE YCUAMANDYYU;6165;YCUA MANDIYU
3;SAN PEDRO;10;SAN PEDRO DE YCUAMANDYYU;6165;YCUA MANDIYU
3;SAN PEDRO;10;SAN PEDRO DE YCUAMANDYYU;6166;YVAJHAI
3;SAN PEDRO;10;SAN PEDRO DE YCUAMANDYYU;6238;AGUARAY SECO
3;SAN PEDRO;10;SAN PEDRO DE YCUAMANDYYU;6239;CAAPUCU - MI
3;SAN PEDRO;10;SAN PEDRO DE YCUAMANDYYU;6240;CASTILLO - CUE
3;SAN PEDRO;11;ANTEQUERA;174;ANTEQUERA
3;SAN PEDRO;11;ANTEQUERA;174;ANTEQUERA
3;SAN PEDRO;11;ANTEQUERA;174;ANTEQUERA
3;SAN PEDRO;11;ANTEQUERA;174;ANTEQUERA
3;SAN PEDRO;11;ANTEQUERA;175;COL. ANTEQUERA
3;SAN PEDRO;11;ANTEQUERA;176;PINOZA
3;SAN PEDRO;12;GRAL. E.AQUINO;177;GRAL. E.AQUINO
3;SAN PEDRO;12;GRAL. E.AQUINO;177;GRAL. E.AQUINO
3;SAN PEDRO;12;GRAL. E.AQUINO;177;GRAL. E.AQUINO
3;SAN PEDRO;12;GRAL. E.AQUINO;177;GRAL. E.AQUINO
3;SAN PEDRO;12;GRAL. E.AQUINO;177;GRAL. E.AQUINO
3;SAN PEDRO;12;GRAL. E.AQUINO;177;GRAL. E.AQUINO
3;SAN PEDRO;12;GRAL. E.AQUINO;177;GRAL. E.AQUINO
3;SAN PEDRO;12;GRAL. E.AQUINO;177;GRAL. E.AQUINO
3;SAN PEDRO;12;GRAL. E.AQUINO;177;GRAL. E.AQUINO
3;SAN PEDRO;12;GRAL. E.AQUINO;177;GRAL. E.AQUINO
3;SAN PEDRO;12;GRAL. E.AQUINO;177;GRAL. E.AQUINO
3;SAN PEDRO;12;GRAL. E.AQUINO;178;1RO. DE MARZO
3;SAN PEDRO;12;GRAL. E.AQUINO;179;AGUILERA CUE
3;SAN PEDRO;12;GRAL. E.AQUINO;180;ARAZA
3;SAN PEDRO;12;GRAL. E.AQUINO;181;ARAZAPETY
3;SAN PEDRO;12;GRAL. E.AQUINO;182;CHAMORRO CUE
3;SAN PEDRO;12;GRAL. E.AQUINO;183;COL. GRAL. AQUINO
3;SAN PEDRO;12;GRAL. E.AQUINO;184;COL. MBATETE
3;SAN PEDRO;12;GRAL. E.AQUINO;185;COL. SAN JOSE
3;SAN PEDRO;12;GRAL. E.AQUINO;186;COL. TRANQUERA
3;SAN PEDRO;12;GRAL. E.AQUINO;187;COL. TRINAQUIA
3;SAN PEDRO;12;GRAL. E.AQUINO;188;COL. YURUHEI
3;SAN PEDRO;12;GRAL. E.AQUINO;189;JHUGUA POI
3;SAN PEDRO;12;GRAL. E.AQUINO;190;MANDIYUTY CUE
3;SAN PEDRO;12;GRAL. E.AQUINO;191;MUNICIPIO
3;SAN PEDRO;12;GRAL. E.AQUINO;192;OCIOSO
3;SAN PEDRO;12;GRAL. E.AQUINO;193;PARAY
3;SAN PEDRO;12;GRAL. E.AQUINO;194;PINDOTY
3;SAN PEDRO;12;GRAL. E.AQUINO;195;POLENTO CUE
3;SAN PEDRO;12;GRAL. E.AQUINO;196;POTRERO - CUE
3;SAN PEDRO;12;GRAL. E.AQUINO;197;REDONDO
3;SAN PEDRO;12;GRAL. E.AQUINO;198;SAN FRANCISCO
3;SAN PEDRO;12;GRAL. E.AQUINO;199;SAN PEDRO
3;SAN PEDRO;12;GRAL. E.AQUINO;200;SANTA CLARA
3;SAN PEDRO;12;GRAL. E.AQUINO;201;VALLE - MI
3;SAN PEDRO;12;GRAL. E.AQUINO;202;YCUA PINDO
3;SAN PEDRO;12;GRAL. E.AQUINO;203;YURUJHEI
3;SAN PEDRO;12;GRAL. E.AQUINO;204;ÑANDEYARA
3;SAN PEDRO;12;GRAL. E.AQUINO;205;ÑANDUEVA - I
3;SAN PEDRO;13;ITACURUBI DEL ROSARIO;206;ITACURUBI DEL ROSARIO
3;SAN PEDRO;13;ITACURUBI DEL ROSARIO;207;AGUAPEY
3;SAN PEDRO;13;ITACURUBI DEL ROSARIO;208;AGUAY - CUE
3;SAN PEDRO;13;ITACURUBI DEL ROSARIO;209;AMANECER
3;SAN PEDRO;13;ITACURUBI DEL ROSARIO;210;AZCURRA
3;SAN PEDRO;13;ITACURUBI DEL ROSARIO;211;BARRERO
3;SAN PEDRO;13;ITACURUBI DEL ROSARIO;212;BOLAS - CUA
3;SAN PEDRO;13;ITACURUBI DEL ROSARIO;213;BOQUERON
3;SAN PEDRO;13;ITACURUBI DEL ROSARIO;214;CABAYU RAY CARAJHU
3;SAN PEDRO;13;ITACURUBI DEL ROSARIO;215;CABAYU ROY
3;SAN PEDRO;13;ITACURUBI DEL ROSARIO;216;CAPILLA JHUGUA
3;SAN PEDRO;13;ITACURUBI DEL ROSARIO;217;CAPILLA LOMA
3;SAN PEDRO;13;ITACURUBI DEL ROSARIO;218;CAPILLA RUGUA
3;SAN PEDRO;13;ITACURUBI DEL ROSARIO;219;CARIY
3;SAN PEDRO;13;ITACURUBI DEL ROSARIO;220;CAROLINA
3;SAN PEDRO;13;ITACURUBI DEL ROSARIO;221;COL. A. CATIGLIONI
3;SAN PEDRO;13;ITACURUBI DEL ROSARIO;222;COL. CHORE
3;SAN PEDRO;13;ITACURUBI DEL ROSARIO;223;COL. COSTA GALVAN
3;SAN PEDRO;13;ITACURUBI DEL ROSARIO;224;COL. FRIESLAND
3;SAN PEDRO;13;ITACURUBI DEL ROSARIO;225;COL. GUERRA DEL CHACO
3;SAN PEDRO;13;ITACURUBI DEL ROSARIO;226;COL. JHUGUA
3;SAN PEDRO;13;ITACURUBI DEL ROSARIO;227;COL. LIBERACION
3;SAN PEDRO;13;ITACURUBI DEL ROSARIO;228;COL. SAN ROQUE
3;SAN PEDRO;13;ITACURUBI DEL ROSARIO;229;COL. TUYANGO
3;SAN PEDRO;13;ITACURUBI DEL ROSARIO;230;COL. VALLEMI
3;SAN PEDRO;13;ITACURUBI DEL ROSARIO;231;CORRALES
3;SAN PEDRO;13;ITACURUBI DEL ROSARIO;232;CURUZU - ÑU
3;SAN PEDRO;13;ITACURUBI DEL ROSARIO;233;FRANCO - CUE
3;SAN PEDRO;13;ITACURUBI DEL ROSARIO;234;GUARIA RUGUA
3;SAN PEDRO;13;ITACURUBI DEL ROSARIO;235;GUYRATY
3;SAN PEDRO;13;ITACURUBI DEL ROSARIO;236;ISLA CARAYA
3;SAN PEDRO;13;ITACURUBI DEL ROSARIO;237;ISLA CURUZU
3;SAN PEDRO;13;ITACURUBI DEL ROSARIO;238;ISLA GUAZU
3;SAN PEDRO;13;ITACURUBI DEL ROSARIO;239;ISLERIAS
3;SAN PEDRO;13;ITACURUBI DEL ROSARIO;240;ITA PORA
3;SAN PEDRO;13;ITACURUBI DEL ROSARIO;241;JHUGUA REY
3;SAN PEDRO;13;ITACURUBI DEL ROSARIO;242;LAGUNA MOJON
3;SAN PEDRO;13;ITACURUBI DEL ROSARIO;243;LAS DOS MARIAS
3;SAN PEDRO;13;ITACURUBI DEL ROSARIO;244;MARTINEZ - CUE
3;SAN PEDRO;13;ITACURUBI DEL ROSARIO;245;MBARETE
3;SAN PEDRO;13;ITACURUBI DEL ROSARIO;246;MBOCAYATY
3;SAN PEDRO;13;ITACURUBI DEL ROSARIO;247;MBOCAYA
3;SAN PEDRO;13;ITACURUBI DEL ROSARIO;248;NAVIDAD
3;SAN PEDRO;13;ITACURUBI DEL ROSARIO;249;NEGRO - CUE
3;SAN PEDRO;13;ITACURUBI DEL ROSARIO;250;OCIOSO
3;SAN PEDRO;13;ITACURUBI DEL ROSARIO;251;OVECHA RETA
3;SAN PEDRO;13;ITACURUBI DEL ROSARIO;252;PEGUAJHO
3;SAN PEDRO;13;ITACURUBI DEL ROSARIO;253;PICADA
3;SAN PEDRO;13;ITACURUBI DEL ROSARIO;254;PICADA DEL PUEBLO
3;SAN PEDRO;13;ITACURUBI DEL ROSARIO;255;PIRAY
3;SAN PEDRO;13;ITACURUBI DEL ROSARIO;256;PIRAYUI
3;SAN PEDRO;13;ITACURUBI DEL ROSARIO;257;PLATERO - CUE
3;SAN PEDRO;13;ITACURUBI DEL ROSARIO;258;QUIRAITY
3;SAN PEDRO;13;ITACURUBI DEL ROSARIO;259;QUIRATY Y OTROS
3;SAN PEDRO;13;ITACURUBI DEL ROSARIO;260;RIO RUGUA
3;SAN PEDRO;13;ITACURUBI DEL ROSARIO;261;RIVEROS - CUE
3;SAN PEDRO;13;ITACURUBI DEL ROSARIO;262;RODEO TAYI
3;SAN PEDRO;13;ITACURUBI DEL ROSARIO;263;SAN PEDRO
3;SAN PEDRO;13;ITACURUBI DEL ROSARIO;264;SANTA LUCIA
3;SAN PEDRO;13;ITACURUBI DEL ROSARIO;265;TAPARI
3;SAN PEDRO;13;ITACURUBI DEL ROSARIO;266;TAPIRACUAI
3;SAN PEDRO;13;ITACURUBI DEL ROSARIO;267;VACA JHU
3;SAN PEDRO;13;ITACURUBI DEL ROSARIO;2149;VENTURA - CUE
3;SAN PEDRO;13;ITACURUBI DEL ROSARIO;2150;YURUJHEI
3;SAN PEDRO;13;ITACURUBI DEL ROSARIO;6307;YTATY
3;SAN PEDRO;14;SAN ESTANISLAO (SANTANI);334;ARROYO SAN JOSE
3;SAN PEDRO;14;SAN ESTANISLAO (SANTANI);335;BARRIENTOS - CUE
3;SAN PEDRO;14;SAN ESTANISLAO (SANTANI);336;BOGADO - CUE
3;SAN PEDRO;14;SAN ESTANISLAO (SANTANI);337;CABEZADA
3;SAN PEDRO;14;SAN ESTANISLAO (SANTANI);338;CAIVO
3;SAN PEDRO;14;SAN ESTANISLAO (SANTANI);339;CAMPO DE ITAPEY
3;SAN PEDRO;14;SAN ESTANISLAO (SANTANI);340;CANGUERY
3;SAN PEDRO;14;SAN ESTANISLAO (SANTANI);341;CAPIIBARY
3;SAN PEDRO;14;SAN ESTANISLAO (SANTANI);342;CARABIY
3;SAN PEDRO;14;SAN ESTANISLAO (SANTANI);343;CARANDY POTRERO
3;SAN PEDRO;14;SAN ESTANISLAO (SANTANI);344;CARAPICUA
3;SAN PEDRO;14;SAN ESTANISLAO (SANTANI);345;CAÑADA DE LOURDES
3;SAN PEDRO;14;SAN ESTANISLAO (SANTANI);346;CENIZAL
3;SAN PEDRO;14;SAN ESTANISLAO (SANTANI);347;CERRITO
3;SAN PEDRO;14;SAN ESTANISLAO (SANTANI);348;CERRITO APEPU
3;SAN PEDRO;14;SAN ESTANISLAO (SANTANI);349;PERRO PAU
3;SAN PEDRO;14;SAN ESTANISLAO (SANTANI);350;COE POTI
3;SAN PEDRO;14;SAN ESTANISLAO (SANTANI);351;COE PYTA
3;SAN PEDRO;14;SAN ESTANISLAO (SANTANI);352;COL. CARPA - CUE
3;SAN PEDRO;14;SAN ESTANISLAO (SANTANI);353;COL. DEFENSORES DEL CHACO
3;SAN PEDRO;14;SAN ESTANISLAO (SANTANI);354;COL. J.R. CHAVEZ
3;SAN PEDRO;14;SAN ESTANISLAO (SANTANI);355;COL. NATIVIDAD
3;SAN PEDRO;14;SAN ESTANISLAO (SANTANI);356;COL. REP. DEL NORTE
3;SAN PEDRO;14;SAN ESTANISLAO (SANTANI);357;COL. REPATRIADOS
3;SAN PEDRO;14;SAN ESTANISLAO (SANTANI);358;COL. COE POTY
3;SAN PEDRO;14;SAN ESTANISLAO (SANTANI);359;COSTA PUCU
3;SAN PEDRO;14;SAN ESTANISLAO (SANTANI);360;CUPI - I
3;SAN PEDRO;14;SAN ESTANISLAO (SANTANI);361;CARDENAS
3;SAN PEDRO;14;SAN ESTANISLAO (SANTANI);362;ESCALERA - CUE
3;SAN PEDRO;14;SAN ESTANISLAO (SANTANI);363;ESTERO PEGUAJHO
3;SAN PEDRO;14;SAN ESTANISLAO (SANTANI);364;GIMENEZ
3;SAN PEDRO;14;SAN ESTANISLAO (SANTANI);365;GUAICA
3;SAN PEDRO;14;SAN ESTANISLAO (SANTANI);366;GUAY CURUGUA
3;SAN PEDRO;14;SAN ESTANISLAO (SANTANI);367;GUAZURETA
3;SAN PEDRO;14;SAN ESTANISLAO (SANTANI);368;GUAZU RETA
3;SAN PEDRO;14;SAN ESTANISLAO (SANTANI);369;HACHITA
3;SAN PEDRO;14;SAN ESTANISLAO (SANTANI);370;INDALECIO - CUE
3;SAN PEDRO;14;SAN ESTANISLAO (SANTANI);371;INDUSTRIAL - CUE
3;SAN PEDRO;14;SAN ESTANISLAO (SANTANI);372;ISLA GUAZU
3;SAN PEDRO;14;SAN ESTANISLAO (SANTANI);373;ISLA YATEBU
3;SAN PEDRO;14;SAN ESTANISLAO (SANTANI);374;ITA BEBU
3;SAN PEDRO;14;SAN ESTANISLAO (SANTANI);375;ITAPEY
3;SAN PEDRO;14;SAN ESTANISLAO (SANTANI);376;ITAY
3;SAN PEDRO;14;SAN ESTANISLAO (SANTANI);377;JARDIN
3;SAN PEDRO;14;SAN ESTANISLAO (SANTANI);378;JHU
3;SAN PEDRO;14;SAN ESTANISLAO (SANTANI);379;JUSTO - CUE
3;SAN PEDRO;14;SAN ESTANISLAO (SANTANI);380;LAGUNA PYTA
3;SAN PEDRO;14;SAN ESTANISLAO (SANTANI);381;LOMA FLORIDA
3;SAN PEDRO;14;SAN ESTANISLAO (SANTANI);382;MARTINEZ - CUE
3;SAN PEDRO;14;SAN ESTANISLAO (SANTANI);383;MBARIGUI
3;SAN PEDRO;14;SAN ESTANISLAO (SANTANI);384;MBOY
3;SAN PEDRO;14;SAN ESTANISLAO (SANTANI);385;MBURICA POTRERO
3;SAN PEDRO;14;SAN ESTANISLAO (SANTANI);386;MBUTUY
3;SAN PEDRO;14;SAN ESTANISLAO (SANTANI);387;MOIY LOMA
3;SAN PEDRO;14;SAN ESTANISLAO (SANTANI);388;MOJON
3;SAN PEDRO;14;SAN ESTANISLAO (SANTANI);389;MONTE
3;SAN PEDRO;14;SAN ESTANISLAO (SANTANI);390;MONTE ALTO
3;SAN PEDRO;14;SAN ESTANISLAO (SANTANI);391;MOVIRE TOQUE
3;SAN PEDRO;14;SAN ESTANISLAO (SANTANI);392;MUNICIPIO
3;SAN PEDRO;14;SAN ESTANISLAO (SANTANI);393;NARANJATY APUA
3;SAN PEDRO;14;SAN ESTANISLAO (SANTANI);394;NAVIDAD
3;SAN PEDRO;14;SAN ESTANISLAO (SANTANI);395;NOGUEIRE - CUE
3;SAN PEDRO;14;SAN ESTANISLAO (SANTANI);396;NOVIRETA - CUE
3;SAN PEDRO;14;SAN ESTANISLAO (SANTANI);397;NOVIRETA
3;SAN PEDRO;14;SAN ESTANISLAO (SANTANI);398;OCULTO
3;SAN PEDRO;14;SAN ESTANISLAO (SANTANI);399;ORTELLADO - CUE
3;SAN PEDRO;14;SAN ESTANISLAO (SANTANI);400;ORUE - CUE
3;SAN PEDRO;14;SAN ESTANISLAO (SANTANI);401;OVANDO - CUE
3;SAN PEDRO;14;SAN ESTANISLAO (SANTANI);402;PANAMBI
3;SAN PEDRO;14;SAN ESTANISLAO (SANTANI);403;PARAJE CARABY
3;SAN PEDRO;14;SAN ESTANISLAO (SANTANI);404;PARAJE GUAICA
3;SAN PEDRO;14;SAN ESTANISLAO (SANTANI);405;PARAJE YBU
3;SAN PEDRO;14;SAN ESTANISLAO (SANTANI);406;PEREZ - CUE
3;SAN PEDRO;14;SAN ESTANISLAO (SANTANI);407;PETY DY
3;SAN PEDRO;14;SAN ESTANISLAO (SANTANI);408;PINDOSA
3;SAN PEDRO;14;SAN ESTANISLAO (SANTANI);409;PINDOTI
3;SAN PEDRO;14;SAN ESTANISLAO (SANTANI);410;PINDURA
3;SAN PEDRO;14;SAN ESTANISLAO (SANTANI);411;POTRERO
3;SAN PEDRO;14;SAN ESTANISLAO (SANTANI);412;POTRERO OSUNA
3;SAN PEDRO;14;SAN ESTANISLAO (SANTANI);413;POTRERO POI
3;SAN PEDRO;14;SAN ESTANISLAO (SANTANI);414;POTRERO YBATE
3;SAN PEDRO;14;SAN ESTANISLAO (SANTANI);415;PUESTO LAUREL
3;SAN PEDRO;14;SAN ESTANISLAO (SANTANI);416;QUIÑONEZ - CUE
3;SAN PEDRO;14;SAN ESTANISLAO (SANTANI);417;RIO CORRIENTES
3;SAN PEDRO;14;SAN ESTANISLAO (SANTANI);418;RUA
3;SAN PEDRO;14;SAN ESTANISLAO (SANTANI);419;SAMUHU
3;SAN PEDRO;14;SAN ESTANISLAO (SANTANI);420;SAN ANTONIO
3;SAN PEDRO;14;SAN ESTANISLAO (SANTANI);421;SAN CARLOS
3;SAN PEDRO;14;SAN ESTANISLAO (SANTANI);422;SAN ISIDRO
3;SAN PEDRO;14;SAN ESTANISLAO (SANTANI);423;SAN JOAQUIN
3;SAN PEDRO;14;SAN ESTANISLAO (SANTANI);424;SAN JUAN
3;SAN PEDRO;14;SAN ESTANISLAO (SANTANI);425;SAN RAFAEL
3;SAN PEDRO;14;SAN ESTANISLAO (SANTANI);426;SANTA ANA
3;SAN PEDRO;14;SAN ESTANISLAO (SANTANI);427;SANTA BARBARA
3;SAN PEDRO;14;SAN ESTANISLAO (SANTANI);428;SANTA ROSA
3;SAN PEDRO;14;SAN ESTANISLAO (SANTANI);429;SANTA TERESA
3;SAN PEDRO;14;SAN ESTANISLAO (SANTANI);430;SIRA TY
3;SAN PEDRO;14;SAN ESTANISLAO (SANTANI);431;SOMURIO
3;SAN PEDRO;14;SAN ESTANISLAO (SANTANI);432;SYRATY
3;SAN PEDRO;14;SAN ESTANISLAO (SANTANI);433;TABAI
3;SAN PEDRO;14;SAN ESTANISLAO (SANTANI);434;TACUAPI-I
3;SAN PEDRO;14;SAN ESTANISLAO (SANTANI);435;TACUARAS
3;SAN PEDRO;14;SAN ESTANISLAO (SANTANI);436;TACURUTY
3;SAN PEDRO;14;SAN ESTANISLAO (SANTANI);437;TANARA
3;SAN PEDRO;14;SAN ESTANISLAO (SANTANI);438;TOBAY
3;SAN PEDRO;14;SAN ESTANISLAO (SANTANI);439;TORIN - CUE
3;SAN PEDRO;14;SAN ESTANISLAO (SANTANI);440;TORO PIRU
3;SAN PEDRO;14;SAN ESTANISLAO (SANTANI);441;VACA JHU
3;SAN PEDRO;14;SAN ESTANISLAO (SANTANI);442;VACA RETA
3;SAN PEDRO;14;SAN ESTANISLAO (SANTANI);443;VILLAR - CUE
3;SAN PEDRO;14;SAN ESTANISLAO (SANTANI);444;YACAREY
3;SAN PEDRO;14;SAN ESTANISLAO (SANTANI);445;YAGUARETA
3;SAN PEDRO;14;SAN ESTANISLAO (SANTANI);446;YATAITY
3;SAN PEDRO;14;SAN ESTANISLAO (SANTANI);447;YBAREG
3;SAN PEDRO;14;SAN ESTANISLAO (SANTANI);448;YBARUNDY
3;SAN PEDRO;14;SAN ESTANISLAO (SANTANI);449;YBYRAYU
3;SAN PEDRO;14;SAN ESTANISLAO (SANTANI);450;YBYRA
3;SAN PEDRO;14;SAN ESTANISLAO (SANTANI);451;YBU
3;SAN PEDRO;14;SAN ESTANISLAO (SANTANI);452;YCUA RUGUA
3;SAN PEDRO;14;SAN ESTANISLAO (SANTANI);453;YERBAL
3;SAN PEDRO;14;SAN ESTANISLAO (SANTANI);454;YERBAL LAUREL
3;SAN PEDRO;14;SAN ESTANISLAO (SANTANI);455;YERBAL PINDO
3;SAN PEDRO;14;SAN ESTANISLAO (SANTANI);456;YERBAL POTRERITO
3;SAN PEDRO;14;SAN ESTANISLAO (SANTANI);457;YSATY TUYA
3;SAN PEDRO;14;SAN ESTANISLAO (SANTANI);458;YTAPEBY
3;SAN PEDRO;14;SAN ESTANISLAO (SANTANI);459;YTAPY
3;SAN PEDRO;14;SAN ESTANISLAO (SANTANI);460;ZANJA JHU
3;SAN PEDRO;14;SAN ESTANISLAO (SANTANI);461;ZONA A
3;SAN PEDRO;14;SAN ESTANISLAO (SANTANI);462;ZONA YACARE
3;SAN PEDRO;14;SAN ESTANISLAO (SANTANI);463;ÑANDY PA
3;SAN PEDRO;14;SAN ESTANISLAO (SANTANI);464;ÑATIURYMI
3;SAN PEDRO;14;SAN ESTANISLAO (SANTANI);465;ÑU PYHAJHU
3;SAN PEDRO;14;SAN ESTANISLAO (SANTANI);466;ÑUMI
3;SAN PEDRO;14;SAN ESTANISLAO (SANTANI);467;ÑU POI
3;SAN PEDRO;14;SAN ESTANISLAO (SANTANI);2151;SAN ESTANISLAO
3;SAN PEDRO;14;SAN ESTANISLAO (SANTANI);2151;SAN ESTANISLAO
3;SAN PEDRO;14;SAN ESTANISLAO (SANTANI);2151;SAN ESTANISLAO
3;SAN PEDRO;14;SAN ESTANISLAO (SANTANI);2151;SAN ESTANISLAO
3;SAN PEDRO;14;SAN ESTANISLAO (SANTANI);2151;SAN ESTANISLAO
3;SAN PEDRO;14;SAN ESTANISLAO (SANTANI);2151;SAN ESTANISLAO
3;SAN PEDRO;14;SAN ESTANISLAO (SANTANI);2151;SAN ESTANISLAO
3;SAN PEDRO;14;SAN ESTANISLAO (SANTANI);2152;12 DE DICIEMBRE
3;SAN PEDRO;14;SAN ESTANISLAO (SANTANI);2153;APARAU
3;SAN PEDRO;14;SAN ESTANISLAO (SANTANI);6178;YBYRABY
3;SAN PEDRO;14;SAN ESTANISLAO (SANTANI);6179;YCYA POI
3;SAN PEDRO;14;SAN ESTANISLAO (SANTANI);6180;YHU
3;SAN PEDRO;14;SAN ESTANISLAO (SANTANI);6181;YURU CAI
3;SAN PEDRO;14;SAN ESTANISLAO (SANTANI);6182;ZONA Y SAN JOSE
3;SAN PEDRO;15;LIMA;468;AGUARAY GUAZU
3;SAN PEDRO;15;LIMA;469;ASTIGARRAGA - CUE
3;SAN PEDRO;15;LIMA;470;AÑARETA
3;SAN PEDRO;15;LIMA;471;CAPIITINDY
3;SAN PEDRO;15;LIMA;472;CARAI  TUYA
3;SAN PEDRO;15;LIMA;473;CEDRON - CUE
3;SAN PEDRO;15;LIMA;474;COL. MAYOR HERMOSA
3;SAN PEDRO;15;LIMA;475;COL. SUSANA
3;SAN PEDRO;15;LIMA;476;COL. YBYPE
3;SAN PEDRO;15;LIMA;477;COSTA PUCU
3;SAN PEDRO;15;LIMA;478;ISLA SALE
3;SAN PEDRO;15;LIMA;479;ITANARA
3;SAN PEDRO;15;LIMA;480;LIMA - TUYA
3;SAN PEDRO;15;LIMA;481;MARTINEZ - CUE
3;SAN PEDRO;15;LIMA;482;MBOCAYATY
3;SAN PEDRO;15;LIMA;483;ORQUETA
3;SAN PEDRO;15;LIMA;484;REDUCCION - CUE
3;SAN PEDRO;15;LIMA;485;RINCONADA
3;SAN PEDRO;15;LIMA;486;ROSA DE AGUARA
3;SAN PEDRO;15;LIMA;487;SAN JOSE
3;SAN PEDRO;15;LIMA;488;SANTA MARIA
3;SAN PEDRO;15;LIMA;489;SANTA ROSA
3;SAN PEDRO;15;LIMA;490;SEP. CUAPE CUAPUCU
3;SAN PEDRO;15;LIMA;491;SEPULTURA
3;SAN PEDRO;15;LIMA;492;YUQUERY
3;SAN PEDRO;15;LIMA;6183;LIMA
3;SAN PEDRO;15;LIMA;6183;LIMA
3;SAN PEDRO;15;LIMA;6183;LIMA
3;SAN PEDRO;15;LIMA;6184;BOCA - CUE
3;SAN PEDRO;15;LIMA;6185;COL. NARANJITO
3;SAN PEDRO;15;LIMA;6186;LAGUNA - CUE
3;SAN PEDRO;15;LIMA;6187;PASO TUNA
3;SAN PEDRO;15;LIMA;6188;SAN RAMON Y OTROS
3;SAN PEDRO;15;LIMA;6189;ÑUAY
3;SAN PEDRO;16;NUEVA GERMANIA;493;NUEVA GERMANIA
3;SAN PEDRO;16;NUEVA GERMANIA;494;CHACO-I
3;SAN PEDRO;16;NUEVA GERMANIA;495;CHAMORRO CUE
3;SAN PEDRO;16;NUEVA GERMANIA;496;COL. NUEVA ITALIA
3;SAN PEDRO;16;NUEVA GERMANIA;497;COSTA NORTE
3;SAN PEDRO;16;NUEVA GERMANIA;498;LAGUNA BLANCA
3;SAN PEDRO;16;NUEVA GERMANIA;499;RINCON
3;SAN PEDRO;16;NUEVA GERMANIA;500;SANTA ROSA
3;SAN PEDRO;16;NUEVA GERMANIA;6190;COL. NUEVA GERMANIA
3;SAN PEDRO;16;NUEVA GERMANIA;6191;TACURUTY
3;SAN PEDRO;17;TACUATI;501;TACUATI
3;SAN PEDRO;17;TACUATI;501;TACUATI
3;SAN PEDRO;17;TACUATI;501;TACUATI
3;SAN PEDRO;17;TACUATI;501;TACUATI
3;SAN PEDRO;17;TACUATI;501;TACUATI
3;SAN PEDRO;17;TACUATI;501;TACUATI
3;SAN PEDRO;17;TACUATI;502;8 DE DICIEMBRE
3;SAN PEDRO;17;TACUATI;503;ACA POI
3;SAN PEDRO;17;TACUATI;504;AGUARA RUGUAY
3;SAN PEDRO;17;TACUATI;505;AGUERITO
3;SAN PEDRO;17;TACUATI;506;APAREJO
3;SAN PEDRO;17;TACUATI;507;ARROYO ITA
3;SAN PEDRO;17;TACUATI;508;BARRERITO
3;SAN PEDRO;17;TACUATI;509;CACHITO - CUE
3;SAN PEDRO;17;TACUATI;510;CARAGUATAY
3;SAN PEDRO;17;TACUATI;511;CAÑADA
3;SAN PEDRO;17;TACUATI;512;CAÑADA APAREJO
3;SAN PEDRO;17;TACUATI;513;CAÑADA A. CORDRO
3;SAN PEDRO;17;TACUATI;514;COL. SAN JUAN
3;SAN PEDRO;17;TACUATI;515;CORORO
3;SAN PEDRO;17;TACUATI;516;COSTA POI
3;SAN PEDRO;17;TACUATI;517;DIANA
3;SAN PEDRO;17;TACUATI;518;JHUGERIYLOVY
3;SAN PEDRO;17;TACUATI;519;JHUGUA JHOBY
3;SAN PEDRO;17;TACUATI;520;JIMENEZ
3;SAN PEDRO;17;TACUATI;521;JUGUA FELIPE
3;SAN PEDRO;17;TACUATI;522;JUGUA SAN FELIPE
3;SAN PEDRO;17;TACUATI;523;LAGUNA SAN JOSE
3;SAN PEDRO;17;TACUATI;524;LOMA PYTA
3;SAN PEDRO;17;TACUATI;1228;MARCIA CUE
3;SAN PEDRO;17;TACUATI;1229;MINGUE VUELTA
3;SAN PEDRO;17;TACUATI;1230;MUNICIPIO
3;SAN PEDRO;17;TACUATI;1231;PASO ITA
3;SAN PEDRO;17;TACUATI;1232;PATRIA - CUE
3;SAN PEDRO;17;TACUATI;1233;PAVON CUE
3;SAN PEDRO;17;TACUATI;1234;PIRIPUCU
3;SAN PEDRO;17;TACUATI;1235;POSITOS
3;SAN PEDRO;17;TACUATI;1236;POTRERO NARANJO
3;SAN PEDRO;17;TACUATI;1237;PUNTA RIEL
3;SAN PEDRO;17;TACUATI;1238;PYCUCU
3;SAN PEDRO;17;TACUATI;1239;QUEVEDO - CUE
3;SAN PEDRO;17;TACUATI;1240;RINCON CHAQUEÑO
3;SAN PEDRO;17;TACUATI;1241;SAN ILDELFONSO
3;SAN PEDRO;17;TACUATI;1242;SANTA ROSA DE AGUAIMI
3;SAN PEDRO;17;TACUATI;1243;SANTA ROSA DEL AGUARAY
3;SAN PEDRO;17;TACUATI;1244;TACUARA
3;SAN PEDRO;17;TACUATI;1245;TACUARITA
3;SAN PEDRO;17;TACUATI;1246;TAPIRACUAY
3;SAN PEDRO;17;TACUATI;1247;TORO - ÑU
3;SAN PEDRO;17;TACUATI;1248;YACARAY YERBAL
3;SAN PEDRO;17;TACUATI;1249;YAGUARETE
3;SAN PEDRO;17;TACUATI;1250;YAGUARETE JHU
3;SAN PEDRO;17;TACUATI;1251;YAPEPO
3;SAN PEDRO;17;TACUATI;1252;YBAPOBO
3;SAN PEDRO;17;TACUATI;1253;YEGUA ÑU
3;SAN PEDRO;17;TACUATI;1254;YERBAL CABEZADA
3;SAN PEDRO;17;TACUATI;1255;YPANE
3;SAN PEDRO;17;TACUATI;6192;AGUARA BEBE
3;SAN PEDRO;18;UNION;1256;UNION
3;SAN PEDRO;18;UNION;1256;UNION
3;SAN PEDRO;18;UNION;1256;UNION
3;SAN PEDRO;18;UNION;1256;UNION
3;SAN PEDRO;18;UNION;1257;BARRERO
3;SAN PEDRO;18;UNION;1258;BUEN RODEO
3;SAN PEDRO;18;UNION;1259;CAÑADA
3;SAN PEDRO;18;UNION;1260;CHAVES - CUE
3;SAN PEDRO;18;UNION;1261;CHUMI
3;SAN PEDRO;18;UNION;1262;COL. 12 DE JUNIO
3;SAN PEDRO;18;UNION;1263;COL. CORA - CUE
3;SAN PEDRO;18;UNION;1264;COL. POTRERO JARDIN
3;SAN PEDRO;18;UNION;1265;COL. SAN ANTONIO
3;SAN PEDRO;18;UNION;1266;COL. SAN JORGE
3;SAN PEDRO;18;UNION;1267;COL. SAN MIGUEL
3;SAN PEDRO;18;UNION;1268;COL. STA. CATALINA
3;SAN PEDRO;18;UNION;1269;EDGAR INSFRAN
3;SAN PEDRO;18;UNION;1270;GUAVIRA
3;SAN PEDRO;18;UNION;1271;ITACURUBI
3;SAN PEDRO;18;UNION;1272;LAGUNA JHU
3;SAN PEDRO;18;UNION;1273;MAYOR HERMOSA
3;SAN PEDRO;18;UNION;1274;MUNICIPIO
3;SAN PEDRO;18;UNION;1275;NARANJA JHAITY
3;SAN PEDRO;18;UNION;1276;PASO NARANJO A
3;SAN PEDRO;18;UNION;1277;POTRERITO
3;SAN PEDRO;18;UNION;1278;PURGATORIO
3;SAN PEDRO;18;UNION;1279;SAN MIGUEL
3;SAN PEDRO;18;UNION;1280;SANTA MARIA
3;SAN PEDRO;18;UNION;1281;SOTO - CUE
3;SAN PEDRO;18;UNION;1282;TACUARY
3;SAN PEDRO;18;UNION;1283;TOBA - CUE
3;SAN PEDRO;18;UNION;1284;TOVAR - CUE
3;SAN PEDRO;18;UNION;1285;URUNDEY
3;SAN PEDRO;18;UNION;1286;YATAYTY
3;SAN PEDRO;18;UNION;6241;ZONA A Y OTROS
3;SAN PEDRO;19;25 DE DICIEMBRE;1287;25 DE DICIEMBRE
3;SAN PEDRO;19;25 DE DICIEMBRE;1288;AZCURRIN
3;SAN PEDRO;19;25 DE DICIEMBRE;1289;CARABIY
3;SAN PEDRO;19;25 DE DICIEMBRE;1290;CAÑADA LOURDES
3;SAN PEDRO;19;25 DE DICIEMBRE;1291;CELADA - CUE
3;SAN PEDRO;19;25 DE DICIEMBRE;1292;CELADOS
3;SAN PEDRO;19;25 DE DICIEMBRE;1293;CIRATI
3;SAN PEDRO;19;25 DE DICIEMBRE;1294;COL. 25 DE DICIEMBRE
3;SAN PEDRO;19;25 DE DICIEMBRE;1295;COL. MADRINA DE GUERRA
3;SAN PEDRO;19;25 DE DICIEMBRE;1296;CURUZU
3;SAN PEDRO;19;25 DE DICIEMBRE;1297;ESTACION AEREA
3;SAN PEDRO;19;25 DE DICIEMBRE;1298;ESTANCIA CARMEN
3;SAN PEDRO;19;25 DE DICIEMBRE;1299;ITAPEBY
3;SAN PEDRO;19;25 DE DICIEMBRE;1300;MBOIY
3;SAN PEDRO;19;25 DE DICIEMBRE;1301;MBUTUY
3;SAN PEDRO;19;25 DE DICIEMBRE;1302;MOLAS - CUE
3;SAN PEDRO;19;25 DE DICIEMBRE;1303;MONTE ALTO
3;SAN PEDRO;19;25 DE DICIEMBRE;1304;PERU MARTIN CUE
3;SAN PEDRO;19;25 DE DICIEMBRE;1305;POTRERO YBATE
3;SAN PEDRO;19;25 DE DICIEMBRE;1306;SAN ISIDRO
3;SAN PEDRO;19;25 DE DICIEMBRE;1307;SAN JUAN BOSCO
3;SAN PEDRO;19;25 DE DICIEMBRE;1308;SANTA MARIA
3;SAN PEDRO;19;25 DE DICIEMBRE;1309;SANTA ROSA
3;SAN PEDRO;19;25 DE DICIEMBRE;1310;TAVAI - I
3;SAN PEDRO;19;25 DE DICIEMBRE;1311;VACA JHU
3;SAN PEDRO;19;25 DE DICIEMBRE;6242;CELADOR CUE
3;SAN PEDRO;19;25 DE DICIEMBRE;6243;COL. NAVIDAD
3;SAN PEDRO;19;25 DE DICIEMBRE;6244;LAGUNA
3;SAN PEDRO;19;25 DE DICIEMBRE;6245;PARAJE CARABIY
3;SAN PEDRO;19;25 DE DICIEMBRE;6246;SAN PEDRO
3;SAN PEDRO;19;25 DE DICIEMBRE;6247;YBYRAYU
3;SAN PEDRO;20;VILLA DEL ROSARIO;1312;VILLA DEL ROSARIO
3;SAN PEDRO;20;VILLA DEL ROSARIO;1312;VILLA DEL ROSARIO
3;SAN PEDRO;20;VILLA DEL ROSARIO;1312;VILLA DEL ROSARIO
3;SAN PEDRO;20;VILLA DEL ROSARIO;1312;VILLA DEL ROSARIO
3;SAN PEDRO;20;VILLA DEL ROSARIO;1312;VILLA DEL ROSARIO
3;SAN PEDRO;20;VILLA DEL ROSARIO;1312;VILLA DEL ROSARIO
3;SAN PEDRO;20;VILLA DEL ROSARIO;1312;VILLA DEL ROSARIO
3;SAN PEDRO;20;VILLA DEL ROSARIO;1313;2DA. RECONSTRUCCION
3;SAN PEDRO;20;VILLA DEL ROSARIO;1314;ANDUCUA - I
3;SAN PEDRO;20;VILLA DEL ROSARIO;1315;ANDU CRIA
3;SAN PEDRO;20;VILLA DEL ROSARIO;1316;ARAZA PETY
3;SAN PEDRO;20;VILLA DEL ROSARIO;1317;ARAZA TY
3;SAN PEDRO;20;VILLA DEL ROSARIO;1318;BARRANQUERITA
3;SAN PEDRO;20;VILLA DEL ROSARIO;1319;BURRO YGUA
3;SAN PEDRO;20;VILLA DEL ROSARIO;1320;CABALLERO - CUE
3;SAN PEDRO;20;VILLA DEL ROSARIO;1321;CACAO CUE
3;SAN PEDRO;20;VILLA DEL ROSARIO;1322;CAMBA CORA
3;SAN PEDRO;20;VILLA DEL ROSARIO;1323;CANANDAYTY
3;SAN PEDRO;20;VILLA DEL ROSARIO;1324;CARANDAYTY
3;SAN PEDRO;20;VILLA DEL ROSARIO;1325;CARRACELA - CUE
3;SAN PEDRO;20;VILLA DEL ROSARIO;1326;CARRILLO
3;SAN PEDRO;20;VILLA DEL ROSARIO;1327;CAZAL - CUE
3;SAN PEDRO;20;VILLA DEL ROSARIO;1328;CHALO - CUE
3;SAN PEDRO;20;VILLA DEL ROSARIO;1329;CHORE
3;SAN PEDRO;20;VILLA DEL ROSARIO;1330;COL. COCUERE
3;SAN PEDRO;20;VILLA DEL ROSARIO;1331;COL. GRAL. AQUINO
3;SAN PEDRO;20;VILLA DEL ROSARIO;1332;COL. J. DEL ROSARIO
3;SAN PEDRO;20;VILLA DEL ROSARIO;1333;COL. LIBERACION
3;SAN PEDRO;20;VILLA DEL ROSARIO;1334;COL. LISIADOS DE GUERRA
3;SAN PEDRO;20;VILLA DEL ROSARIO;1335;COL. PEGUAJHO
3;SAN PEDRO;20;VILLA DEL ROSARIO;1336;COL. SAN PABLO
3;SAN PEDRO;20;VILLA DEL ROSARIO;1337;COL. TRINAGUIA
3;SAN PEDRO;20;VILLA DEL ROSARIO;1338;COL. YURUJHEY
3;SAN PEDRO;20;VILLA DEL ROSARIO;1339;COL. JHUGUA GUAZU
3;SAN PEDRO;20;VILLA DEL ROSARIO;1340;COSTA PIRU
3;SAN PEDRO;20;VILLA DEL ROSARIO;1341;COSTA PUCU
3;SAN PEDRO;20;VILLA DEL ROSARIO;1342;CURUGUATY
3;SAN PEDRO;20;VILLA DEL ROSARIO;1343;ESTANCIA LOMAS
3;SAN PEDRO;20;VILLA DEL ROSARIO;1344;ESTEFANA - CUE
3;SAN PEDRO;20;VILLA DEL ROSARIO;1345;FELICIA - CUE
3;SAN PEDRO;20;VILLA DEL ROSARIO;1346;FRANCO - CUE
3;SAN PEDRO;20;VILLA DEL ROSARIO;1347;GARCIA
3;SAN PEDRO;20;VILLA DEL ROSARIO;1348;GONZALES - CUE
3;SAN PEDRO;20;VILLA DEL ROSARIO;1349;GUAPEPOTY
3;SAN PEDRO;20;VILLA DEL ROSARIO;1350;HAEDO - CUE
3;SAN PEDRO;20;VILLA DEL ROSARIO;1351;ICUA TIMBO
3;SAN PEDRO;20;VILLA DEL ROSARIO;1352;ISLA SACA
3;SAN PEDRO;20;VILLA DEL ROSARIO;1353;ISLA TIMBO
3;SAN PEDRO;20;VILLA DEL ROSARIO;1354;JUGUA POI
3;SAN PEDRO;20;VILLA DEL ROSARIO;1355;JURUJEY
3;SAN PEDRO;20;VILLA DEL ROSARIO;1356;LA NIÑA
3;SAN PEDRO;20;VILLA DEL ROSARIO;1357;LAGUNA MOJON
3;SAN PEDRO;20;VILLA DEL ROSARIO;1358;LIOPICEMI
3;SAN PEDRO;20;VILLA DEL ROSARIO;1359;MANDYYUTY - CUE
3;SAN PEDRO;20;VILLA DEL ROSARIO;1360;MANDYYUTI
3;SAN PEDRO;20;VILLA DEL ROSARIO;1361;MARTINEZ - CUE
3;SAN PEDRO;20;VILLA DEL ROSARIO;1362;MBOCAYA
3;SAN PEDRO;20;VILLA DEL ROSARIO;1363;MBOPICUA
3;SAN PEDRO;20;VILLA DEL ROSARIO;1364;MENDIETA - CUE
3;SAN PEDRO;20;VILLA DEL ROSARIO;1365;MEREQUI - CUE
3;SAN PEDRO;20;VILLA DEL ROSARIO;1366;MESA
3;SAN PEDRO;20;VILLA DEL ROSARIO;1367;MEZA - CUE
3;SAN PEDRO;20;VILLA DEL ROSARIO;1368;MOÑAI CUARE
3;SAN PEDRO;20;VILLA DEL ROSARIO;1643;MUNICIPIO
3;SAN PEDRO;20;VILLA DEL ROSARIO;1644;MUÑAG - CUA
3;SAN PEDRO;20;VILLA DEL ROSARIO;1645;PASO RIVEROS
3;SAN PEDRO;20;VILLA DEL ROSARIO;1646;PIRAY
3;SAN PEDRO;20;VILLA DEL ROSARIO;1647;PIRITI - CUE
3;SAN PEDRO;20;VILLA DEL ROSARIO;1648;POTRERO - PUCU
3;SAN PEDRO;20;VILLA DEL ROSARIO;1649;POTRERO CAAPIIPOBO
3;SAN PEDRO;20;VILLA DEL ROSARIO;1650;POTRERO CARRILLO
3;SAN PEDRO;20;VILLA DEL ROSARIO;1651;POTRERO CAZAL
3;SAN PEDRO;20;VILLA DEL ROSARIO;1652;PUERTO - MI
3;SAN PEDRO;20;VILLA DEL ROSARIO;1653;PUERTO CUE
3;SAN PEDRO;20;VILLA DEL ROSARIO;1654;PUERTO ROSARIO
3;SAN PEDRO;20;VILLA DEL ROSARIO;1655;STA. CATALINA
3;SAN PEDRO;20;VILLA DEL ROSARIO;1656;TACURU
3;SAN PEDRO;20;VILLA DEL ROSARIO;1657;TAPERE
3;SAN PEDRO;20;VILLA DEL ROSARIO;1658;TAYI CARE
3;SAN PEDRO;20;VILLA DEL ROSARIO;1659;URUCUY
3;SAN PEDRO;20;VILLA DEL ROSARIO;1660;VALLE MI
3;SAN PEDRO;20;VILLA DEL ROSARIO;1661;VOLENDAM
3;SAN PEDRO;20;VILLA DEL ROSARIO;1662;YCUA PORA
3;SAN PEDRO;20;VILLA DEL ROSARIO;1663;YCUA RETA
3;SAN PEDRO;20;VILLA DEL ROSARIO;1664;YECOREY
3;SAN PEDRO;20;VILLA DEL ROSARIO;1665;YETYTY
3;SAN PEDRO;20;VILLA DEL ROSARIO;1666;YAHACA GUAZU
3;SAN PEDRO;20;VILLA DEL ROSARIO;1667;YRUCUY
3;SAN PEDRO;20;VILLA DEL ROSARIO;1668;ÑAMBUE
3;SAN PEDRO;20;VILLA DEL ROSARIO;1669;ÑANDEYARA
3;SAN PEDRO;20;VILLA DEL ROSARIO;1670;ÑANDUA -CUA
3;SAN PEDRO;20;VILLA DEL ROSARIO;1671;ÑANDUCUAI
3;SAN PEDRO;20;VILLA DEL ROSARIO;1672;ÑEEMBUCU
3;SAN PEDRO;20;VILLA DEL ROSARIO;1673;ÑUAMBUA
3;SAN PEDRO;20;VILLA DEL ROSARIO;6248;ARAZA
3;SAN PEDRO;20;VILLA DEL ROSARIO;6249;BARRIOS  CUE
3;SAN PEDRO;20;VILLA DEL ROSARIO;6250;CAMPO CIERVO
3;SAN PEDRO;20;VILLA DEL ROSARIO;6251;CAÑADA AREVALOS
3;SAN PEDRO;20;VILLA DEL ROSARIO;6252;COL. INDEPENDENCIA
3;SAN PEDRO;20;VILLA DEL ROSARIO;6270;MOÑO MI CUE
3;SAN PEDRO;20;VILLA DEL ROSARIO;6271;PIRAYU - CUE
3;SAN PEDRO;20;VILLA DEL ROSARIO;6272;PUERTO
3;SAN PEDRO;20;VILLA DEL ROSARIO;6273;REDONDO Y ÑANDUA
3;SAN PEDRO;20;VILLA DEL ROSARIO;6274;URUNDEY
3;SAN PEDRO;21;YATAITY DEL NORTE;1674;YATAITY DEL NORTE
3;SAN PEDRO;21;YATAITY DEL NORTE;1674;YATAITY DEL NORTE
3;SAN PEDRO;21;YATAITY DEL NORTE;1674;YATAITY DEL NORTE
3;SAN PEDRO;21;YATAITY DEL NORTE;1674;YATAITY DEL NORTE
3;SAN PEDRO;21;YATAITY DEL NORTE;1674;YATAITY DEL NORTE
3;SAN PEDRO;21;YATAITY DEL NORTE;1675;CALLE SAN ANTONIO
3;SAN PEDRO;21;YATAITY DEL NORTE;1676;CALLE SAN FELIPE
3;SAN PEDRO;21;YATAITY DEL NORTE;1677;COL. YATAYTY
3;SAN PEDRO;21;YATAITY DEL NORTE;1678;COLONIA
3;SAN PEDRO;21;YATAITY DEL NORTE;1679;F. MATIAUDA
3;SAN PEDRO;21;YATAITY DEL NORTE;1680;GUAVIRA
3;SAN PEDRO;21;YATAITY DEL NORTE;1681;GUAZU RETA
3;SAN PEDRO;21;YATAITY DEL NORTE;1682;YATAYTY CORA
3;SAN PEDRO;21;YATAITY DEL NORTE;1683;ZONA A
3;SAN PEDRO;22;ISIDORO RESQUIN;1684;ISIDORO RESQUIN
3;SAN PEDRO;22;ISIDORO RESQUIN;1685;COL. NARANJITO
3;SAN PEDRO;22;ISIDORO RESQUIN;1686;COL. PALOMA
3;SAN PEDRO;22;ISIDORO RESQUIN;1687;COL. RADIO URBANO
3;SAN PEDRO;22;ISIDORO RESQUIN;1688;COL. SUSANA
3;SAN PEDRO;22;ISIDORO RESQUIN;1689;COL. YBYPE
3;SAN PEDRO;22;ISIDORO RESQUIN;1690;COL.AÑARETA
3;SAN PEDRO;22;ISIDORO RESQUIN;1691;ORQUETA
3;SAN PEDRO;23;CHORE;1692;CHORE
3;SAN PEDRO;23;CHORE;1692;CHORE
3;SAN PEDRO;23;CHORE;1692;CHORE
3;SAN PEDRO;23;CHORE;1692;CHORE
3;SAN PEDRO;23;CHORE;1692;CHORE
3;SAN PEDRO;23;CHORE;1693;COLONIA
3;SAN PEDRO;23;CHORE;1694;SAN ANTONIO
3;SAN PEDRO;23;CHORE;1695;SAN PABLO
3;SAN PEDRO;24;SAN PABLO;1696;SAN PABLO
3;SAN PEDRO;24;SAN PABLO;1697;COLONIA
3;SAN PEDRO;24;SAN PABLO;1698;SAN ANTONIO
3;SAN PEDRO;25;SAN JOSE DEL ROSARIO;1699;SAN JOSE DEL ROSARIO
3;SAN PEDRO;25;SAN JOSE DEL ROSARIO;1700;ALFONSO CENTRAL
3;SAN PEDRO;25;SAN JOSE DEL ROSARIO;1701;ALFONSO TRANQUERA
3;SAN PEDRO;25;SAN JOSE DEL ROSARIO;1702;ESTANCIA SAN JOSE
3;SAN PEDRO;25;SAN JOSE DEL ROSARIO;1703;ESTANCIA GAZORY
3;SAN PEDRO;25;SAN JOSE DEL ROSARIO;1704;SAN ANTONIO
3;SAN PEDRO;25;SAN JOSE DEL ROSARIO;1705;SAN JOSE OBRERO
3;SAN PEDRO;25;SAN JOSE DEL ROSARIO;1706;SAN JUAN
3;SAN PEDRO;25;SAN JOSE DEL ROSARIO;1707;SAN ISIDRO
3;SAN PEDRO;25;SAN JOSE DEL ROSARIO;1708;SANTO DOMINGO
3;SAN PEDRO;25;SAN JOSE DEL ROSARIO;1709;TRES REYES
3;SAN PEDRO;220;GUAYAIBI;5700;COL. SAN PEDRO
3;SAN PEDRO;220;GUAYAIBI;5701;COL. DEFENSORES DEL CHACO
3;SAN PEDRO;220;GUAYAIBI;5702;TAVAI
3;SAN PEDRO;220;GUAYAIBI;5712;GUAYAIBI
3;SAN PEDRO;226;CAPIIBARY;5703;APY A
3;SAN PEDRO;226;CAPIIBARY;5713;CAPII VARY
3;SAN PEDRO;226;CAPIIBARY;5893;COL. NRO. 2
3;SAN PEDRO;245;YRYBUCUA;5496;YRYBUCUA
3;SAN PEDRO;263;SANTA ROSA DEL AGUARAY;;
3;SAN PEDRO;268;LIBERACIÓN;6432;LIBERACION
3;SAN PEDRO;285;SAN VICENTE PANCHOLO;6433;SAN VICENTE PANCHOLO
4;CORDILLERA;26;CAACUPE;1710;CAACUPE
4;CORDILLERA;26;CAACUPE;1710;CAACUPE
4;CORDILLERA;26;CAACUPE;1710;CAACUPE
4;CORDILLERA;26;CAACUPE;1710;CAACUPE
4;CORDILLERA;26;CAACUPE;1710;CAACUPE
4;CORDILLERA;26;CAACUPE;1710;CAACUPE
4;CORDILLERA;26;CAACUPE;1710;CAACUPE
4;CORDILLERA;26;CAACUPE;1710;CAACUPE
4;CORDILLERA;26;CAACUPE;1710;CAACUPE
4;CORDILLERA;26;CAACUPE;1710;CAACUPE
4;CORDILLERA;26;CAACUPE;1710;CAACUPE
4;CORDILLERA;26;CAACUPE;1710;CAACUPE
4;CORDILLERA;26;CAACUPE;1710;CAACUPE
4;CORDILLERA;26;CAACUPE;1710;CAACUPE
4;CORDILLERA;26;CAACUPE;1710;CAACUPE
4;CORDILLERA;26;CAACUPE;1710;CAACUPE
4;CORDILLERA;26;CAACUPE;1710;CAACUPE
4;CORDILLERA;26;CAACUPE;1710;CAACUPE
4;CORDILLERA;26;CAACUPE;1711;ALMADA
4;CORDILLERA;26;CAACUPE;1712;AQUINO CAÑADA
4;CORDILLERA;26;CAACUPE;1713;ARAZATY
4;CORDILLERA;26;CAACUPE;1714;AZCURRA
4;CORDILLERA;26;CAACUPE;1715;BARRIO DANIEL SCURRA
4;CORDILLERA;26;CAACUPE;1716;BARRIO SAN FRANCISCO
4;CORDILLERA;26;CAACUPE;1717;CAACUPE
4;CORDILLERA;26;CAACUPE;1718;CABAÑAS
4;CORDILLERA;26;CAACUPE;1719;CERRO REAL
4;CORDILLERA;26;CAACUPE;1720;COL. CNEL. MARTINEZ
4;CORDILLERA;26;CAACUPE;1721;COSTA PUCU
4;CORDILLERA;26;CAACUPE;1722;DANIEL SCURRA 2DA.
4;CORDILLERA;26;CAACUPE;1723;ISLA YOBAY
4;CORDILLERA;26;CAACUPE;1724;ITA YBU GUAZU
4;CORDILLERA;26;CAACUPE;1725;ITA YBU MI
4;CORDILLERA;26;CAACUPE;1726;JHACA ROYSA
4;CORDILLERA;26;CAACUPE;1727;LOMA GUAZU
4;CORDILLERA;26;CAACUPE;1728;POTRERO POI
4;CORDILLERA;26;CAACUPE;1729;YPUCU
4;CORDILLERA;26;CAACUPE;1730;YTA GUAZU
4;CORDILLERA;26;CAACUPE;1731;YTU MI
4;CORDILLERA;27;ALTOS;1732;ALTOS
4;CORDILLERA;27;ALTOS;1733;ACUÑA DE FIGUEROA
4;CORDILLERA;27;ALTOS;1734;AGAI HY
4;CORDILLERA;27;ALTOS;1735;AGUARA
4;CORDILLERA;27;ALTOS;1736;ALTOS ( MUNICIPIO )
4;CORDILLERA;27;ALTOS;1736;ALTOS ( MUNICIPIO )
4;CORDILLERA;27;ALTOS;1736;ALTOS ( MUNICIPIO )
4;CORDILLERA;27;ALTOS;1736;ALTOS ( MUNICIPIO )
4;CORDILLERA;27;ALTOS;1737;CHOCHI
4;CORDILLERA;27;ALTOS;1738;ESTANCIA CLEMENTINA
4;CORDILLERA;27;ALTOS;1739;ITA GUAZU
4;CORDILLERA;27;ALTOS;1740;ITA YGAZA
4;CORDILLERA;27;ALTOS;1741;LOMA GRANDE
4;CORDILLERA;27;ALTOS;1742;PARARU
4;CORDILLERA;27;ALTOS;1743;RETIRO RIO NEGRO
4;CORDILLERA;27;ALTOS;1744;TUKUNGA CORDILLERA
4;CORDILLERA;27;ALTOS;1745;TUKUNGA CAÑADA
4;CORDILLERA;27;ALTOS;1746;VILLA FLOR
4;CORDILLERA;27;ALTOS;1747;YACARE
4;CORDILLERA;27;ALTOS;1748;YAYI CAÑADA
4;CORDILLERA;27;ALTOS;1749;YBU
4;CORDILLERA;28;ARROYOS Y ESTEROS;1750;ARROYOS Y ESTEROS
4;CORDILLERA;28;ARROYOS Y ESTEROS;1750;ARROYOS Y ESTEROS
4;CORDILLERA;28;ARROYOS Y ESTEROS;1751;ACEVEDO
4;CORDILLERA;28;ARROYOS Y ESTEROS;1752;ARROYOS Y ESTEROS
4;CORDILLERA;28;ARROYOS Y ESTEROS;1753;BOQUERON
4;CORDILLERA;28;ARROYOS Y ESTEROS;1754;CAMP. H. MATIAUDA
4;CORDILLERA;28;ARROYOS Y ESTEROS;1755;CAÑADA
4;CORDILLERA;28;ARROYOS Y ESTEROS;1756;CAÑADA DOMINGUEZ
4;CORDILLERA;28;ARROYOS Y ESTEROS;1757;CERRITO
4;CORDILLERA;28;ARROYOS Y ESTEROS;1758;COSTA PUCU
4;CORDILLERA;28;ARROYOS Y ESTEROS;1759;CURUPAYTY
4;CORDILLERA;28;ARROYOS Y ESTEROS;1760;CYRATY
4;CORDILLERA;28;ARROYOS Y ESTEROS;1761;EL CARMEN
4;CORDILLERA;28;ARROYOS Y ESTEROS;1762;ESTACION GONZALES CUE
4;CORDILLERA;28;ARROYOS Y ESTEROS;1763;ESTACION YPE CUE
4;CORDILLERA;28;ARROYOS Y ESTEROS;1764;ESTANCIA 4 VIENTOS
4;CORDILLERA;28;ARROYOS Y ESTEROS;1765;ESTANCIA CATIGUA
4;CORDILLERA;28;ARROYOS Y ESTEROS;1766;ESTANCIA JUAN DE MENA
4;CORDILLERA;28;ARROYOS Y ESTEROS;1767;ESTANCIA LOPEZ CUE
4;CORDILLERA;28;ARROYOS Y ESTEROS;1768;ESTANCIA MANDUVIRA
4;CORDILLERA;28;ARROYOS Y ESTEROS;1769;ESTANCIA SANJA JHU
4;CORDILLERA;28;ARROYOS Y ESTEROS;1770;GRAL. DIAZ
4;CORDILLERA;28;ARROYOS Y ESTEROS;1771;INGLON CUE
4;CORDILLERA;28;ARROYOS Y ESTEROS;1772;ISLA ALTA
4;CORDILLERA;28;ARROYOS Y ESTEROS;1773;ISLA GUAZU
4;CORDILLERA;28;ARROYOS Y ESTEROS;1774;ISLA TACUARA
4;CORDILLERA;28;ARROYOS Y ESTEROS;1775;ITA PIRU
4;CORDILLERA;28;ARROYOS Y ESTEROS;1776;KIRAYTY
4;CORDILLERA;28;ARROYOS Y ESTEROS;1777;LAGUNA VERA
4;CORDILLERA;28;ARROYOS Y ESTEROS;1778;MAINUMBY
4;CORDILLERA;28;ARROYOS Y ESTEROS;1779;MAINUMBYI
4;CORDILLERA;28;ARROYOS Y ESTEROS;1780;NUEVA COLOMBIA
4;CORDILLERA;28;ARROYOS Y ESTEROS;1781;PUERTO OLIVARES
4;CORDILLERA;28;ARROYOS Y ESTEROS;1782;RETIRO CARBONERIA - CUE
4;CORDILLERA;28;ARROYOS Y ESTEROS;1783;RETIRO DONKI CUE
4;CORDILLERA;28;ARROYOS Y ESTEROS;1784;RETIRO ILDEFONSO - CUE
4;CORDILLERA;28;ARROYOS Y ESTEROS;1785;SAN ANTONIO
4;CORDILLERA;28;ARROYOS Y ESTEROS;1786;URUNDEY
4;CORDILLERA;28;ARROYOS Y ESTEROS;1787;YUASY ITA
4;CORDILLERA;28;ARROYOS Y ESTEROS;6275;LOPEZ CUE
4;CORDILLERA;28;ARROYOS Y ESTEROS;6276;PUESTO ELVIRA
4;CORDILLERA;28;ARROYOS Y ESTEROS;6277;TACUARINDY
4;CORDILLERA;29;ATYRA;1788;ATYRA
4;CORDILLERA;29;ATYRA;1789;ATYRA ( MUNICIPIO )
4;CORDILLERA;29;ATYRA;1789;ATYRA ( MUNICIPIO )
4;CORDILLERA;29;ATYRA;1789;ATYRA ( MUNICIPIO )
4;CORDILLERA;29;ATYRA;1789;ATYRA ( MUNICIPIO )
4;CORDILLERA;29;ATYRA;1789;ATYRA ( MUNICIPIO )
4;CORDILLERA;29;ATYRA;1790;CANDIA
4;CORDILLERA;29;ATYRA;1791;CARUMBY
4;CORDILLERA;29;ATYRA;1792;COL. BERNARDINO CABALLERO
4;CORDILLERA;29;ATYRA;1793;GRANJA LADONESA
4;CORDILLERA;29;ATYRA;1794;MOÑAIRY
4;CORDILLERA;29;ATYRA;1795;POTRERO
4;CORDILLERA;29;ATYRA;1796;SAN VICENTE
4;CORDILLERA;29;ATYRA;1797;SANJA JHU
4;CORDILLERA;29;ATYRA;6278;CAACUPEMI
4;CORDILLERA;29;ATYRA;6279;MBURURU
4;CORDILLERA;30;CARAGUATAY;1798;ALFONSO LOMA
4;CORDILLERA;30;CARAGUATAY;1799;BOQUERON
4;CORDILLERA;30;CARAGUATAY;1800;CAPELLANIA
4;CORDILLERA;30;CARAGUATAY;1801;CARAGUATAY ( MUNICIPIO )
4;CORDILLERA;30;CARAGUATAY;1801;CARAGUATAY ( MUNICIPIO )
4;CORDILLERA;30;CARAGUATAY;1801;CARAGUATAY ( MUNICIPIO )
4;CORDILLERA;30;CARAGUATAY;1801;CARAGUATAY ( MUNICIPIO )
4;CORDILLERA;30;CARAGUATAY;1802;ESTANCIA LOBO CUA
4;CORDILLERA;30;CARAGUATAY;1803;ESTANCIA SALADILLO
4;CORDILLERA;30;CARAGUATAY;1804;ESTANCIA SAN MARCO
4;CORDILLERA;30;CARAGUATAY;1805;FULGENCIO YEGROS
4;CORDILLERA;30;CARAGUATAY;1806;ISLA GUAZU
4;CORDILLERA;30;CARAGUATAY;1807;ISLA PAU
4;CORDILLERA;30;CARAGUATAY;1808;JHUGUA GUAZU
4;CORDILLERA;30;CARAGUATAY;1809;JHUGUA POI
4;CORDILLERA;30;CARAGUATAY;1810;ROLON
4;CORDILLERA;30;CARAGUATAY;1811;RIO NEGRO ENSENADA
4;CORDILLERA;30;CARAGUATAY;1812;RIO NEGRO LLANE
4;CORDILLERA;30;CARAGUATAY;1813;RIO NEGRO POTRERO
4;CORDILLERA;30;CARAGUATAY;1814;SAN MIGUEL
4;CORDILLERA;30;CARAGUATAY;1815;SAN PEDRO
4;CORDILLERA;30;CARAGUATAY;1816;SANTA LUCIA
4;CORDILLERA;30;CARAGUATAY;1817;TACUARY
4;CORDILLERA;30;CARAGUATAY;1818;TENIENTE GONZALES
4;CORDILLERA;30;CARAGUATAY;1819;VERA COSTA
4;CORDILLERA;30;CARAGUATAY;6280;CARAGUATAY
4;CORDILLERA;30;CARAGUATAY;6281;COSTA YBATE
4;CORDILLERA;30;CARAGUATAY;6282;GRAL. GENES
4;CORDILLERA;30;CARAGUATAY;6283;LA INMACULADA
4;CORDILLERA;30;CARAGUATAY;6284;SAN JOSE OBRERO
4;CORDILLERA;30;CARAGUATAY;6285;VALLE I
4;CORDILLERA;31;EMBOSCADA;1820;EMBOSCADA
4;CORDILLERA;31;EMBOSCADA;1821;4TA. COMP. COCUE GUAZU
4;CORDILLERA;31;EMBOSCADA;1822;CHOCHI
4;CORDILLERA;31;EMBOSCADA;1823;EMBOSCADA ( MUNICIPIO )
4;CORDILLERA;31;EMBOSCADA;1824;ESTANCIA CARANDAYTY
4;CORDILLERA;31;EMBOSCADA;1825;ESTANCIA CAREAGA
4;CORDILLERA;31;EMBOSCADA;1826;ESTANCIA CLEMENTINA
4;CORDILLERA;31;EMBOSCADA;1827;ESTANCIA LA CARMINA
4;CORDILLERA;31;EMBOSCADA;1828;ESTANCIA PERALTA
4;CORDILLERA;31;EMBOSCADA;1829;ISLA ALTA
4;CORDILLERA;31;EMBOSCADA;1830;ISLA JOVAI
4;CORDILLERA;31;EMBOSCADA;1831;MINAS CUE
4;CORDILLERA;31;EMBOSCADA;1832;PASO PE
4;CORDILLERA;31;EMBOSCADA;1833;PUERTO ARECUATACUA
4;CORDILLERA;31;EMBOSCADA;1834;RETIRO FATIMA
4;CORDILLERA;31;EMBOSCADA;1835;RETIRO NARANJAL
4;CORDILLERA;31;EMBOSCADA;1836;RETIRO YUGO PENGUE
4;CORDILLERA;31;EMBOSCADA;1837;TACURUTY
4;CORDILLERA;31;EMBOSCADA;1838;TUCANGUA CAÑADA
4;CORDILLERA;31;EMBOSCADA;6286;CORDILLERA GUY
4;CORDILLERA;32;EUSEBIO AYALA;268;ESTACION SANTA ANA GRAL.ROLON
4;CORDILLERA;32;EUSEBIO AYALA;269;ESTANCIA STORM
4;CORDILLERA;32;EUSEBIO AYALA;270;EUSEBIO AYALA (MUNICIPIO)
4;CORDILLERA;32;EUSEBIO AYALA;270;EUSEBIO AYALA (MUNICIPIO)
4;CORDILLERA;32;EUSEBIO AYALA;270;EUSEBIO AYALA (MUNICIPIO)
4;CORDILLERA;32;EUSEBIO AYALA;270;EUSEBIO AYALA (MUNICIPIO)
4;CORDILLERA;32;EUSEBIO AYALA;270;EUSEBIO AYALA (MUNICIPIO)
4;CORDILLERA;32;EUSEBIO AYALA;270;EUSEBIO AYALA (MUNICIPIO)
4;CORDILLERA;32;EUSEBIO AYALA;270;EUSEBIO AYALA (MUNICIPIO)
4;CORDILLERA;32;EUSEBIO AYALA;270;EUSEBIO AYALA (MUNICIPIO)
4;CORDILLERA;32;EUSEBIO AYALA;270;EUSEBIO AYALA (MUNICIPIO)
4;CORDILLERA;32;EUSEBIO AYALA;270;EUSEBIO AYALA (MUNICIPIO)
4;CORDILLERA;32;EUSEBIO AYALA;270;EUSEBIO AYALA (MUNICIPIO)
4;CORDILLERA;32;EUSEBIO AYALA;271;ISLA
4;CORDILLERA;32;EUSEBIO AYALA;272;ITA YGASA
4;CORDILLERA;32;EUSEBIO AYALA;273;JHUY BATY
4;CORDILLERA;32;EUSEBIO AYALA;274;LA INDIA
4;CORDILLERA;32;EUSEBIO AYALA;275;POTRERO SAN JOSE
4;CORDILLERA;32;EUSEBIO AYALA;276;POTRERO DEL CARMEN
4;CORDILLERA;32;EUSEBIO AYALA;277;PUNTA
4;CORDILLERA;32;EUSEBIO AYALA;278;RUBIO ÑU
4;CORDILLERA;32;EUSEBIO AYALA;279;TUYUCUA
4;CORDILLERA;32;EUSEBIO AYALA;280;YACAREY
4;CORDILLERA;32;EUSEBIO AYALA;281;ÑU-AI
4;CORDILLERA;32;EUSEBIO AYALA;1839;EUSEBIO AYALA
4;CORDILLERA;32;EUSEBIO AYALA;1840;ACOSTA ÑU
4;CORDILLERA;32;EUSEBIO AYALA;1841;AGUAITY
4;CORDILLERA;32;EUSEBIO AYALA;1842;BARRETO ÑU
4;CORDILLERA;32;EUSEBIO AYALA;1843;BARRIO SAN BLAS
4;CORDILLERA;32;EUSEBIO AYALA;1844;BARRIO SANTA TERESITA
4;CORDILLERA;32;EUSEBIO AYALA;1845;BOQUERON
4;CORDILLERA;32;EUSEBIO AYALA;1846;BOQUERON 2DA.
4;CORDILLERA;32;EUSEBIO AYALA;1847;CABAÑA CUE
4;CORDILLERA;32;EUSEBIO AYALA;1848;CAHUNDY
4;CORDILLERA;32;EUSEBIO AYALA;1849;CAPIIPE
4;CORDILLERA;32;EUSEBIO AYALA;1850;CAPILLA LOMA
4;CORDILLERA;32;EUSEBIO AYALA;1851;CERRO GUY
4;CORDILLERA;32;EUSEBIO AYALA;1852;CERRO PORTEÑO
4;CORDILLERA;32;EUSEBIO AYALA;1853;COL.CURUGUYTY
4;CORDILLERA;32;EUSEBIO AYALA;1854;COSTA
4;CORDILLERA;33;ISLA PUCU;282;ISLA PUCU
4;CORDILLERA;33;ISLA PUCU;283;AGUARAY
4;CORDILLERA;33;ISLA PUCU;284;AGUARAY RIO
4;CORDILLERA;33;ISLA PUCU;285;ARROYO PORA
4;CORDILLERA;33;ISLA PUCU;286;CAACUPE MI
4;CORDILLERA;33;ISLA PUCU;287;CHOCHI
4;CORDILLERA;33;ISLA PUCU;288;ITA YBATE
4;CORDILLERA;33;ISLA PUCU;289;LOMA
4;CORDILLERA;33;ISLA PUCU;290;PINDOTY
4;CORDILLERA;33;ISLA PUCU;291;TAPE GUAZU
4;CORDILLERA;33;ISLA PUCU;292;TAPE POI
4;CORDILLERA;33;ISLA PUCU;293;TUCUNGA CAÑADA
4;CORDILLERA;33;ISLA PUCU;6167;AGUARAY ROLON
4;CORDILLERA;33;ISLA PUCU;6168;ISLA PUCU (MUNICIPIO)
4;CORDILLERA;33;ISLA PUCU;6168;ISLA PUCU (MUNICIPIO)
4;CORDILLERA;33;ISLA PUCU;6168;ISLA PUCU (MUNICIPIO)
4;CORDILLERA;33;ISLA PUCU;6168;ISLA PUCU (MUNICIPIO)
4;CORDILLERA;33;ISLA PUCU;6168;ISLA PUCU (MUNICIPIO)
4;CORDILLERA;33;ISLA PUCU;6169;VILLA SAN JUAN
4;CORDILLERA;34;ITACURUBI DE LA CORDILLERA;294;ITACURUBI DE LA CORDILLERA
4;CORDILLERA;34;ITACURUBI DE LA CORDILLERA;295;CAAGUY CUPE
4;CORDILLERA;34;ITACURUBI DE LA CORDILLERA;296;CARAY POTRERO
4;CORDILLERA;34;ITACURUBI DE LA CORDILLERA;297;COL.MENNONITA
4;CORDILLERA;34;ITACURUBI DE LA CORDILLERA;298;ESTANCIA BUENAVENTURA
4;CORDILLERA;34;ITACURUBI DE LA CORDILLERA;299;GARIY LOMA
4;CORDILLERA;34;ITACURUBI DE LA CORDILLERA;300;ITAC.DE LA CORDILLERA (MUNIC)
4;CORDILLERA;34;ITACURUBI DE LA CORDILLERA;300;ITAC.DE LA CORDILLERA (MUNIC)
4;CORDILLERA;34;ITACURUBI DE LA CORDILLERA;300;ITAC.DE LA CORDILLERA (MUNIC)
4;CORDILLERA;34;ITACURUBI DE LA CORDILLERA;300;ITAC.DE LA CORDILLERA (MUNIC)
4;CORDILLERA;34;ITACURUBI DE LA CORDILLERA;300;ITAC.DE LA CORDILLERA (MUNIC)
4;CORDILLERA;34;ITACURUBI DE LA CORDILLERA;300;ITAC.DE LA CORDILLERA (MUNIC)
4;CORDILLERA;34;ITACURUBI DE LA CORDILLERA;300;ITAC.DE LA CORDILLERA (MUNIC)
4;CORDILLERA;34;ITACURUBI DE LA CORDILLERA;300;ITAC.DE LA CORDILLERA (MUNIC)
4;CORDILLERA;34;ITACURUBI DE LA CORDILLERA;301;JHUGUA POI
4;CORDILLERA;34;ITACURUBI DE LA CORDILLERA;302;LOMA MEDINA
4;CORDILLERA;34;ITACURUBI DE LA CORDILLERA;303;MINAS-CUE
4;CORDILLERA;34;ITACURUBI DE LA CORDILLERA;304;PIRAYU-I
4;CORDILLERA;34;ITACURUBI DE LA CORDILLERA;305;RUBIO ÑU
4;CORDILLERA;34;ITACURUBI DE LA CORDILLERA;306;SANTA LUCIA
4;CORDILLERA;34;ITACURUBI DE LA CORDILLERA;307;TACUARA APUAIL
4;CORDILLERA;34;ITACURUBI DE LA CORDILLERA;308;TACUARA NERHOT
4;CORDILLERA;34;ITACURUBI DE LA CORDILLERA;309;YAGUARETE CUA
4;CORDILLERA;34;ITACURUBI DE LA CORDILLERA;6170;ESTANCIA MARIA AUXILIADORA
4;CORDILLERA;34;ITACURUBI DE LA CORDILLERA;6171;POTERO ANGELITO
4;CORDILLERA;35;JUAN DE MENA;310;8 DE DICIEMBRE
4;CORDILLERA;35;JUAN DE MENA;311;ARROZAL ACEVAL
4;CORDILLERA;35;JUAN DE MENA;312;BUENA VISTA
4;CORDILLERA;35;JUAN DE MENA;313;COL.FIDEL MAIZ
4;CORDILLERA;35;JUAN DE MENA;314;ESTACION CRISTAL CUE
4;CORDILLERA;35;JUAN DE MENA;315;ESTACION FRANCA-I
4;CORDILLERA;35;JUAN DE MENA;316;ESTACION GASORY
4;CORDILLERA;35;JUAN DE MENA;317;ESTACION GONZALEZ CUE(V.DEL R)
4;CORDILLERA;35;JUAN DE MENA;318;ESTACION GUAZU PYTA (V.DEL R)
4;CORDILLERA;35;JUAN DE MENA;319;ESTACION JOSEFINA
4;CORDILLERA;35;JUAN DE MENA;320;ESTACION LEON CUE
4;CORDILLERA;35;JUAN DE MENA;321;ESTACION MAIZ CUE
4;CORDILLERA;35;JUAN DE MENA;322;ESTACION MOLINAS CUE
4;CORDILLERA;35;JUAN DE MENA;323;ESTACION PRIMAVERA
4;CORDILLERA;35;JUAN DE MENA;324;ESTACION SAN FILIPO
4;CORDILLERA;35;JUAN DE MENA;325;ESTACION SAN JOSE
4;CORDILLERA;35;JUAN DE MENA;326;ESTACION SANJITA
4;CORDILLERA;35;JUAN DE MENA;327;ESTACION SANTA ELENA
4;CORDILLERA;35;JUAN DE MENA;328;ESTACION YASYRETA
4;CORDILLERA;35;JUAN DE MENA;329;ESTANCIA ISLA ROSARIO
4;CORDILLERA;35;JUAN DE MENA;330;ESTANCIA TORO PASO
4;CORDILLERA;35;JUAN DE MENA;331;ISLERIA
4;CORDILLERA;35;JUAN DE MENA;332;JUAN DE MENA (MUNICIPIO)
4;CORDILLERA;35;JUAN DE MENA;333;LA UNION
4;CORDILLERA;35;JUAN DE MENA;832;PUESTO CABALLERO CUE
4;CORDILLERA;35;JUAN DE MENA;833;PUESTO GUAJHO
4;CORDILLERA;35;JUAN DE MENA;834;PUESTO ROJAS CUE
4;CORDILLERA;35;JUAN DE MENA;835;RETIRO MAYOR CUE
4;CORDILLERA;35;JUAN DE MENA;836;RETIRO DE LA ESTANCIA GASORY
4;CORDILLERA;35;JUAN DE MENA;837;RIVAROLA CUE
4;CORDILLERA;35;JUAN DE MENA;838;SAN ANTONIO
4;CORDILLERA;35;JUAN DE MENA;839;SAN RAFAEL
4;CORDILLERA;35;JUAN DE MENA;840;SANTO DOMINGO
4;CORDILLERA;35;JUAN DE MENA;841;WUIENGER
4;CORDILLERA;35;JUAN DE MENA;842;YAGUARETE
4;CORDILLERA;35;JUAN DE MENA;6172;JUAN DE MENA
4;CORDILLERA;35;JUAN DE MENA;6173;ESTACION CARACOL
4;CORDILLERA;35;JUAN DE MENA;6174;ESTACION ISENCIO
4;CORDILLERA;35;JUAN DE MENA;6175;ESTACION SAN ANTONIO
4;CORDILLERA;35;JUAN DE MENA;6176;ESTANCIA EMILIO
4;CORDILLERA;35;JUAN DE MENA;6177;PUENTE YBYAVEBO (V.DEL R.)
4;CORDILLERA;36;NUEVA COLOMBIA;843;NUEVA COLOMBIA
4;CORDILLERA;36;NUEVA COLOMBIA;844;BOQUERON
4;CORDILLERA;36;NUEVA COLOMBIA;845;CIRATY
4;CORDILLERA;36;NUEVA COLOMBIA;846;COMPAÑIA N.MATIAUDA
4;CORDILLERA;36;NUEVA COLOMBIA;847;INGLES CUE
4;CORDILLERA;36;NUEVA COLOMBIA;848;ISLA ALTA
4;CORDILLERA;36;NUEVA COLOMBIA;849;KIRAITY
4;CORDILLERA;36;NUEVA COLOMBIA;850;NUEVA COLOMBIA (MUNICIPIO)
4;CORDILLERA;37;PIRIBEBUY;851;PIRIBEBUY
4;CORDILLERA;37;PIRIBEBUY;852;4 DE JULIO
4;CORDILLERA;37;PIRIBEBUY;853;BARRIO SANTA ANA
4;CORDILLERA;37;PIRIBEBUY;854;BARRIO VIRGEN DEL ROSARIO
4;CORDILLERA;37;PIRIBEBUY;855;CAPILLA CUE
4;CORDILLERA;37;PIRIBEBUY;856;CAÑADA
4;CORDILLERA;37;PIRIBEBUY;857;CHOLOLO
4;CORDILLERA;37;PIRIBEBUY;858;COL.PIRARETA
4;CORDILLERA;37;PIRIBEBUY;859;CORDILLERA
4;CORDILLERA;37;PIRIBEBUY;860;ESTACION JHAGY-SI
4;CORDILLERA;37;PIRIBEBUY;861;FRANCO ISLA
4;CORDILLERA;37;PIRIBEBUY;862;GUAZU MOCOI
4;CORDILLERA;37;PIRIBEBUY;863;ITA GUYRA
4;CORDILLERA;37;PIRIBEBUY;864;ITA MOROTI-I
4;CORDILLERA;37;PIRIBEBUY;865;ITA MOROTI GUAZU
4;CORDILLERA;37;PIRIBEBUY;866;ITA YBU
4;CORDILLERA;37;PIRIBEBUY;867;JHAGUY-MI
4;CORDILLERA;37;PIRIBEBUY;868;JHUGUA GUAZU
4;CORDILLERA;37;PIRIBEBUY;869;MCAL.LOPEZ
4;CORDILLERA;37;PIRIBEBUY;870;NARANJO
4;CORDILLERA;37;PIRIBEBUY;871;PACIFICO
4;CORDILLERA;37;PIRIBEBUY;872;PASO JHU
4;CORDILLERA;37;PIRIBEBUY;873;PIRIBEBUY (MUNICIPIO)
4;CORDILLERA;37;PIRIBEBUY;873;PIRIBEBUY (MUNICIPIO)
4;CORDILLERA;37;PIRIBEBUY;873;PIRIBEBUY (MUNICIPIO)
4;CORDILLERA;37;PIRIBEBUY;873;PIRIBEBUY (MUNICIPIO)
4;CORDILLERA;37;PIRIBEBUY;873;PIRIBEBUY (MUNICIPIO)
4;CORDILLERA;37;PIRIBEBUY;873;PIRIBEBUY (MUNICIPIO)
4;CORDILLERA;37;PIRIBEBUY;874;PTE.FRA
4;CORDILLERA;37;PIRIBEBUY;875;TAPE GUAZU
4;CORDILLERA;37;PIRIBEBUY;876;VIRGEN DE FATIMA
4;CORDILLERA;37;PIRIBEBUY;877;YACAREY
4;CORDILLERA;37;PIRIBEBUY;878;YATAITY
4;CORDILLERA;37;PIRIBEBUY;879;YRUGUE
4;CORDILLERA;38;1RO.DE MARZO;880;1RO.DE MARZO
4;CORDILLERA;38;1RO.DE MARZO;881;1RO.DE MARZO (MUNICIPIO)
4;CORDILLERA;38;1RO.DE MARZO;882;BOQUERON
4;CORDILLERA;38;1RO.DE MARZO;883;CAAGUY CUPE
4;CORDILLERA;38;1RO.DE MARZO;884;CAÑADA DEL CARMEN
4;CORDILLERA;38;1RO.DE MARZO;885;GARAYO
4;CORDILLERA;38;1RO.DE MARZO;886;GRAL.DIAZ
4;CORDILLERA;38;1RO.DE MARZO;887;LOMA
4;CORDILLERA;38;1RO.DE MARZO;888;MCAL.ESTIGARRIBIA
4;CORDILLERA;38;1RO.DE MARZO;889;POTRERITO3
4;CORDILLERA;38;1RO.DE MARZO;890;PUESTO CARRITO
4;CORDILLERA;38;1RO.DE MARZO;891;ROJAS SILVA
4;CORDILLERA;38;1RO.DE MARZO;892;SAN ANTONIO
4;CORDILLERA;38;1RO.DE MARZO;893;SAN BLAS
4;CORDILLERA;38;1RO.DE MARZO;894;SAN ISIDRO
4;CORDILLERA;38;1RO.DE MARZO;895;SARGENTO BAEZ
4;CORDILLERA;38;1RO.DE MARZO;896;SARGENTO CABALLERO
4;CORDILLERA;38;1RO.DE MARZO;897;TAPE POI
4;CORDILLERA;39;SAN BERNARDINO;898;SAN BERNARDINO
4;CORDILLERA;39;SAN BERNARDINO;899;CIERVO CUA
4;CORDILLERA;39;SAN BERNARDINO;900;COCUERE
4;CORDILLERA;39;SAN BERNARDINO;901;CRISTOBAL COLON
4;CORDILLERA;39;SAN BERNARDINO;902;MINAS CUE
4;CORDILLERA;39;SAN BERNARDINO;903;PIRAYU-I
4;CORDILLERA;39;SAN BERNARDINO;904;SAN BERNARDINO(MUNICIPIO)
4;CORDILLERA;39;SAN BERNARDINO;904;SAN BERNARDINO(MUNICIPIO)
4;CORDILLERA;39;SAN BERNARDINO;904;SAN BERNARDINO(MUNICIPIO)
4;CORDILLERA;39;SAN BERNARDINO;904;SAN BERNARDINO(MUNICIPIO)
4;CORDILLERA;39;SAN BERNARDINO;904;SAN BERNARDINO(MUNICIPIO)
4;CORDILLERA;39;SAN BERNARDINO;904;SAN BERNARDINO(MUNICIPIO)
4;CORDILLERA;39;SAN BERNARDINO;905;YBYHANGUY
4;CORDILLERA;39;SAN BERNARDINO;906;YBYHANGUY 1RO.
4;CORDILLERA;39;SAN BERNARDINO;907;YBU
4;CORDILLERA;40;SANTA ELENA;908;SANTA ELENA
4;CORDILLERA;40;SANTA ELENA;909;AGUARA RINCON
4;CORDILLERA;40;SANTA ELENA;910;BARRIO SAN ANTONIO
4;CORDILLERA;40;SANTA ELENA;911;COL.ESPERANZA
4;CORDILLERA;40;SANTA ELENA;912;COL.SAN BLAS
4;CORDILLERA;40;SANTA ELENA;913;COOP.BELLA HORIZONTE
4;CORDILLERA;40;SANTA ELENA;914;COSTA ELENA
4;CORDILLERA;40;SANTA ELENA;915;ESTANCIA ZENDA I
4;CORDILLERA;40;SANTA ELENA;916;FRANCO COSTA
4;CORDILLERA;40;SANTA ELENA;917;JHAGUE COSTA
4;CORDILLERA;40;SANTA ELENA;918;JUGUA CIMIENTO
4;CORDILLERA;40;SANTA ELENA;919;LAGUNA
4;CORDILLERA;40;SANTA ELENA;920;LALA
4;CORDILLERA;40;SANTA ELENA;921;LOMA CLAVEL
4;CORDILLERA;40;SANTA ELENA;922;LOMA VALENTINA
4;CORDILLERA;40;SANTA ELENA;923;MBOCAYATY
4;CORDILLERA;40;SANTA ELENA;924;MONTIEL
4;CORDILLERA;40;SANTA ELENA;925;PASO TRANQUERA
4;CORDILLERA;40;SANTA ELENA;926;PIRATY
4;CORDILLERA;40;SANTA ELENA;927;PUENTE YACA
4;CORDILLERA;40;SANTA ELENA;928;PUESTO MONTIEL
4;CORDILLERA;40;SANTA ELENA;929;PUESTO SAC
4;CORDILLERA;40;SANTA ELENA;930;SAN MARCOS
4;CORDILLERA;40;SANTA ELENA;931;SAN ROQUE
4;CORDILLERA;40;SANTA ELENA;932;SANTA ELENA (MUNICIPIO)
4;CORDILLERA;40;SANTA ELENA;932;SANTA ELENA (MUNICIPIO)
4;CORDILLERA;40;SANTA ELENA;933;TOROPI HUGUA
4;CORDILLERA;40;SANTA ELENA;2059;TOROPI LOMA
4;CORDILLERA;40;SANTA ELENA;2060;YBYRAGUY ESTERO
4;CORDILLERA;40;SANTA ELENA;2061;YCUPA PORA
4;CORDILLERA;41;TOBATI;2062;TOBATI
4;CORDILLERA;41;TOBATI;2062;TOBATI
4;CORDILLERA;41;TOBATI;2062;TOBATI
4;CORDILLERA;41;TOBATI;2062;TOBATI
4;CORDILLERA;41;TOBATI;2062;TOBATI
4;CORDILLERA;41;TOBATI;2062;TOBATI
4;CORDILLERA;41;TOBATI;2062;TOBATI
4;CORDILLERA;41;TOBATI;2062;TOBATI
4;CORDILLERA;41;TOBATI;2062;TOBATI
4;CORDILLERA;41;TOBATI;2062;TOBATI
4;CORDILLERA;41;TOBATI;2062;TOBATI
4;CORDILLERA;41;TOBATI;2062;TOBATI
4;CORDILLERA;41;TOBATI;2062;TOBATI
4;CORDILLERA;41;TOBATI;2063;21 DE JUNIO
4;CORDILLERA;41;TOBATI;2064;APARYPY
4;CORDILLERA;41;TOBATI;2065;ARROZAL 21
4;CORDILLERA;41;TOBATI;2066;COSTA ALEGRE
4;CORDILLERA;41;TOBATI;2067;ENSENADA
4;CORDILLERA;41;TOBATI;2068;ESTANCIA AMARILLA
4;CORDILLERA;41;TOBATI;2069;ESTANCIA FLORIDA
4;CORDILLERA;41;TOBATI;2070;ESTANCIA INVERNADA
4;CORDILLERA;41;TOBATI;2071;ESTANCIA LOZA
4;CORDILLERA;41;TOBATI;2072;ESTANCIA MORAGA CUE
4;CORDILLERA;41;TOBATI;2073;ESTANCIA SANTA MARIA
4;CORDILLERA;41;TOBATI;2074;ISLA FLORIDA
4;CORDILLERA;41;TOBATI;2075;ISLA GUAZU
4;CORDILLERA;41;TOBATI;2076;JHOYBATY
4;CORDILLERA;41;TOBATI;2077;LOMA VERDE
4;CORDILLERA;41;TOBATI;2078;MOMPOX
4;CORDILLERA;41;TOBATI;2079;PEDRO JUAN CABALLERO
4;CORDILLERA;41;TOBATI;2080;POTRERO
4;CORDILLERA;41;TOBATI;2081;RETIRO SIMEON
4;CORDILLERA;41;TOBATI;2082;ROSADO RUGUA
4;CORDILLERA;41;TOBATI;2083;SAN JOSE
4;CORDILLERA;41;TOBATI;2084;SANTA RECALIA
4;CORDILLERA;41;TOBATI;2085;SANTA ROSA
4;CORDILLERA;41;TOBATI;2086;VILLA LAS MERCEDES
4;CORDILLERA;42;VALENZUELA;2087;VALENZUELA
4;CORDILLERA;42;VALENZUELA;2088;CANGIO FLECHA
4;CORDILLERA;42;VALENZUELA;2089;CERRO
4;CORDILLERA;42;VALENZUELA;2090;CERRO PER
4;CORDILLERA;42;VALENZUELA;2091;COL.STICA
4;CORDILLERA;42;VALENZUELA;2092;COL.TTE.E.MONTANIA
4;CORDILLERA;42;VALENZUELA;2093;CURUPAYTY
4;CORDILLERA;42;VALENZUELA;2094;ESTANCIA LLAMOSAS
4;CORDILLERA;42;VALENZUELA;2095;GRAL.DIAZ
4;CORDILLERA;42;VALENZUELA;2096;GUAZU CUA
4;CORDILLERA;42;VALENZUELA;2097;ITA MOROTI
4;CORDILLERA;42;VALENZUELA;2098;LOMA JHOVY
4;CORDILLERA;42;VALENZUELA;2099;LOMA VERDE
4;CORDILLERA;42;VALENZUELA;2100;MCAL.LOPEZ
4;CORDILLERA;42;VALENZUELA;2101;POTRERITO
4;CORDILLERA;42;VALENZUELA;2102;POTRERO COCULTO
4;CORDILLERA;42;VALENZUELA;2103;POTRERO PUCU
4;CORDILLERA;42;VALENZUELA;2104;POTRERO YACAREY
4;CORDILLERA;42;VALENZUELA;2105;ROA CUE
4;CORDILLERA;42;VALENZUELA;2106;ROSADO CARAPE
4;CORDILLERA;42;VALENZUELA;2107;ROSADO YBATE
4;CORDILLERA;42;VALENZUELA;2108;SAN  FRANCISCO
4;CORDILLERA;42;VALENZUELA;2109;TACUATY
4;CORDILLERA;42;VALENZUELA;2110;VALENZUELA (MUNICIPIO)
4;CORDILLERA;42;VALENZUELA;6298;ÑU GUAZU
4;CORDILLERA;43;LOMA GRANDE;2111;LOMA GRANDE
4;CORDILLERA;43;LOMA GRANDE;2111;LOMA GRANDE
4;CORDILLERA;43;LOMA GRANDE;2111;LOMA GRANDE
4;CORDILLERA;43;LOMA GRANDE;2111;LOMA GRANDE
4;CORDILLERA;43;LOMA GRANDE;2112;ALFONSO CENTRAL
4;CORDILLERA;43;LOMA GRANDE;2113;ALFONSO TRANQUERA
4;CORDILLERA;43;LOMA GRANDE;2114;ESTANCIA GAZORY
4;CORDILLERA;43;LOMA GRANDE;2115;SAN ANTONIO
4;CORDILLERA;43;LOMA GRANDE;2116;SAN ISIDRO
4;CORDILLERA;43;LOMA GRANDE;2117;SAN JOSE OBRERO
4;CORDILLERA;43;LOMA GRANDE;2118;SAN JUAN
4;CORDILLERA;43;LOMA GRANDE;2119;SANTO DOMINGO
4;CORDILLERA;43;LOMA GRANDE;6299;ESTANCIA SAN JOSE
4;CORDILLERA;43;LOMA GRANDE;6300;TRES REYES
4;CORDILLERA;44;SAN JOSE OBRERO;2132;SAN JOSE OBRERO
4;CORDILLERA;44;SAN JOSE OBRERO;2133;CIA. ALFONSO TRANQUERA
4;CORDILLERA;44;SAN JOSE OBRERO;2134;EST. GAZORY
4;CORDILLERA;44;SAN JOSE OBRERO;2135;EST. LA JOSEFINA
4;CORDILLERA;44;SAN JOSE OBRERO;2136;EST. NANDY-PAY
4;CORDILLERA;44;SAN JOSE OBRERO;2137;ESTERO TOBATIRY
4;CORDILLERA;44;SAN JOSE OBRERO;6303;CIA. ALFONSO CENTRAL
4;CORDILLERA;214;MBOCAYATY DEL YHAGUY;2120;BARRIO DEL CARMEN
4;CORDILLERA;214;MBOCAYATY DEL YHAGUY;2121;CAMPO SMITH - KENNEDY
4;CORDILLERA;214;MBOCAYATY DEL YHAGUY;2122;COL. ESPERANZA
4;CORDILLERA;214;MBOCAYATY DEL YHAGUY;2123;COL. PIRAY
4;CORDILLERA;214;MBOCAYATY DEL YHAGUY;2124;COL. SAN MARCOS
4;CORDILLERA;214;MBOCAYATY DEL YHAGUY;2125;CIA.LLANES
4;CORDILLERA;214;MBOCAYATY DEL YHAGUY;2126;CIA. RIO NEGRO
4;CORDILLERA;214;MBOCAYATY DEL YHAGUY;2127;EST.KENNEDY
4;CORDILLERA;214;MBOCAYATY DEL YHAGUY;2128;EST.SAN MARCOS
4;CORDILLERA;214;MBOCAYATY DEL YHAGUY;2129;ESTERO LAGUNA PERO
4;CORDILLERA;214;MBOCAYATY DEL YHAGUY;2130;ESTERO PE
4;CORDILLERA;214;MBOCAYATY DEL YHAGUY;2131;ESTERO YHAGUY
4;CORDILLERA;214;MBOCAYATY DEL YHAGUY;5891;MBOCAYATY
4;CORDILLERA;214;MBOCAYATY DEL YHAGUY;6301;COL. SAN BLAS
4;CORDILLERA;214;MBOCAYATY DEL YHAGUY;6302;EST.SANTA LUCIA
5;GUAIRA;45;VILLARRICA;2138;BARRIO ESTACION
5;GUAIRA;45;VILLARRICA;2139;CAAZAPAMI
5;GUAIRA;45;VILLARRICA;2140;CAROVENI NUEVO
5;GUAIRA;45;VILLARRICA;2141;CAROVENI VIEJO
5;GUAIRA;45;VILLARRICA;2142;CAÑADA
5;GUAIRA;45;VILLARRICA;2143;CERRO PELADO
5;GUAIRA;45;VILLARRICA;2144;COL. 14 DE MAYO
5;GUAIRA;45;VILLARRICA;2145;COSTA ESPINILLO
5;GUAIRA;45;VILLARRICA;2146;DOÑA JUANA
5;GUAIRA;45;VILLARRICA;2147;ESTACION STA.MARIA Y SAN PABLO
5;GUAIRA;45;VILLARRICA;2148;ESTACION STORN
5;GUAIRA;45;VILLARRICA;2637;ITA YBU
5;GUAIRA;45;VILLARRICA;2638;LEMOS
5;GUAIRA;45;VILLARRICA;2639;LOMA SAN FRANCISCO
5;GUAIRA;45;VILLARRICA;2640;LOMA VALENTINA
5;GUAIRA;45;VILLARRICA;2641;MBOPICUA
5;GUAIRA;45;VILLARRICA;2642;PERULERO
5;GUAIRA;45;VILLARRICA;2643;PISADERA
5;GUAIRA;45;VILLARRICA;2644;POLILLA
5;GUAIRA;45;VILLARRICA;2645;POTRERITO
5;GUAIRA;45;VILLARRICA;2646;POTRERO BAEZ
5;GUAIRA;45;VILLARRICA;2647;POTRERO ISLA
5;GUAIRA;45;VILLARRICA;2648;PUNTA CUPE
5;GUAIRA;45;VILLARRICA;2649;RINCON
5;GUAIRA;45;VILLARRICA;2650;ROSADO
5;GUAIRA;45;VILLARRICA;2651;SAMBARI
5;GUAIRA;45;VILLARRICA;2652;SAN FRANCISCO POTRERO
5;GUAIRA;45;VILLARRICA;2653;SAN MIGUEL
5;GUAIRA;45;VILLARRICA;2654;SANTA LUCIA
5;GUAIRA;45;VILLARRICA;2655;TUYUTI GUAZU
5;GUAIRA;45;VILLARRICA;2656;TUYUTI MI
5;GUAIRA;45;VILLARRICA;2657;VILLARRICA
5;GUAIRA;45;VILLARRICA;2657;VILLARRICA
5;GUAIRA;45;VILLARRICA;2657;VILLARRICA
5;GUAIRA;45;VILLARRICA;2657;VILLARRICA
5;GUAIRA;45;VILLARRICA;2657;VILLARRICA
5;GUAIRA;45;VILLARRICA;2657;VILLARRICA
5;GUAIRA;45;VILLARRICA;2657;VILLARRICA
5;GUAIRA;45;VILLARRICA;2657;VILLARRICA
5;GUAIRA;45;VILLARRICA;2658;YBAROTY
5;GUAIRA;45;VILLARRICA;2659;YJHOBY
5;GUAIRA;45;VILLARRICA;2660;YTORORO
5;GUAIRA;45;VILLARRICA;2661;ÑU MBYTE
5;GUAIRA;45;VILLARRICA;6304;VILLARRICA
5;GUAIRA;45;VILLARRICA;6305;CASCO RINCON
5;GUAIRA;45;VILLARRICA;6306;ESPINILLO
5;GUAIRA;46;SAN SALVADOR;2662;SAN SALVADOR
5;GUAIRA;46;SAN SALVADOR;2663;ESTACION LOS PINOS
5;GUAIRA;46;SAN SALVADOR;2664;ESTACION VERTOLO
5;GUAIRA;46;SAN SALVADOR;2665;ISLA VALLE
5;GUAIRA;46;SAN SALVADOR;2666;ITACURUBI
5;GUAIRA;46;SAN SALVADOR;2667;LOMA GUAZU
5;GUAIRA;46;SAN SALVADOR;2668;POTRERO ROBLEDO
5;GUAIRA;46;SAN SALVADOR;2669;SAN RAFAEL
5;GUAIRA;46;SAN SALVADOR;2670;SAN SALVADOR
5;GUAIRA;46;SAN SALVADOR;2671;TRANQUERA CUE
5;GUAIRA;46;SAN SALVADOR;2672;YHACA MI
5;GUAIRA;46;SAN SALVADOR;2673;YUQUERY
5;GUAIRA;47;BORJA;2674;BORJA
5;GUAIRA;47;BORJA;2675;20 DE JUNIO
5;GUAIRA;47;BORJA;2676;BOQUERON
5;GUAIRA;47;BORJA;2677;BORJA
5;GUAIRA;47;BORJA;2678;COL. SAN ANTONIO
5;GUAIRA;47;BORJA;2679;CORDILLERA
5;GUAIRA;47;BORJA;2680;COSTA JHU
5;GUAIRA;47;BORJA;2681;COSTEADA ÑU PUAJHU
5;GUAIRA;47;BORJA;2682;ESTACION ARTURO OVIEDO
5;GUAIRA;47;BORJA;2683;ESTACION ACOSTA
5;GUAIRA;47;BORJA;2684;ESTACION PAI SANTA CRUZ
5;GUAIRA;47;BORJA;2685;ESTACION SAN ANTONIO
5;GUAIRA;47;BORJA;2686;ESTANCIA HORTENSIS
5;GUAIRA;47;BORJA;2687;ESTANCION FERNANDEZ
5;GUAIRA;47;BORJA;2688;ISLA ALTA
5;GUAIRA;47;BORJA;2689;ISLA GUAZU
5;GUAIRA;47;BORJA;2690;LOMAI
5;GUAIRA;47;BORJA;2691;MACARRO
5;GUAIRA;47;BORJA;2692;PADRE A. MOLAS
5;GUAIRA;47;BORJA;2693;PASO CUE
5;GUAIRA;47;BORJA;2694;RINCON
5;GUAIRA;47;BORJA;2695;ROJAS JUGUA
5;GUAIRA;47;BORJA;2696;TEBICUARY COSTA
5;GUAIRA;47;BORJA;2697;TEY-I CUE
5;GUAIRA;47;BORJA;2698;VALLE PE
5;GUAIRA;47;BORJA;2699;VALLE - I
5;GUAIRA;47;BORJA;2700;YEGUARIZO
5;GUAIRA;47;BORJA;2701;YHACA GUAZU
5;GUAIRA;47;BORJA;2702;ZACARIAS - I
5;GUAIRA;47;BORJA;2703;ZACARIAS GUAZU
5;GUAIRA;47;BORJA;2704;ÑU PUAJHU
5;GUAIRA;48;INDEPENDENCIA (R.D.MELGAREJO);2705;INDEPENDENCIA (R.D.MELGAREJO)
5;GUAIRA;48;INDEPENDENCIA (R.D.MELGAREJO);2706;ARROYO ARA
5;GUAIRA;48;INDEPENDENCIA (R.D.MELGAREJO);2707;CALLE ALTA
5;GUAIRA;48;INDEPENDENCIA (R.D.MELGAREJO);2708;CALLE DOS MIL
5;GUAIRA;48;INDEPENDENCIA (R.D.MELGAREJO);2709;CALLE MIL
5;GUAIRA;48;INDEPENDENCIA (R.D.MELGAREJO);2710;CAMPITO
5;GUAIRA;48;INDEPENDENCIA (R.D.MELGAREJO);2711;CAMPO LEGAL
5;GUAIRA;48;INDEPENDENCIA (R.D.MELGAREJO);2712;CAPII
5;GUAIRA;48;INDEPENDENCIA (R.D.MELGAREJO);2713;CARLOS PFANNLL
5;GUAIRA;48;INDEPENDENCIA (R.D.MELGAREJO);2714;CERRITO
5;GUAIRA;48;INDEPENDENCIA (R.D.MELGAREJO);2715;CERRO CORA
5;GUAIRA;48;INDEPENDENCIA (R.D.MELGAREJO);2716;CERRO LEON
5;GUAIRA;48;INDEPENDENCIA (R.D.MELGAREJO);2717;COL. INDEPENDENCIA
5;GUAIRA;48;INDEPENDENCIA (R.D.MELGAREJO);2718;CURUZUPE
5;GUAIRA;48;INDEPENDENCIA (R.D.MELGAREJO);2719;GUAJHO
5;GUAIRA;48;INDEPENDENCIA (R.D.MELGAREJO);2720;ITA AZUL
5;GUAIRA;48;INDEPENDENCIA (R.D.MELGAREJO);2721;MAINUMBY
5;GUAIRA;48;INDEPENDENCIA (R.D.MELGAREJO);2722;MAYOR CUE
5;GUAIRA;48;INDEPENDENCIA (R.D.MELGAREJO);2723;PALÑETEY
5;GUAIRA;48;INDEPENDENCIA (R.D.MELGAREJO);2724;PFANNLL
5;GUAIRA;48;INDEPENDENCIA (R.D.MELGAREJO);2725;PLANTA
5;GUAIRA;48;INDEPENDENCIA (R.D.MELGAREJO);2726;PLANTA URBANA
5;GUAIRA;48;INDEPENDENCIA (R.D.MELGAREJO);2727;POT.BLANCO-2,3,4,5,6,7,8 LINEA
5;GUAIRA;48;INDEPENDENCIA (R.D.MELGAREJO);2728;PRIMAVERA
5;GUAIRA;48;INDEPENDENCIA (R.D.MELGAREJO);2729;PUNTA
5;GUAIRA;48;INDEPENDENCIA (R.D.MELGAREJO);2730;PUNTA CHACHI
5;GUAIRA;48;INDEPENDENCIA (R.D.MELGAREJO);2731;RANCHO CAZADOR
5;GUAIRA;48;INDEPENDENCIA (R.D.MELGAREJO);2732;SAN ANTONIO
5;GUAIRA;48;INDEPENDENCIA (R.D.MELGAREJO);2733;SAN GERVASIO
5;GUAIRA;48;INDEPENDENCIA (R.D.MELGAREJO);2734;SAN ROQUE ( CALLE )
5;GUAIRA;48;INDEPENDENCIA (R.D.MELGAREJO);2735;SANTA CATALINA
5;GUAIRA;48;INDEPENDENCIA (R.D.MELGAREJO);2736;SANTA CECILIA
5;GUAIRA;48;INDEPENDENCIA (R.D.MELGAREJO);2737;SANTO DOMINGO
5;GUAIRA;48;INDEPENDENCIA (R.D.MELGAREJO);2738;TERCERA FRACCION
5;GUAIRA;48;INDEPENDENCIA (R.D.MELGAREJO);2739;VISTA ALEGRE
5;GUAIRA;48;INDEPENDENCIA (R.D.MELGAREJO);2740;ZORRILLA
5;GUAIRA;49;GRAL.EUGENIO A. GARAY;2741;GRAL.EUGENIO A. GARAY
5;GUAIRA;49;GRAL.EUGENIO A. GARAY;2741;GRAL.EUGENIO A. GARAY
5;GUAIRA;49;GRAL.EUGENIO A. GARAY;2741;GRAL.EUGENIO A. GARAY
5;GUAIRA;49;GRAL.EUGENIO A. GARAY;2741;GRAL.EUGENIO A. GARAY
5;GUAIRA;49;GRAL.EUGENIO A. GARAY;2741;GRAL.EUGENIO A. GARAY
5;GUAIRA;49;GRAL.EUGENIO A. GARAY;2741;GRAL.EUGENIO A. GARAY
5;GUAIRA;49;GRAL.EUGENIO A. GARAY;2742;BENITO CUE
5;GUAIRA;49;GRAL.EUGENIO A. GARAY;2743;CIERVO CUA GUAZU
5;GUAIRA;49;GRAL.EUGENIO A. GARAY;2744;CIERVO CUA MI
5;GUAIRA;49;GRAL.EUGENIO A. GARAY;2745;FLORIDO
5;GUAIRA;49;GRAL.EUGENIO A. GARAY;2746;GRAL. E. A. GARAY
5;GUAIRA;49;GRAL.EUGENIO A. GARAY;2747;KILOMETRO 26
5;GUAIRA;49;GRAL.EUGENIO A. GARAY;2748;KILOMETRO 29
5;GUAIRA;49;GRAL.EUGENIO A. GARAY;2749;KYRAYTY
5;GUAIRA;49;GRAL.EUGENIO A. GARAY;2750;POTRERO JHU
5;GUAIRA;49;GRAL.EUGENIO A. GARAY;2751;ROQUE G. DE SANTA CRUZ
5;GUAIRA;49;GRAL.EUGENIO A. GARAY;2752;SAN BLAS
5;GUAIRA;49;GRAL.EUGENIO A. GARAY;2753;SAN JOSE
5;GUAIRA;49;GRAL.EUGENIO A. GARAY;2754;SAN PATRICIO
5;GUAIRA;49;GRAL.EUGENIO A. GARAY;2755;SANTA CATALINA
5;GUAIRA;49;GRAL.EUGENIO A. GARAY;2756;YATE - I
5;GUAIRA;49;GRAL.EUGENIO A. GARAY;2757;YOHERE
5;GUAIRA;49;GRAL.EUGENIO A. GARAY;2758;ÑANDU CUA - I
5;GUAIRA;49;GRAL.EUGENIO A. GARAY;2759;ÑU PUAJHU - MI
5;GUAIRA;49;GRAL.EUGENIO A. GARAY;6334;POTRERO YBATE
5;GUAIRA;49;GRAL.EUGENIO A. GARAY;6335;SAN ROQUE
5;GUAIRA;49;GRAL.EUGENIO A. GARAY;6336;ÑANDU CUA
5;GUAIRA;50;CNEL. MARTINEZ;2760;CNEL. MARTINEZ
5;GUAIRA;50;CNEL. MARTINEZ;2761;ARECO
5;GUAIRA;50;CNEL. MARTINEZ;2762;ARROYITO
5;GUAIRA;50;CNEL. MARTINEZ;2763;CAPELLAN CARDOZO
5;GUAIRA;50;CNEL. MARTINEZ;2764;CHACRA NORTE
5;GUAIRA;50;CNEL. MARTINEZ;2765;CHACRA SUR
5;GUAIRA;50;CNEL. MARTINEZ;2766;CORONEL MARTINEZ
5;GUAIRA;50;CNEL. MARTINEZ;2767;COSTA - I
5;GUAIRA;50;CNEL. MARTINEZ;2768;COSTA BARRIOS
5;GUAIRA;50;CNEL. MARTINEZ;2769;ESTACION COLONIA - I
5;GUAIRA;50;CNEL. MARTINEZ;2770;ESTANCIA FORTEZA
5;GUAIRA;50;CNEL. MARTINEZ;2771;ESTANCIA JESUS
5;GUAIRA;50;CNEL. MARTINEZ;2772;FERREIRAS
5;GUAIRA;50;CNEL. MARTINEZ;2773;LOMA PINDO
5;GUAIRA;50;CNEL. MARTINEZ;2774;MONGES JHUGUA
5;GUAIRA;50;CNEL. MARTINEZ;2775;POTRERO VILLER
5;GUAIRA;50;CNEL. MARTINEZ;2776;TTE. BOGADO
5;GUAIRA;50;CNEL. MARTINEZ;6337;AZUC.PARAG.(AZUCARERA PARANA)
5;GUAIRA;50;CNEL. MARTINEZ;6338;ESTACION FORTALEZA
5;GUAIRA;50;CNEL. MARTINEZ;6339;MONGES PASO
5;GUAIRA;51;JOSE FASSARDI;2777;JOSE FASSARDI
5;GUAIRA;51;JOSE FASSARDI;2778;1RO. DE MARZO
5;GUAIRA;51;JOSE FASSARDI;2779;CAGUARE-I
5;GUAIRA;51;JOSE FASSARDI;2780;CAÑADA TAPY-I
5;GUAIRA;51;JOSE FASSARDI;2781;FASSARDI
5;GUAIRA;51;JOSE FASSARDI;2782;KILOMETRO 13
5;GUAIRA;51;JOSE FASSARDI;2783;KILOMETRO 3
5;GUAIRA;51;JOSE FASSARDI;2784;KILOMETRO 31
5;GUAIRA;51;JOSE FASSARDI;2785;KILOMETRO 35
5;GUAIRA;51;JOSE FASSARDI;2786;KILOMETRO 36
5;GUAIRA;51;JOSE FASSARDI;2787;PALMITO
5;GUAIRA;51;JOSE FASSARDI;2788;SAN AGUSTIN
5;GUAIRA;51;JOSE FASSARDI;2789;SAN ANTONIO
5;GUAIRA;51;JOSE FASSARDI;2790;SAN ROQUE
5;GUAIRA;51;JOSE FASSARDI;2791;SANTA ANA
5;GUAIRA;51;JOSE FASSARDI;2792;SANTA ROSA
5;GUAIRA;51;JOSE FASSARDI;2793;TAJHY-I
5;GUAIRA;51;JOSE FASSARDI;2794;ÑU PUAJHU - MI
5;GUAIRA;51;JOSE FASSARDI;6340;AMAMBAY
5;GUAIRA;51;JOSE FASSARDI;6341;KILOMETRO 17
5;GUAIRA;51;JOSE FASSARDI;6342;LOTE-I
5;GUAIRA;51;JOSE FASSARDI;6343;SAN PABLO
5;GUAIRA;51;JOSE FASSARDI;6344;ÑU PUAJHU
5;GUAIRA;52;FELIX PEREZ CARDOZO;2795;FELIX PEREZ CARDOZO
5;GUAIRA;52;FELIX PEREZ CARDOZO;2796;AQUINO COSTA
5;GUAIRA;52;FELIX PEREZ CARDOZO;2797;BOMBILLA
5;GUAIRA;52;FELIX PEREZ CARDOZO;2798;CERRITO
5;GUAIRA;52;FELIX PEREZ CARDOZO;2799;COCUERE GUAZU
5;GUAIRA;52;FELIX PEREZ CARDOZO;2800;COSTA MERCADO
5;GUAIRA;52;FELIX PEREZ CARDOZO;2801;CUNDY
5;GUAIRA;52;FELIX PEREZ CARDOZO;2802;ESTACION COSTA
5;GUAIRA;52;FELIX PEREZ CARDOZO;2803;FELIX PEREZ CARDOZO
5;GUAIRA;52;FELIX PEREZ CARDOZO;2804;JHUGUA
5;GUAIRA;52;FELIX PEREZ CARDOZO;2805;POTRERO BENITEZ
5;GUAIRA;52;FELIX PEREZ CARDOZO;2806;POTRERO MELGAREJO
5;GUAIRA;52;FELIX PEREZ CARDOZO;2807;RANCHO SAN ANTONIO
5;GUAIRA;52;FELIX PEREZ CARDOZO;2808;TABAI
5;GUAIRA;52;FELIX PEREZ CARDOZO;2809;TORO
5;GUAIRA;52;FELIX PEREZ CARDOZO;6345;CAPILLA COSTA
5;GUAIRA;53;MAURICIO JOSE TROCHE;2810;MAURICIO JOSE TROCHE
5;GUAIRA;53;MAURICIO JOSE TROCHE;2811;C. FASSARDI
5;GUAIRA;53;MAURICIO JOSE TROCHE;2812;CERRO PUNTA
5;GUAIRA;53;MAURICIO JOSE TROCHE;2813;CIERVO CUA
5;GUAIRA;53;MAURICIO JOSE TROCHE;2814;COLEGIO COOPERATIVA
5;GUAIRA;53;MAURICIO JOSE TROCHE;2815;CORA GUAZU-1RA-2DA. CALLES
5;GUAIRA;53;MAURICIO JOSE TROCHE;2816;COSTA CABALLERO
5;GUAIRA;53;MAURICIO JOSE TROCHE;2817;COSTA PUCU
5;GUAIRA;53;MAURICIO JOSE TROCHE;2818;ITACURUBI
5;GUAIRA;53;MAURICIO JOSE TROCHE;2819;MAURICIO JOSE TROCHE
5;GUAIRA;53;MAURICIO JOSE TROCHE;2819;MAURICIO JOSE TROCHE
5;GUAIRA;53;MAURICIO JOSE TROCHE;2819;MAURICIO JOSE TROCHE
5;GUAIRA;53;MAURICIO JOSE TROCHE;2819;MAURICIO JOSE TROCHE
5;GUAIRA;53;MAURICIO JOSE TROCHE;2819;MAURICIO JOSE TROCHE
5;GUAIRA;53;MAURICIO JOSE TROCHE;2819;MAURICIO JOSE TROCHE
5;GUAIRA;53;MAURICIO JOSE TROCHE;2819;MAURICIO JOSE TROCHE
5;GUAIRA;53;MAURICIO JOSE TROCHE;2820;SAN SALVADOR ( BALANZA 1 )
5;GUAIRA;54;ITAPE;2821;ITAPE
5;GUAIRA;54;ITAPE;2821;ITAPE
5;GUAIRA;54;ITAPE;2821;ITAPE
5;GUAIRA;54;ITAPE;2821;ITAPE
5;GUAIRA;54;ITAPE;2822;ESTACION DEMATTEI
5;GUAIRA;54;ITAPE;2823;ESTACION ELISA ( MUSSI )
5;GUAIRA;54;ITAPE;2824;ESTACION ELISA ( RETIRO )
5;GUAIRA;54;ITAPE;2825;ESTACION MBOJHAPHY(SACARRELLO)
5;GUAIRA;54;ITAPE;2826;ÑUMI
5;GUAIRA;55;ITURBE;2827;ITURBE
5;GUAIRA;55;ITURBE;2827;ITURBE
5;GUAIRA;55;ITURBE;2827;ITURBE
5;GUAIRA;55;ITURBE;2827;ITURBE
5;GUAIRA;55;ITURBE;2827;ITURBE
5;GUAIRA;55;ITURBE;2828;CAAGUY CUPE
5;GUAIRA;55;ITURBE;2829;CAPILLA TUYA
5;GUAIRA;55;ITURBE;2830;LOMA BARRETO
5;GUAIRA;55;ITURBE;2831;POTRERO BENEGAS
5;GUAIRA;55;ITURBE;2832;PUESTO CAAGUY
5;GUAIRA;55;ITURBE;2833;TEBICUARY COSTA
5;GUAIRA;55;ITURBE;2834;VALLE PYTA
5;GUAIRA;56;MBOCAYATY;2835;MBOCAYATY
5;GUAIRA;56;MBOCAYATY;2836;CAP. SAMUDIO
5;GUAIRA;56;MBOCAYATY;2837;CARANDAY
5;GUAIRA;56;MBOCAYATY;2838;CARANDAYTY RUGUA
5;GUAIRA;56;MBOCAYATY;2839;COL. NAVILLE (CAPIITINDY)
5;GUAIRA;56;MBOCAYATY;2840;COSTA MBOCAYATY
5;GUAIRA;56;MBOCAYATY;2841;COSTA PISADERA
5;GUAIRA;56;MBOCAYATY;2842;ESTANCIA NAVILLE
5;GUAIRA;56;MBOCAYATY;2843;ESTANCIA SAN FELIPE
5;GUAIRA;56;MBOCAYATY;2844;LOMA BARRETO
5;GUAIRA;56;MBOCAYATY;2845;MBOCAYATY ( MUNICIPIO )
5;GUAIRA;56;MBOCAYATY;2845;MBOCAYATY ( MUNICIPIO )
5;GUAIRA;56;MBOCAYATY;2845;MBOCAYATY ( MUNICIPIO )
5;GUAIRA;56;MBOCAYATY;2845;MBOCAYATY ( MUNICIPIO )
5;GUAIRA;56;MBOCAYATY;2846;M. GONDRA
5;GUAIRA;56;MBOCAYATY;2847;PIRITY
5;GUAIRA;56;MBOCAYATY;2848;PTO. FRANCO
5;GUAIRA;56;MBOCAYATY;2849;STA. BARBARA
5;GUAIRA;56;MBOCAYATY;2850;TACUARITA
5;GUAIRA;57;NATALICIO TALAVERA;2851;NATALICIO TALAVERA
5;GUAIRA;57;NATALICIO TALAVERA;2851;NATALICIO TALAVERA
5;GUAIRA;57;NATALICIO TALAVERA;2851;NATALICIO TALAVERA
5;GUAIRA;57;NATALICIO TALAVERA;2851;NATALICIO TALAVERA
5;GUAIRA;57;NATALICIO TALAVERA;2852;1RA. LINEA BARRERA JHU
5;GUAIRA;57;NATALICIO TALAVERA;2853;2DA. LINEA
5;GUAIRA;57;NATALICIO TALAVERA;2854;3RA. LINEA
5;GUAIRA;57;NATALICIO TALAVERA;2855;ARROYO COSTA
5;GUAIRA;57;NATALICIO TALAVERA;2856;CARO ISLA
5;GUAIRA;57;NATALICIO TALAVERA;2857;ISLA
5;GUAIRA;57;NATALICIO TALAVERA;2858;JHUGUA
5;GUAIRA;57;NATALICIO TALAVERA;2859;LOTE PUCU
5;GUAIRA;57;NATALICIO TALAVERA;2860;NATALICIO TALAVERA
5;GUAIRA;57;NATALICIO TALAVERA;2861;POZO ITA
5;GUAIRA;57;NATALICIO TALAVERA;2862;POTRERITO
5;GUAIRA;57;NATALICIO TALAVERA;2863;ZANJA PYTA 4TA. LINEA
5;GUAIRA;57;NATALICIO TALAVERA;2864;SAN JOSE
5;GUAIRA;57;NATALICIO TALAVERA;2865;SANTA ROSA
5;GUAIRA;58;ÑUMI;2866;ÑUMI
5;GUAIRA;58;ÑUMI;2866;ÑUMI
5;GUAIRA;58;ÑUMI;2866;ÑUMI
5;GUAIRA;58;ÑUMI;2866;ÑUMI
5;GUAIRA;58;ÑUMI;2867;CAAGUY CUPE
5;GUAIRA;58;ÑUMI;2868;CAPILLA TUYA
5;GUAIRA;58;ÑUMI;2869;LOMA BARRETO
5;GUAIRA;58;ÑUMI;2870;POTRERO BENEGAS
5;GUAIRA;58;ÑUMI;2871;PUESTO CAAGUY
5;GUAIRA;58;ÑUMI;2872;TEBICUARY COSTA
5;GUAIRA;58;ÑUMI;2873;VALLE PYTA
5;GUAIRA;58;ÑUMI;2874;YATAITY ( MUNICIPIO )
5;GUAIRA;58;ÑUMI;2874;YATAITY ( MUNICIPIO )
5;GUAIRA;58;ÑUMI;2874;YATAITY ( MUNICIPIO )
5;GUAIRA;58;ÑUMI;2874;YATAITY ( MUNICIPIO )
5;GUAIRA;58;ÑUMI;2874;YATAITY ( MUNICIPIO )
5;GUAIRA;59;YATAITY;2875;YATAITY
5;GUAIRA;59;YATAITY;2876;EST. DEMATEI
5;GUAIRA;59;YATAITY;2877;EST. ELISA ( MUSSI )
5;GUAIRA;59;YATAITY;2878;EST. ELISA ( RETIRO )
5;GUAIRA;59;YATAITY;2879;EST. MBOJHAPY ( SACCARELLO )
5;GUAIRA;59;YATAITY;2880;ÑUMI
5;GUAIRA;60;DR. BOTREL;2881;DR. BOTREL
5;GUAIRA;60;DR. BOTREL;2882;B.GOROSTIAGA
5;GUAIRA;60;DR. BOTREL;2883;COL.DR.BOTREL
5;GUAIRA;60;DR. BOTREL;2884;TACUAPITY
5;GUAIRA;60;DR. BOTREL;2885;ÑUMI
5;GUAIRA;225;PASO YOBAY;4595;PASO YOBAY
5;GUAIRA;225;PASO YOBAY;4595;PASO YOBAY
5;GUAIRA;225;PASO YOBAY;4595;PASO YOBAY
5;GUAIRA;246;SIN EQUIVALENCIA;6388;BARRERO NARANJA
5;GUAIRA;246;SIN EQUIVALENCIA;6389;CERRO CORA
5;GUAIRA;246;SIN EQUIVALENCIA;6390;CONCEPCION-MI
5;GUAIRA;246;SIN EQUIVALENCIA;6391;EST. ACOSTA
5;GUAIRA;246;SIN EQUIVALENCIA;6392;EST. SAN MIGUEL
5;GUAIRA;246;SIN EQUIVALENCIA;6393;FLORIDA
5;GUAIRA;246;SIN EQUIVALENCIA;6394;PERULERO
5;GUAIRA;246;SIN EQUIVALENCIA;6395;POTRERITO
5;GUAIRA;246;SIN EQUIVALENCIA;6396;STA. ELENA
5;GUAIRA;246;SIN EQUIVALENCIA;6397;SAN LUIS
5;GUAIRA;246;SIN EQUIVALENCIA;6398;STA. ROSA
5;GUAIRA;265;TEBICUARY;6416;CHACRA NORTE
5;GUAIRA;265;TEBICUARY;6417;CHACRA SUR
5;GUAIRA;265;TEBICUARY;6418;AVIACION
5;GUAIRA;265;TEBICUARY;6419;LOMA PINDO
5;GUAIRA;265;TEBICUARY;6420;URBANIZACION
6;CAAGUAZU;61;CNEL. OVIEDO;2886;CNEL. OVIEDO
6;CAAGUAZU;61;CNEL. OVIEDO;2886;CNEL. OVIEDO
6;CAAGUAZU;61;CNEL. OVIEDO;2886;CNEL. OVIEDO
6;CAAGUAZU;61;CNEL. OVIEDO;2886;CNEL. OVIEDO
6;CAAGUAZU;61;CNEL. OVIEDO;2886;CNEL. OVIEDO
6;CAAGUAZU;61;CNEL. OVIEDO;2886;CNEL. OVIEDO
6;CAAGUAZU;61;CNEL. OVIEDO;2886;CNEL. OVIEDO
6;CAAGUAZU;61;CNEL. OVIEDO;2886;CNEL. OVIEDO
6;CAAGUAZU;61;CNEL. OVIEDO;2886;CNEL. OVIEDO
6;CAAGUAZU;61;CNEL. OVIEDO;2886;CNEL. OVIEDO
6;CAAGUAZU;61;CNEL. OVIEDO;2886;CNEL. OVIEDO
6;CAAGUAZU;61;CNEL. OVIEDO;2886;CNEL. OVIEDO
6;CAAGUAZU;61;CNEL. OVIEDO;2887;12 DE JUNIO 1RA.
6;CAAGUAZU;61;CNEL. OVIEDO;2888;12 DE JUNIO 2DA.
6;CAAGUAZU;61;CNEL. OVIEDO;2889;1RO DE JUNIO
6;CAAGUAZU;61;CNEL. OVIEDO;2890;1RO. DE MARZO
6;CAAGUAZU;61;CNEL. OVIEDO;2891;3 DE MAYO ( CALLE )
6;CAAGUAZU;61;CNEL. OVIEDO;2892;AGUAPETY
6;CAAGUAZU;61;CNEL. OVIEDO;2893;AZUCENA
6;CAAGUAZU;61;CNEL. OVIEDO;2894;B. FATIMA
6;CAAGUAZU;61;CNEL. OVIEDO;2895;BOQUERON
6;CAAGUAZU;61;CNEL. OVIEDO;2896;C. BORDENAVE
6;CAAGUAZU;61;CNEL. OVIEDO;2897;CAAGUY CUPE
6;CAAGUAZU;61;CNEL. OVIEDO;2898;CAITA
6;CAAGUAZU;61;CNEL. OVIEDO;2899;CALLE 1  BLAS GARAY
6;CAAGUAZU;61;CNEL. OVIEDO;2900;CALLE 10 TACUA CORA
6;CAAGUAZU;61;CNEL. OVIEDO;2901;CALLE 12 TAYAO
6;CAAGUAZU;61;CNEL. OVIEDO;2902;CALLE 124 TAYAO
6;CAAGUAZU;61;CNEL. OVIEDO;2903;CALLE 13 TAYAO
6;CAAGUAZU;61;CNEL. OVIEDO;2904;CALLE 14 TAYAO
6;CAAGUAZU;61;CNEL. OVIEDO;2905;CALLE 16 TAYAO
6;CAAGUAZU;61;CNEL. OVIEDO;2906;CALLE 18 TAYAO
6;CAAGUAZU;61;CNEL. OVIEDO;2907;CALLE 2 BLAS GARAY
6;CAAGUAZU;61;CNEL. OVIEDO;2908;CALLE 2 TACUA CORA
6;CAAGUAZU;61;CNEL. OVIEDO;2909;CALLE 20 TAYAO
6;CAAGUAZU;61;CNEL. OVIEDO;2910;CALLE 20 TAYAO ZONA NORTE
6;CAAGUAZU;61;CNEL. OVIEDO;2911;CALLE 22 TAYAO
6;CAAGUAZU;61;CNEL. OVIEDO;2912;CALLE 24 TAYAO
6;CAAGUAZU;61;CNEL. OVIEDO;2913;CALLE 26 TAYAO
6;CAAGUAZU;61;CNEL. OVIEDO;2914;CALLE 3 BLAS GARAY
6;CAAGUAZU;61;CNEL. OVIEDO;2915;CALLE 4 TACUA CORA
6;CAAGUAZU;61;CNEL. OVIEDO;2916;CALLE 6 TACUA CORA
6;CAAGUAZU;61;CNEL. OVIEDO;2917;CALLE 8 TACUA CORA
6;CAAGUAZU;61;CNEL. OVIEDO;2918;CALLE A TACUA CORA
6;CAAGUAZU;61;CNEL. OVIEDO;2919;CALLE ARENA
6;CAAGUAZU;61;CNEL. OVIEDO;2920;CALLE ARROZ
6;CAAGUAZU;61;CNEL. OVIEDO;2921;CALLE FLORICA
6;CAAGUAZU;61;CNEL. OVIEDO;2922;COL. GENARO ROMERO
6;CAAGUAZU;61;CNEL. OVIEDO;2923;CALLE GUAZU
6;CAAGUAZU;61;CNEL. OVIEDO;2924;CALLE ITACURUBI
6;CAAGUAZU;61;CNEL. OVIEDO;2925;CALLE JIMENEZ
6;CAAGUAZU;61;CNEL. OVIEDO;2926;CALLE MOREIRA
6;CAAGUAZU;61;CNEL. OVIEDO;2927;CALLE PYAJHU
6;CAAGUAZU;61;CNEL. OVIEDO;2928;CALLE SAN FRANCISCO
6;CAAGUAZU;61;CNEL. OVIEDO;2929;CANGAI
6;CAAGUAZU;61;CNEL. OVIEDO;2930;CAPILLITA
6;CAAGUAZU;61;CNEL. OVIEDO;2931;CAPITAN ROA
6;CAAGUAZU;61;CNEL. OVIEDO;2932;CARAGUATAY MI
6;CAAGUAZU;61;CNEL. OVIEDO;2933;CARANDAYTY
6;CAAGUAZU;61;CNEL. OVIEDO;2934;CERRITO
6;CAAGUAZU;61;CNEL. OVIEDO;2935;CHASE CUE
6;CAAGUAZU;61;CNEL. OVIEDO;2936;CHIRCA TY
6;CAAGUAZU;61;CNEL. OVIEDO;2937;CNEL. OVIEDO
6;CAAGUAZU;61;CNEL. OVIEDO;2938;COL. SANTA MARIA
6;CAAGUAZU;61;CNEL. OVIEDO;2939;COSTA JHU
6;CAAGUAZU;61;CNEL. OVIEDO;2940;COSTA VARELA
6;CAAGUAZU;61;CNEL. OVIEDO;2941;CUARTO POTRERO
6;CAAGUAZU;61;CNEL. OVIEDO;2942;CURUCAU
6;CAAGUAZU;61;CNEL. OVIEDO;2943;ESPINILLO
6;CAAGUAZU;61;CNEL. OVIEDO;2944;ESTANCIA BALANZA
6;CAAGUAZU;61;CNEL. OVIEDO;2945;ESTANCIA ISLA NEGRA
6;CAAGUAZU;61;CNEL. OVIEDO;2946;ESTANCIA JOSEFINA
6;CAAGUAZU;61;CNEL. OVIEDO;2947;ESTANCIA LOMA
6;CAAGUAZU;61;CNEL. OVIEDO;2948;ESTANCIA ORTIZ
6;CAAGUAZU;61;CNEL. OVIEDO;2949;ESTANCIA PACURI
6;CAAGUAZU;61;CNEL. OVIEDO;2950;ESTANCIA SAMUDIO
6;CAAGUAZU;61;CNEL. OVIEDO;2951;ESTANCIA VEGA
6;CAAGUAZU;61;CNEL. OVIEDO;2952;FRANCO CUE
6;CAAGUAZU;61;CNEL. OVIEDO;2953;JHUGUA GUAZU
6;CAAGUAZU;61;CNEL. OVIEDO;2954;LA BARREREÑA
6;CAAGUAZU;61;CNEL. OVIEDO;2955;LEIVA I
6;CAAGUAZU;61;CNEL. OVIEDO;2956;MBURURU OCA
6;CAAGUAZU;61;CNEL. OVIEDO;2957;OLEGARIO
6;CAAGUAZU;61;CNEL. OVIEDO;2958;OVANDO
6;CAAGUAZU;61;CNEL. OVIEDO;2959;PINDO TY
6;CAAGUAZU;61;CNEL. OVIEDO;2960;PIQUETE CUE
6;CAAGUAZU;61;CNEL. OVIEDO;2961;POTRERITO
6;CAAGUAZU;61;CNEL. OVIEDO;2962;POTRERITO OCULTO
6;CAAGUAZU;61;CNEL. OVIEDO;2963;POTRERO BALBINA
6;CAAGUAZU;61;CNEL. OVIEDO;2964;POTRERO CERCADO
6;CAAGUAZU;61;CNEL. OVIEDO;2965;POTRERO CUE
6;CAAGUAZU;61;CNEL. OVIEDO;2966;POTRERO SAN ROQUE
6;CAAGUAZU;61;CNEL. OVIEDO;2967;PUESTO CAAGUY RORY
6;CAAGUAZU;61;CNEL. OVIEDO;2968;QUELITA
6;CAAGUAZU;61;CNEL. OVIEDO;2969;SAN ANTONIO
6;CAAGUAZU;61;CNEL. OVIEDO;2970;SAN AGUSTIN
6;CAAGUAZU;61;CNEL. OVIEDO;2971;SAN MIGUEL
6;CAAGUAZU;61;CNEL. OVIEDO;2972;SAN PEDRO
6;CAAGUAZU;61;CNEL. OVIEDO;2973;SAN ROQUE
6;CAAGUAZU;61;CNEL. OVIEDO;2974;SANTA LIBRADA
6;CAAGUAZU;61;CNEL. OVIEDO;2975;SANTA MARIA
6;CAAGUAZU;61;CNEL. OVIEDO;2976;SARO CARO
6;CAAGUAZU;61;CNEL. OVIEDO;2977;SETECIENTOS
6;CAAGUAZU;61;CNEL. OVIEDO;2978;TACURUTY ( CALLE )
6;CAAGUAZU;61;CNEL. OVIEDO;2979;TAMBO ( TAMBOR ) ( TAMBORIL )
6;CAAGUAZU;61;CNEL. OVIEDO;2980;TAVY
6;CAAGUAZU;61;CNEL. OVIEDO;2981;TUYU PACU
6;CAAGUAZU;61;CNEL. OVIEDO;2982;VOLCAN CUE
6;CAAGUAZU;61;CNEL. OVIEDO;2983;YCUA CAAGUY
6;CAAGUAZU;61;CNEL. OVIEDO;2984;YCUA PORA
6;CAAGUAZU;61;CNEL. OVIEDO;2985;YPORA
6;CAAGUAZU;61;CNEL. OVIEDO;2986;YUQUYTY
6;CAAGUAZU;61;CNEL. OVIEDO;2987;ÑU RUGUA
6;CAAGUAZU;61;CNEL. OVIEDO;6346;CALLE 4 BLAS GARAY
6;CAAGUAZU;61;CNEL. OVIEDO;6347;DON BOSCO
6;CAAGUAZU;61;CNEL. OVIEDO;6348;CALLE INFANTIL
6;CAAGUAZU;61;CNEL. OVIEDO;6349;CALLE SANTO DOMINGO
6;CAAGUAZU;61;CNEL. OVIEDO;6350;CAYGUA COCUE
6;CAAGUAZU;61;CNEL. OVIEDO;6351;COSTA ALEGRE
6;CAAGUAZU;61;CNEL. OVIEDO;6352;ESCALADA CUE
6;CAAGUAZU;61;CNEL. OVIEDO;6353;ESTANCIA LA QUERENCIA
6;CAAGUAZU;61;CNEL. OVIEDO;6354;ISLA PUCU
6;CAAGUAZU;61;CNEL. OVIEDO;6355;MBURURU PY
6;CAAGUAZU;61;CNEL. OVIEDO;6356;PLACIDO
6;CAAGUAZU;62;CAAGUAZU;2988;CAAGUAZU
6;CAAGUAZU;62;CAAGUAZU;2988;CAAGUAZU
6;CAAGUAZU;62;CAAGUAZU;2988;CAAGUAZU
6;CAAGUAZU;62;CAAGUAZU;2988;CAAGUAZU
6;CAAGUAZU;62;CAAGUAZU;2988;CAAGUAZU
6;CAAGUAZU;62;CAAGUAZU;2988;CAAGUAZU
6;CAAGUAZU;62;CAAGUAZU;2988;CAAGUAZU
6;CAAGUAZU;62;CAAGUAZU;2988;CAAGUAZU
6;CAAGUAZU;62;CAAGUAZU;2988;CAAGUAZU
6;CAAGUAZU;62;CAAGUAZU;2988;CAAGUAZU
6;CAAGUAZU;62;CAAGUAZU;2988;CAAGUAZU
6;CAAGUAZU;62;CAAGUAZU;2988;CAAGUAZU
6;CAAGUAZU;62;CAAGUAZU;2988;CAAGUAZU
6;CAAGUAZU;62;CAAGUAZU;2988;CAAGUAZU
6;CAAGUAZU;62;CAAGUAZU;2989;1 Y 3 LINEA ( ISAU )
6;CAAGUAZU;62;CAAGUAZU;2990;1,2,3,4 LINEA(B.EUGEN.A.GARAY)
6;CAAGUAZU;62;CAAGUAZU;2991;1,2,3,4,5,6 LINEA(C.EX-COMBAT)
6;CAAGUAZU;62;CAAGUAZU;2992;1,2,3,4,5,8,10 LINEA (BALANZA)
6;CAAGUAZU;62;CAAGUAZU;2993;1RA. Y 2DA.LINEA(SAN SALVADOR)
6;CAAGUAZU;62;CAAGUAZU;2994;2DA.LINEA ( INDIGENA )
6;CAAGUAZU;62;CAAGUAZU;2995;2DA.LINEA (TACURU PYTA)
6;CAAGUAZU;62;CAAGUAZU;2996;2DA. LINEA GUAJHO
6;CAAGUAZU;62;CAAGUAZU;2997;3 DE MAYO - I
6;CAAGUAZU;62;CAAGUAZU;2998;3 DE MAYO-GUAZU (INDIGENA)
6;CAAGUAZU;62;CAAGUAZU;2999;3,4,5,6 LINEA AGUA GUAZU
6;CAAGUAZU;62;CAAGUAZU;3000;3RA. Y 4TA. LINEA (SAN MIGUEL)
6;CAAGUAZU;62;CAAGUAZU;3001;4TA. Y 5TA. LINEA (LA FABRIL)
6;CAAGUAZU;62;CAAGUAZU;3002;5TA.LINEA(COL. CABALLERO A.)
6;CAAGUAZU;62;CAAGUAZU;3003;6 DE ENERO
6;CAAGUAZU;62;CAAGUAZU;3004;AGUA-I
6;CAAGUAZU;62;CAAGUAZU;3005;AMBAHY
6;CAAGUAZU;62;CAAGUAZU;3006;APY - A
6;CAAGUAZU;62;CAAGUAZU;3007;ARROYITO
6;CAAGUAZU;62;CAAGUAZU;3008;ARROYO ANGUA
6;CAAGUAZU;62;CAAGUAZU;3009;ARROYO GUAVIRA
6;CAAGUAZU;62;CAAGUAZU;3010;ARROYO GUAZU
6;CAAGUAZU;62;CAAGUAZU;3011;ARROYO JHU
6;CAAGUAZU;62;CAAGUAZU;3012;ARROYO MOROTI
6;CAAGUAZU;62;CAAGUAZU;3013;ARROYO TERERE
6;CAAGUAZU;62;CAAGUAZU;3014;BAEZ CUE
6;CAAGUAZU;62;CAAGUAZU;3015;BARRIO E. A. GARAY
6;CAAGUAZU;62;CAAGUAZU;3016;BARRIO E.A.GARAY 3RA. LINEA A
6;CAAGUAZU;62;CAAGUAZU;3017;BARRIO GRAL.F.CABALLERO A.
6;CAAGUAZU;62;CAAGUAZU;3018;BARRIO INMIGRANTE
6;CAAGUAZU;62;CAAGUAZU;3019;BARRIO SAN LORENZO
6;CAAGUAZU;62;CAAGUAZU;3020;BARRIO SAN ROQUE
6;CAAGUAZU;62;CAAGUAZU;3021;BARRIO SANTA ISABEL
6;CAAGUAZU;62;CAAGUAZU;3022;BRASILERO CUE
6;CAAGUAZU;62;CAAGUAZU;3023;BRAZIL CUE
6;CAAGUAZU;62;CAAGUAZU;3024;CAACHIRI (LOC. INDIGENA)
6;CAAGUAZU;62;CAAGUAZU;3025;CAAGUAZU ( MUNICIPIO )
6;CAAGUAZU;62;CAAGUAZU;3026;CAAMINDY
6;CAAGUAZU;62;CAAGUAZU;3027;CABAYU - Y
6;CAAGUAZU;62;CAAGUAZU;3028;CACHIMBO
6;CAAGUAZU;62;CAAGUAZU;3029;CALLE 1 BLAS GARAY
6;CAAGUAZU;62;CAAGUAZU;3030;CALLE 1,2,3 Y 4 CACHIMBO
6;CAAGUAZU;62;CAAGUAZU;3031;CALLE 2 BLAS GARAY
6;CAAGUAZU;62;CAAGUAZU;3032;CALLE 3 BLAS GARAY
6;CAAGUAZU;62;CAAGUAZU;3033;CALLE 4 BLAS GARAY
6;CAAGUAZU;62;CAAGUAZU;3034;CALLE 5
6;CAAGUAZU;62;CAAGUAZU;3035;CALLE SAN ISIDRO
6;CAAGUAZU;62;CAAGUAZU;3036;CALLE SAN MIGUEL
6;CAAGUAZU;62;CAAGUAZU;3037;CAMBAY
6;CAAGUAZU;62;CAAGUAZU;3038;CAMPO 1 COL.SOMMERFELD
6;CAAGUAZU;62;CAAGUAZU;3039;CAOMPO 10 ( COL. SOMMERFELD )
6;CAAGUAZU;62;CAAGUAZU;3040;CAMPO 11 COL. SOMMERFELD
6;CAAGUAZU;62;CAAGUAZU;3041;CAMPO 2 SOMMERFELD
6;CAAGUAZU;62;CAAGUAZU;3042;CAMPO 3 ) COL. SOMMERFELD )
6;CAAGUAZU;62;CAAGUAZU;3043;CAMPO 4 SOMMERFELD
6;CAAGUAZU;62;CAAGUAZU;3044;CAMPO 5 - I
6;CAAGUAZU;62;CAAGUAZU;3045;CAMPO 5 COL. SOMMERFELD
6;CAAGUAZU;62;CAAGUAZU;3046;CAMPO 7
6;CAAGUAZU;62;CAAGUAZU;3047;CAMPO 8
6;CAAGUAZU;62;CAAGUAZU;3048;CAMPO 9 ( COL. SOMMERFELD )
6;CAAGUAZU;62;CAAGUAZU;3049;CAMPO G.(COL. SOMMERFELD )
6;CAAGUAZU;62;CAAGUAZU;3050;CAMPO NUEVO
6;CAAGUAZU;62;CAAGUAZU;3051;CAPITAN CUE
6;CAAGUAZU;62;CAAGUAZU;3052;CARRERIA CUE
6;CAAGUAZU;62;CAAGUAZU;3053;CAI
6;CAAGUAZU;62;CAAGUAZU;3054;CAÑADA
6;CAAGUAZU;62;CAAGUAZU;3055;CAÑADA DEL MONTE(J.E.OCAMPOS)
6;CAAGUAZU;62;CAAGUAZU;3056;CERRITO
6;CAAGUAZU;62;CAAGUAZU;3057;CERRO CAACUPE
6;CAAGUAZU;62;CAAGUAZU;3058;CERRO PERO
6;CAAGUAZU;62;CAAGUAZU;3059;CHACO-I
6;CAAGUAZU;62;CAAGUAZU;3060;CIERVO CUA
6;CAAGUAZU;62;CAAGUAZU;3061;COL. GRAL. DELGADO
6;CAAGUAZU;62;CAAGUAZU;3062;COL. LUIS IRRAZABAL
6;CAAGUAZU;62;CAAGUAZU;3063;COL. MARIA AUXILIADORA
6;CAAGUAZU;62;CAAGUAZU;3064;COL. SUDESIA
6;CAAGUAZU;62;CAAGUAZU;3065;COL. W. INSFRAN
6;CAAGUAZU;62;CAAGUAZU;3066;COL.JOSE OCAMPOS 1,2,3,4 LINEA
6;CAAGUAZU;62;CAAGUAZU;3067;COMPAÑIA FINAGRAI
6;CAAGUAZU;62;CAAGUAZU;3068;COSTA
6;CAAGUAZU;62;CAAGUAZU;3069;CULANTRILLO
6;CAAGUAZU;62;CAAGUAZU;3070;CURUPAY
6;CAAGUAZU;62;CAAGUAZU;3071;CURUZU
6;CAAGUAZU;62;CAAGUAZU;3072;CURUZU ( TAPY-I )
6;CAAGUAZU;62;CAAGUAZU;3073;CURUPI CUA
6;CAAGUAZU;62;CAAGUAZU;3074;DESGRACIA CUE
6;CAAGUAZU;62;CAAGUAZU;3075;DR. DOMINGO MONTANARO
6;CAAGUAZU;62;CAAGUAZU;3076;EMPALADO ARI
6;CAAGUAZU;62;CAAGUAZU;3077;GUARRAUNGUA 1RA.
6;CAAGUAZU;62;CAAGUAZU;3078;GUAYAKI CUA
6;CAAGUAZU;62;CAAGUAZU;3079;GUAYAKI CAAGUY
6;CAAGUAZU;62;CAAGUAZU;3080;IPAU
6;CAAGUAZU;62;CAAGUAZU;3081;IPYTA
6;CAAGUAZU;62;CAAGUAZU;3082;ITA ( INDIGENA )
6;CAAGUAZU;62;CAAGUAZU;3083;LA VIRGINIA
6;CAAGUAZU;62;CAAGUAZU;3084;LAGUNA PYTA
6;CAAGUAZU;62;CAAGUAZU;3085;LUCHI CUE
6;CAAGUAZU;62;CAAGUAZU;3086;MANGRULLO
6;CAAGUAZU;62;CAAGUAZU;3087;MAXIMINA
6;CAAGUAZU;62;CAAGUAZU;3088;MBOCAYA I
6;CAAGUAZU;62;CAAGUAZU;3089;MBOI CAE-GUAZU
6;CAAGUAZU;62;CAAGUAZU;3090;MBOI CAE-I
6;CAAGUAZU;62;CAAGUAZU;3091;MBURURU OCA
6;CAAGUAZU;62;CAAGUAZU;3092;MOJON 7
6;CAAGUAZU;62;CAAGUAZU;3093;NACIENTE ( LOC. INDIGENA )
6;CAAGUAZU;62;CAAGUAZU;3094;O. BARTON CUE
6;CAAGUAZU;62;CAAGUAZU;3095;OCULTO
6;CAAGUAZU;62;CAAGUAZU;3096;PABLITO CUA
6;CAAGUAZU;62;CAAGUAZU;3097;PAIJHA
6;CAAGUAZU;62;CAAGUAZU;3098;PALMETA
6;CAAGUAZU;62;CAAGUAZU;3099;PARAJE GUAZU
6;CAAGUAZU;62;CAAGUAZU;3100;PARAJE-I ( 7MA. LINEA )
6;CAAGUAZU;62;CAAGUAZU;3101;PIQUETE CUE
6;CAAGUAZU;62;CAAGUAZU;3102;POTRERO
6;CAAGUAZU;62;CAAGUAZU;3103;POTRERO GARAY
6;CAAGUAZU;62;CAAGUAZU;3104;POTRERO GARAY (1RA.LINEA)
6;CAAGUAZU;62;CAAGUAZU;3105;POTRERO TATU
6;CAAGUAZU;62;CAAGUAZU;3106;PUESTO CAMBAY
6;CAAGUAZU;62;CAAGUAZU;3107;PUESTO NAVIDAD
6;CAAGUAZU;62;CAAGUAZU;3108;PUESTO PORTILLO CUE
6;CAAGUAZU;62;CAAGUAZU;3109;PIKYRY
6;CAAGUAZU;62;CAAGUAZU;3110;RAMCHO CUÑA
6;CAAGUAZU;62;CAAGUAZU;3111;S.GOMEZ
6;CAAGUAZU;62;CAAGUAZU;3112;SAN ANTONIO MI
6;CAAGUAZU;62;CAAGUAZU;3113;SAN ANTONIO DE PADUA
6;CAAGUAZU;62;CAAGUAZU;3114;SAN JORGE
6;CAAGUAZU;62;CAAGUAZU;3115;SAN MIGUEL
6;CAAGUAZU;62;CAAGUAZU;3116;SAN ROQUE
6;CAAGUAZU;62;CAAGUAZU;3117;SAN SALVADOR
6;CAAGUAZU;62;CAAGUAZU;3118;SANJA CORA (LA FABRIL)
6;CAAGUAZU;62;CAAGUAZU;3119;SANTIAGO CUE
6;CAAGUAZU;62;CAAGUAZU;3120;SAPIRO
6;CAAGUAZU;62;CAAGUAZU;3121;TACUARE (COL.INDIGENA)
6;CAAGUAZU;62;CAAGUAZU;3122;TACURU
6;CAAGUAZU;62;CAAGUAZU;3123;TAGUATO
6;CAAGUAZU;62;CAAGUAZU;3124;TAYTETA
6;CAAGUAZU;62;CAAGUAZU;3125;TAYI
6;CAAGUAZU;62;CAAGUAZU;3126;TIMBO
6;CAAGUAZU;62;CAAGUAZU;3127;TORO BLANCO
6;CAAGUAZU;62;CAAGUAZU;3128;TORIN
6;CAAGUAZU;62;CAAGUAZU;3129;VILLA SAN JUAN
6;CAAGUAZU;62;CAAGUAZU;3130;VOLCAN CUA
6;CAAGUAZU;62;CAAGUAZU;3131;Y-ROYUÑA
6;CAAGUAZU;62;CAAGUAZU;3132;YACARE
6;CAAGUAZU;62;CAAGUAZU;3133;YAGUATAI
6;CAAGUAZU;62;CAAGUAZU;3134;YURUNI
6;CAAGUAZU;62;CAAGUAZU;3135;YAYBY
6;CAAGUAZU;62;CAAGUAZU;3136;YPECUA
6;CAAGUAZU;62;CAAGUAZU;3137;ZANJA JHU
6;CAAGUAZU;62;CAAGUAZU;3138;ZANJA PYTA (CAPI-I)
6;CAAGUAZU;62;CAAGUAZU;3139;ÑURUNDIAY
6;CAAGUAZU;62;CAAGUAZU;6357;GUARRAUNGUA 2DA
6;CAAGUAZU;62;CAAGUAZU;6358;LA FABRIL
6;CAAGUAZU;62;CAAGUAZU;6359;"MANZANA ""E"" ( YBAJAHI )"
6;CAAGUAZU;62;CAAGUAZU;6360;MBURURU PY
6;CAAGUAZU;62;CAAGUAZU;6361;OVEÑA 2DA. LINEA
6;CAAGUAZU;62;CAAGUAZU;6362;PASO YOBAY
6;CAAGUAZU;62;CAAGUAZU;6363;POTRERO SAN JUAN
6;CAAGUAZU;62;CAAGUAZU;6364;RAMONITA
6;CAAGUAZU;62;CAAGUAZU;6365;SAN ISIDRO (COL.J.D.OCAMPOS)
6;CAAGUAZU;63;CARAYAO;3140;CARAYAO
6;CAAGUAZU;63;CARAYAO;3141;17 MIL
6;CAAGUAZU;63;CARAYAO;3142;4 MIL
6;CAAGUAZU;63;CARAYAO;3143;ALEMAN CUE
6;CAAGUAZU;63;CARAYAO;3144;AMANBAY
6;CAAGUAZU;63;CARAYAO;3145;APYA
6;CAAGUAZU;63;CARAYAO;3146;ARROYITO
6;CAAGUAZU;63;CARAYAO;3147;ARROYO GUAZU
6;CAAGUAZU;63;CARAYAO;3148;ARROYO HONDO
6;CAAGUAZU;63;CARAYAO;3149;CAFETAL
6;CAAGUAZU;63;CARAYAO;3150;CAMPO REDONDO
6;CAAGUAZU;63;CARAYAO;3151;CARAYAO (MUNICIPIO)
6;CAAGUAZU;63;CARAYAO;3151;CARAYAO (MUNICIPIO)
6;CAAGUAZU;63;CARAYAO;3151;CARAYAO (MUNICIPIO)
6;CAAGUAZU;63;CARAYAO;3152;CARRO SAINGO
6;CAAGUAZU;63;CARAYAO;3153;CARUGUA
6;CAAGUAZU;63;CARAYAO;3154;CATALDO CAÑADA
6;CAAGUAZU;63;CARAYAO;3155;CERRO CORA
6;CAAGUAZU;63;CARAYAO;3156;COL. UNIDA PARAGUAYA
6;CAAGUAZU;63;CARAYAO;3157;COMISARIA CUE
6;CAAGUAZU;63;CARAYAO;3158;COSTA LOMA
6;CAAGUAZU;63;CARAYAO;3159;COSTA ROMERO
6;CAAGUAZU;63;CARAYAO;3160;DOCE MIL
6;CAAGUAZU;63;CARAYAO;3161;DIAZ CUE
6;CAAGUAZU;63;CARAYAO;3162;DISTANCIA MORALES
6;CAAGUAZU;63;CARAYAO;3163;ESTANCIA SARAMBI
6;CAAGUAZU;63;CARAYAO;3164;ISLERIA
6;CAAGUAZU;63;CARAYAO;3165;ITA CORA
6;CAAGUAZU;63;CARAYAO;3166;LIMPIO
6;CAAGUAZU;63;CARAYAO;3167;OCHO MIL
6;CAAGUAZU;63;CARAYAO;3168;PARA GUAZU
6;CAAGUAZU;63;CARAYAO;3169;PEGUAJHO
6;CAAGUAZU;63;CARAYAO;3170;PINDO CORA
6;CAAGUAZU;63;CARAYAO;3171;POTRERITO
6;CAAGUAZU;63;CARAYAO;3172;POTRERO GUAZU
6;CAAGUAZU;63;CARAYAO;3173;POTRERO GUAZU (I.N.D.)
6;CAAGUAZU;63;CARAYAO;3174;POTRERO STA.CATALINA
6;CAAGUAZU;63;CARAYAO;3175;PUNTA GUAZU
6;CAAGUAZU;63;CARAYAO;3176;RETIRO ESTANCIA MORALES
6;CAAGUAZU;63;CARAYAO;3177;TAPYI
6;CAAGUAZU;63;CARAYAO;3178;TIQUINE
6;CAAGUAZU;63;CARAYAO;3179;YAGUA PETYNDY CUE
6;CAAGUAZU;63;CARAYAO;3180;YEIBY
6;CAAGUAZU;64;CECILIO BAEZ;3181;CECILIO BAEZ
6;CAAGUAZU;64;CECILIO BAEZ;3181;CECILIO BAEZ
6;CAAGUAZU;64;CECILIO BAEZ;3181;CECILIO BAEZ
6;CAAGUAZU;64;CECILIO BAEZ;3181;CECILIO BAEZ
6;CAAGUAZU;64;CECILIO BAEZ;3181;CECILIO BAEZ
6;CAAGUAZU;64;CECILIO BAEZ;3181;CECILIO BAEZ
6;CAAGUAZU;64;CECILIO BAEZ;3181;CECILIO BAEZ
6;CAAGUAZU;64;CECILIO BAEZ;3182;ARROYO PORA
6;CAAGUAZU;64;CECILIO BAEZ;3183;BOLA CUA
6;CAAGUAZU;64;CECILIO BAEZ;3184;BOZARQUIZ
6;CAAGUAZU;64;CECILIO BAEZ;3185;CAATY
6;CAAGUAZU;64;CECILIO BAEZ;3186;CAATY MI
6;CAAGUAZU;64;CECILIO BAEZ;3187;CAATY MI GUAZU
6;CAAGUAZU;64;CECILIO BAEZ;3188;CALLE 1RO. DE MAYO
6;CAAGUAZU;64;CECILIO BAEZ;3189;CARRO GUY
6;CAAGUAZU;64;CECILIO BAEZ;3190;CAÑADA
6;CAAGUAZU;64;CECILIO BAEZ;3191;CECILIO BAEZ
6;CAAGUAZU;64;CECILIO BAEZ;3192;CERRO SANTA ANA
6;CAAGUAZU;64;CECILIO BAEZ;3193;COSTA VILLALBA
6;CAAGUAZU;64;CECILIO BAEZ;3194;CUÑANDAYTY
6;CAAGUAZU;64;CECILIO BAEZ;3195;EMPALADO
6;CAAGUAZU;64;CECILIO BAEZ;3196;ESTANCIA SAN IGNACIO
6;CAAGUAZU;64;CECILIO BAEZ;3197;ESTANCIA SANTA ANA
6;CAAGUAZU;64;CECILIO BAEZ;3198;GUAVIRATY
6;CAAGUAZU;64;CECILIO BAEZ;3199;JHUGUA GUAZU
6;CAAGUAZU;64;CECILIO BAEZ;3200;JHUGUA POI
6;CAAGUAZU;64;CECILIO BAEZ;3201;KIRAY
6;CAAGUAZU;64;CECILIO BAEZ;3202;OCULTO (POTRERO)
6;CAAGUAZU;64;CECILIO BAEZ;3203;PASO ITA
6;CAAGUAZU;64;CECILIO BAEZ;3204;POTRERO
6;CAAGUAZU;64;CECILIO BAEZ;3205;POTRERO ACEVAL
6;CAAGUAZU;64;CECILIO BAEZ;3206;POTRERO VILLALBA
6;CAAGUAZU;64;CECILIO BAEZ;3207;PUESTO GARRIDO
6;CAAGUAZU;64;CECILIO BAEZ;3208;SAN AGUSTIN
6;CAAGUAZU;64;CECILIO BAEZ;3209;SAROBY
6;CAAGUAZU;64;CECILIO BAEZ;3210;TORORO
6;CAAGUAZU;64;CECILIO BAEZ;3211;URUCUTIY
6;CAAGUAZU;64;CECILIO BAEZ;3212;YCUA RUGUA
6;CAAGUAZU;64;CECILIO BAEZ;3213;ÑUPY
6;CAAGUAZU;65;NUEVA LONDRES;3214;HUGO STROESSNER
6;CAAGUAZU;65;NUEVA LONDRES;3215;BOQUERON
6;CAAGUAZU;65;NUEVA LONDRES;3216;BOTREL (ESTERO)
6;CAAGUAZU;65;NUEVA LONDRES;3217;CARACHI
6;CAAGUAZU;65;NUEVA LONDRES;3218;COL. NUEVA AUSTRALIA
6;CAAGUAZU;65;NUEVA LONDRES;3219;ESTANCIA ELIZABETH
6;CAAGUAZU;65;NUEVA LONDRES;3220;ESTANCIA SACIAIN
6;CAAGUAZU;65;NUEVA LONDRES;3221;GUAVIRA
6;CAAGUAZU;65;NUEVA LONDRES;3222;H. STROESSNER (N.LONDRES-MUNI)
6;CAAGUAZU;65;NUEVA LONDRES;3223;JHUGUA
6;CAAGUAZU;65;NUEVA LONDRES;3224;JHUGUA YERE
6;CAAGUAZU;65;NUEVA LONDRES;3225;LA NOVIA
6;CAAGUAZU;65;NUEVA LONDRES;3226;LA PASTORA ESTANCIA
6;CAAGUAZU;65;NUEVA LONDRES;3227;LA VOGUI
6;CAAGUAZU;65;NUEVA LONDRES;3228;LEIVA
6;CAAGUAZU;65;NUEVA LONDRES;3229;LEÑA CUE
6;CAAGUAZU;65;NUEVA LONDRES;3230;LOMA RUGUA
6;CAAGUAZU;65;NUEVA LONDRES;3231;MARIA AUXILIADORA
6;CAAGUAZU;65;NUEVA LONDRES;3232;MBOBERA JHAGUA
6;CAAGUAZU;65;NUEVA LONDRES;3233;POTRERO ITACURUBI
6;CAAGUAZU;65;NUEVA LONDRES;3234;SAN ANTONIO
6;CAAGUAZU;65;NUEVA LONDRES;3235;SAN ISIDRO 1RA. Y 2DA.
6;CAAGUAZU;65;NUEVA LONDRES;3236;SAN MIGUEL
6;CAAGUAZU;65;NUEVA LONDRES;3237;SAN MIGUEL
6;CAAGUAZU;65;NUEVA LONDRES;3238;SANTA ROSA
6;CAAGUAZU;65;NUEVA LONDRES;3239;SANTO DOMINGO
6;CAAGUAZU;65;NUEVA LONDRES;3240;TAPE TUYA
6;CAAGUAZU;65;NUEVA LONDRES;3241;TEYU RUGUAI
6;CAAGUAZU;65;NUEVA LONDRES;3242;VISTA ALEGRE
6;CAAGUAZU;65;NUEVA LONDRES;3243;YUKYRY
6;CAAGUAZU;65;NUEVA LONDRES;3244;ÑANDU CUA
6;CAAGUAZU;65;NUEVA LONDRES;6366;POTRERO TUYA
6;CAAGUAZU;65;NUEVA LONDRES;6367;SANTA LIBRADA
6;CAAGUAZU;65;NUEVA LONDRES;6368;YTEU ITA
6;CAAGUAZU;66;SAN JOAQUIN;525;TORIN INDIGENA 2DA.
6;CAAGUAZU;66;SAN JOAQUIN;526;TRAPICHE
6;CAAGUAZU;66;SAN JOAQUIN;527;TUCU CANGUE
6;CAAGUAZU;66;SAN JOAQUIN;528;UNION
6;CAAGUAZU;66;SAN JOAQUIN;529;YBU
6;CAAGUAZU;66;SAN JOAQUIN;530;YOIBY
6;CAAGUAZU;66;SAN JOAQUIN;531;YUKYRY
6;CAAGUAZU;66;SAN JOAQUIN;532;YUKYRY (COMPAÑIA)
6;CAAGUAZU;66;SAN JOAQUIN;533;YUKYRY 2DA.
6;CAAGUAZU;66;SAN JOAQUIN;534;YUKYRY INDIGENA
6;CAAGUAZU;66;SAN JOAQUIN;535;ZELANO
6;CAAGUAZU;66;SAN JOAQUIN;536;ÑATIURY 1RO.
6;CAAGUAZU;66;SAN JOAQUIN;537;ÑATIURY GUAZU
6;CAAGUAZU;66;SAN JOAQUIN;538;ÑATIURY MI
6;CAAGUAZU;66;SAN JOAQUIN;539;ÑATIURY-MI 2DA.LINEA
6;CAAGUAZU;66;SAN JOAQUIN;540;ÑUPY
6;CAAGUAZU;66;SAN JOAQUIN;2154;R.I.6 2DA.LINEA
6;CAAGUAZU;66;SAN JOAQUIN;2155;R.I.6 BOQUERON
6;CAAGUAZU;66;SAN JOAQUIN;2156;SAN AGUSTIN
6;CAAGUAZU;66;SAN JOAQUIN;2157;SAN JOAQUIN (MUNICIPIO)
6;CAAGUAZU;66;SAN JOAQUIN;2158;SAN MIGUEL
6;CAAGUAZU;66;SAN JOAQUIN;2159;TACUAPI
6;CAAGUAZU;66;SAN JOAQUIN;2160;TAPIRACUAI
6;CAAGUAZU;66;SAN JOAQUIN;2161;TAPIRACUAI LOMA
6;CAAGUAZU;66;SAN JOAQUIN;2162;TARUMA-I
6;CAAGUAZU;66;SAN JOAQUIN;2163;TEJAS CUE
6;CAAGUAZU;66;SAN JOAQUIN;2164;TEYU PA
6;CAAGUAZU;66;SAN JOAQUIN;2165;TORO ACA
6;CAAGUAZU;66;SAN JOAQUIN;2166;TORIN 2DA.
6;CAAGUAZU;66;SAN JOAQUIN;2167;TORIN CUE
6;CAAGUAZU;66;SAN JOAQUIN;2168;TORIN CUE INDIGENA
6;CAAGUAZU;66;SAN JOAQUIN;3245;SAN JOAQUIN
6;CAAGUAZU;66;SAN JOAQUIN;3246;2DA.LINEA AÑARETANGUE
6;CAAGUAZU;66;SAN JOAQUIN;3247;ACARETANGUE CALLE 2DA.
6;CAAGUAZU;66;SAN JOAQUIN;3248;ADMINISTRACION FINAY
6;CAAGUAZU;66;SAN JOAQUIN;3249;ARROYO ACARETANGUE
6;CAAGUAZU;66;SAN JOAQUIN;3250;CABAYU RAY
6;CAAGUAZU;66;SAN JOAQUIN;3251;CALLE 20
6;CAAGUAZU;66;SAN JOAQUIN;3252;CAPIITINDY
6;CAAGUAZU;66;SAN JOAQUIN;3253;CARPA CUE
6;CAAGUAZU;66;SAN JOAQUIN;3254;CARPA CUE 1RA.LINEA
6;CAAGUAZU;66;SAN JOAQUIN;3255;CERRITO
6;CAAGUAZU;66;SAN JOAQUIN;3256;CERRITO FINAY
6;CAAGUAZU;66;SAN JOAQUIN;3257;CERRO CUE
6;CAAGUAZU;66;SAN JOAQUIN;3258;CHACHI
6;CAAGUAZU;66;SAN JOAQUIN;3259;CHOLOLO
6;CAAGUAZU;66;SAN JOAQUIN;3260;COL.JUAN R. CHAVEZ(SANTA ROSA)
6;CAAGUAZU;66;SAN JOAQUIN;3261;COSTA ALEGRE
6;CAAGUAZU;66;SAN JOAQUIN;3262;COSTA GUAJHA
6;CAAGUAZU;66;SAN JOAQUIN;3263;COSTA GUAJHA
6;CAAGUAZU;66;SAN JOAQUIN;3264;GUAJHO
6;CAAGUAZU;66;SAN JOAQUIN;3265;INDUSTRIA CUE
6;CAAGUAZU;66;SAN JOAQUIN;3266;INVERNADA
6;CAAGUAZU;66;SAN JOAQUIN;3267;ITA CUATIA
6;CAAGUAZU;66;SAN JOAQUIN;3268;JHUGUA POI
6;CAAGUAZU;66;SAN JOAQUIN;3269;JHU-YBARA
6;CAAGUAZU;66;SAN JOAQUIN;3270;L. TAMBOR
6;CAAGUAZU;66;SAN JOAQUIN;3271;LAGUNA PYTA
6;CAAGUAZU;66;SAN JOAQUIN;3272;MANDYYUTYCUE
6;CAAGUAZU;66;SAN JOAQUIN;3273;MBUTYY MI
6;CAAGUAZU;66;SAN JOAQUIN;3274;MBUYUI CUA
6;CAAGUAZU;66;SAN JOAQUIN;3275;MONTE ALTO
6;CAAGUAZU;66;SAN JOAQUIN;3276;NOGUEIRO 2DA.
6;CAAGUAZU;66;SAN JOAQUIN;3277;OLLA RUGUA
6;CAAGUAZU;66;SAN JOAQUIN;3278;OMBU CUA
6;CAAGUAZU;66;SAN JOAQUIN;3279;PASO ITA
6;CAAGUAZU;66;SAN JOAQUIN;3280;PINDO
6;CAAGUAZU;66;SAN JOAQUIN;3281;POTRERITO
6;CAAGUAZU;66;SAN JOAQUIN;3282;POTRERITO 1RA.
6;CAAGUAZU;66;SAN JOAQUIN;3283;POTRERO APUA
6;CAAGUAZU;66;SAN JOAQUIN;3284;POTRERO GUAYAKI
6;CAAGUAZU;66;SAN JOAQUIN;3285;POTRERO PUCU
6;CAAGUAZU;66;SAN JOAQUIN;3286;POTRERO VERDE
6;CAAGUAZU;66;SAN JOAQUIN;6369;3RA.LINEA
6;CAAGUAZU;66;SAN JOAQUIN;6370;ARROYO PANAMBI
6;CAAGUAZU;66;SAN JOAQUIN;6371;CAÑADA SAN BLAS
6;CAAGUAZU;66;SAN JOAQUIN;6372;COL.JUAN E.BOGARIN
6;CAAGUAZU;66;SAN JOAQUIN;6373;GUARDIA CUE
6;CAAGUAZU;66;SAN JOAQUIN;6374;JHUGUA VERDE
6;CAAGUAZU;66;SAN JOAQUIN;6375;MBUTYY
6;CAAGUAZU;66;SAN JOAQUIN;6376;NOGUEIRO CUE
6;CAAGUAZU;66;SAN JOAQUIN;6377;PIRI POTY
6;CAAGUAZU;66;SAN JOAQUIN;6378;POTRERO JARDIN
6;CAAGUAZU;67;SAN JOSE DE LOS ARROYOS;541;SAN JOSE
6;CAAGUAZU;67;SAN JOSE DE LOS ARROYOS;542;CACHINDY
6;CAAGUAZU;67;SAN JOSE DE LOS ARROYOS;543;CARIY CAÑADA
6;CAAGUAZU;67;SAN JOSE DE LOS ARROYOS;544;COL.PTE. FRANCO
6;CAAGUAZU;67;SAN JOSE DE LOS ARROYOS;545;COSTA POI
6;CAAGUAZU;67;SAN JOSE DE LOS ARROYOS;546;COSTA PUCU
6;CAAGUAZU;67;SAN JOSE DE LOS ARROYOS;547;ESTANCIA BELLA VISTA
6;CAAGUAZU;67;SAN JOSE DE LOS ARROYOS;548;ESTANCIA CABRAL
6;CAAGUAZU;67;SAN JOSE DE LOS ARROYOS;549;ESTANCIA CABUREI
6;CAAGUAZU;67;SAN JOSE DE LOS ARROYOS;550;ESTANCIA H.
6;CAAGUAZU;67;SAN JOSE DE LOS ARROYOS;551;ESTANCIA SAN PATRICIO
6;CAAGUAZU;67;SAN JOSE DE LOS ARROYOS;552;ESTANCIA YUKERY
6;CAAGUAZU;67;SAN JOSE DE LOS ARROYOS;553;LAGUNA VERDE
6;CAAGUAZU;67;SAN JOSE DE LOS ARROYOS;554;MANDIO
6;CAAGUAZU;67;SAN JOSE DE LOS ARROYOS;555;MELLO
6;CAAGUAZU;67;SAN JOSE DE LOS ARROYOS;556;MONTE ALTO
6;CAAGUAZU;67;SAN JOSE DE LOS ARROYOS;557;POTRERITO
6;CAAGUAZU;67;SAN JOSE DE LOS ARROYOS;558;POTRERO IRALA
6;CAAGUAZU;67;SAN JOSE DE LOS ARROYOS;559;ROAS
6;CAAGUAZU;67;SAN JOSE DE LOS ARROYOS;560;SAN ISIDRO
6;CAAGUAZU;67;SAN JOSE DE LOS ARROYOS;561;SAN JOSE (MUNICIPIO)
6;CAAGUAZU;67;SAN JOSE DE LOS ARROYOS;561;SAN JOSE (MUNICIPIO)
6;CAAGUAZU;67;SAN JOSE DE LOS ARROYOS;561;SAN JOSE (MUNICIPIO)
6;CAAGUAZU;67;SAN JOSE DE LOS ARROYOS;561;SAN JOSE (MUNICIPIO)
6;CAAGUAZU;67;SAN JOSE DE LOS ARROYOS;562;SAN LUIS
6;CAAGUAZU;67;SAN JOSE DE LOS ARROYOS;563;SAN PATRICIO
6;CAAGUAZU;67;SAN JOSE DE LOS ARROYOS;564;TTE.DAKAC
6;CAAGUAZU;67;SAN JOSE DE LOS ARROYOS;565;U PAU
6;CAAGUAZU;67;SAN JOSE DE LOS ARROYOS;566;YACU BARRETO
6;CAAGUAZU;67;SAN JOSE DE LOS ARROYOS;567;YCUA PORA
6;CAAGUAZU;67;SAN JOSE DE LOS ARROYOS;568;YHACA
6;CAAGUAZU;67;SAN JOSE DE LOS ARROYOS;569;ÑA CUALI CUE
6;CAAGUAZU;67;SAN JOSE DE LOS ARROYOS;570;ÑANDU CUA
6;CAAGUAZU;68;YHU;571;YHU
6;CAAGUAZU;68;YHU;572;ADMINISTRACION KM.8
6;CAAGUAZU;68;YHU;573;AGUADA
6;CAAGUAZU;68;YHU;574;ARROYO PALOMARES
6;CAAGUAZU;68;YHU;575;BAQUERIA
6;CAAGUAZU;68;YHU;576;BELLA VISTA
6;CAAGUAZU;68;YHU;577;BLANCARA
6;CAAGUAZU;68;YHU;578;BUENA VISTA (YHU)
6;CAAGUAZU;68;YHU;579;BUEY CANGUE
6;CAAGUAZU;68;YHU;580;CAMPANARIO
6;CAAGUAZU;68;YHU;581;CANO CUE
6;CAAGUAZU;68;YHU;582;CARRENTINA (SAN MIGUEL)
6;CAAGUAZU;68;YHU;583;CARRERIAS
6;CAAGUAZU;68;YHU;584;CAÑADA MONDAY
6;CAAGUAZU;68;YHU;585;CAÑADITA
6;CAAGUAZU;68;YHU;586;CEDRO TY
6;CAAGUAZU;68;YHU;587;COL.JUAN L. MALLORQUIN
6;CAAGUAZU;68;YHU;588;JUAN S. BOGARIN
6;CAAGUAZU;68;YHU;589;COL.PABRAS
6;CAAGUAZU;68;YHU;590;COL. RUSSEL SMITH
6;CAAGUAZU;68;YHU;591;CORRENTINA GUAZU
6;CAAGUAZU;68;YHU;592;COSTA BARRIOS
6;CAAGUAZU;68;YHU;593;CURUPAY CARAPE
6;CAAGUAZU;68;YHU;594;CURURU
6;CAAGUAZU;68;YHU;595;CURURU LONONES
6;CAAGUAZU;68;YHU;596;CURUZU KAA
6;CAAGUAZU;68;YHU;597;CASILLA 2
6;CAAGUAZU;68;YHU;598;DONCELLA
6;CAAGUAZU;68;YHU;599;EPI-CUE
6;CAAGUAZU;68;YHU;600;ESTANCIA MARGARITA
6;CAAGUAZU;68;YHU;601;ESTANCIA PALOMARES
6;CAAGUAZU;68;YHU;602;GUA A CUA
6;CAAGUAZU;68;YHU;603;GUILLERMINA
6;CAAGUAZU;68;YHU;604;GULLON POTRERO
6;CAAGUAZU;68;YHU;605;HORNALLA CUE
6;CAAGUAZU;68;YHU;606;IGAMI
6;CAAGUAZU;68;YHU;607;INDIGENA ACARAY
6;CAAGUAZU;68;YHU;608;ISLA TACUARA
6;CAAGUAZU;68;YHU;609;ISLA YACU
6;CAAGUAZU;68;YHU;610;LAGUNA
6;CAAGUAZU;68;YHU;611;LAGUNA PYTA
6;CAAGUAZU;68;YHU;612;LAGUNA VERA
6;CAAGUAZU;68;YHU;613;MACHAIN CUE
6;CAAGUAZU;68;YHU;614;MARACANA
6;CAAGUAZU;68;YHU;615;MBARACAYU
6;CAAGUAZU;68;YHU;616;MBARACAYU FLORIDO
6;CAAGUAZU;68;YHU;617;MBOI-Y
6;CAAGUAZU;68;YHU;618;NARVAEZ CUE
6;CAAGUAZU;68;YHU;619;NDUN CUE
6;CAAGUAZU;68;YHU;620;OBRAJE MBOCAYA-I
6;CAAGUAZU;68;YHU;621;PALOMARES
6;CAAGUAZU;68;YHU;622;PANAMBI
6;CAAGUAZU;68;YHU;623;PASO CADENA
6;CAAGUAZU;68;YHU;624;PASO ITA
6;CAAGUAZU;68;YHU;625;PASTOREO-MI
6;CAAGUAZU;68;YHU;626;PINDO
6;CAAGUAZU;68;YHU;627;PIQUETE-CUE
6;CAAGUAZU;68;YHU;628;PIRA-ÑARO
6;CAAGUAZU;68;YHU;629;PLANCHADA TALAVERA
6;CAAGUAZU;68;YHU;630;POTRERITO
6;CAAGUAZU;68;YHU;631;POTRERO ALVAREZ
6;CAAGUAZU;68;YHU;632;POTRERO CORA
6;CAAGUAZU;68;YHU;633;POTRERO GUAZU
6;CAAGUAZU;68;YHU;634;PUENTECITA
6;CAAGUAZU;68;YHU;635;PUERTO JULIA
6;CAAGUAZU;68;YHU;636;PUERTO MAMORA
6;CAAGUAZU;68;YHU;637;PUERTO MANCUELLO
6;CAAGUAZU;68;YHU;638;PUERTO MOROTI
6;CAAGUAZU;68;YHU;639;PUESTO ALOJA
6;CAAGUAZU;68;YHU;640;PUESTO INDIGENA
6;CAAGUAZU;68;YHU;641;RANCHO CAPULLO
6;CAAGUAZU;68;YHU;642;RANCHO ARENA
6;CAAGUAZU;68;YHU;643;ROMERO CUE
6;CAAGUAZU;68;YHU;644;RIOS CUE
6;CAAGUAZU;68;YHU;645;SALMENA CUE
6;CAAGUAZU;68;YHU;646;SAN ANTONIO
6;CAAGUAZU;68;YHU;647;SAN  RAFAEL
6;CAAGUAZU;68;YHU;648;SANJA MOROTI
6;CAAGUAZU;68;YHU;649;SANTA ANA
6;CAAGUAZU;68;YHU;650;SANTA LIBRADA
6;CAAGUAZU;68;YHU;651;SANTA TERESA
6;CAAGUAZU;68;YHU;652;SATI
6;CAAGUAZU;68;YHU;653;SYRYCA
6;CAAGUAZU;68;YHU;654;SANCHEZ CUE
6;CAAGUAZU;68;YHU;655;TARUMA-I
6;CAAGUAZU;68;YHU;656;TARUMA 1RA. Y 2DA. LINEA
6;CAAGUAZU;68;YHU;657;TARUMA BOLSA
6;CAAGUAZU;68;YHU;658;TOBATI
6;CAAGUAZU;68;YHU;659;TURCO CUE
6;CAAGUAZU;68;YHU;660;VALLE-I
6;CAAGUAZU;68;YHU;661;VILLA MARIA BONITA
6;CAAGUAZU;68;YHU;662;YACARE CAI
6;CAAGUAZU;68;YHU;663;YAJHAPE-O
6;CAAGUAZU;68;YHU;664;YAJHAPE-O 2DO.
6;CAAGUAZU;68;YHU;665;YATAITY
6;CAAGUAZU;68;YHU;666;YBYPYTA
6;CAAGUAZU;68;YHU;667;YBYRACATU
6;CAAGUAZU;68;YHU;668;YHU (MUNICIPIO)
6;CAAGUAZU;68;YHU;669;YOIBY
6;CAAGUAZU;68;YHU;670;ZAPALLO
6;CAAGUAZU;68;YHU;671;ZAYAS CUE
6;CAAGUAZU;68;YHU;672;ÑEMBIARA
6;CAAGUAZU;68;YHU;673;ÑURAVIYU
6;CAAGUAZU;68;YHU;674;ÑU PUCU
6;CAAGUAZU;68;YHU;6193;OBRAJE SANTA CATALINA
6;CAAGUAZU;68;YHU;6194;PATRIMONIO
6;CAAGUAZU;68;YHU;6195;POROMBO JHE
6;CAAGUAZU;68;YHU;6196;PUERTO ESPINOZA
6;CAAGUAZU;68;YHU;6197;PUERTO PORVENIR
6;CAAGUAZU;68;YHU;6198;ROSILLO
6;CAAGUAZU;68;YHU;6199;SANJA JHU
6;CAAGUAZU;68;YHU;6200;SANTA ROSA
6;CAAGUAZU;68;YHU;6201;TARUMA
6;CAAGUAZU;68;YHU;6202;TORO
6;CAAGUAZU;68;YHU;6203;VILLALBA CUE
6;CAAGUAZU;68;YHU;6204;YATAI
6;CAAGUAZU;68;YHU;6205;YUQUYRY
6;CAAGUAZU;68;YHU;6206;ÑUMBUCU
6;CAAGUAZU;69;JUAN MANUEL FRUTOS;675;JUAN MANUEL FRUTOS
6;CAAGUAZU;69;JUAN MANUEL FRUTOS;676;1,2 LINEA (COL.PTE.STROESSNER)
6;CAAGUAZU;69;JUAN MANUEL FRUTOS;677;1A.LINEA YTU
6;CAAGUAZU;69;JUAN MANUEL FRUTOS;678;2A. LINEA YTU
6;CAAGUAZU;69;JUAN MANUEL FRUTOS;679;B. VISTA
6;CAAGUAZU;69;JUAN MANUEL FRUTOS;680;CA.AY
6;CAAGUAZU;69;JUAN MANUEL FRUTOS;681;CAIBO
6;CAAGUAZU;69;JUAN MANUEL FRUTOS;682;CALLE 1 (COL.PTE.STROESSNER)
6;CAAGUAZU;69;JUAN MANUEL FRUTOS;683;CALLE 2 (PTE.STROESNER)
6;CAAGUAZU;69;JUAN MANUEL FRUTOS;684;CALLE 3 (PTE.STROESSNER)
6;CAAGUAZU;69;JUAN MANUEL FRUTOS;685;CALLE 4 SAN AGUSTIN
6;CAAGUAZU;69;JUAN MANUEL FRUTOS;686;CALLE 5 YSAU
6;CAAGUAZU;69;JUAN MANUEL FRUTOS;687;CAMPO 1 COL.BERTHAL
6;CAAGUAZU;69;JUAN MANUEL FRUTOS;688;CAMPO 10 COL.BERTHAL
6;CAAGUAZU;69;JUAN MANUEL FRUTOS;689;CAMPO 11 COL.BERTHAL
6;CAAGUAZU;69;JUAN MANUEL FRUTOS;690;CAMPO 12 COL.BERTHAL
6;CAAGUAZU;69;JUAN MANUEL FRUTOS;691;CAMPO 2 COL.BERTHAL
6;CAAGUAZU;69;JUAN MANUEL FRUTOS;692;CAMPO 3 COL.BERTHAL
6;CAAGUAZU;69;JUAN MANUEL FRUTOS;693;CAMPO 4 COL.BERTHAL
6;CAAGUAZU;69;JUAN MANUEL FRUTOS;694;CAMPO 5 COL.BERTHAL
6;CAAGUAZU;69;JUAN MANUEL FRUTOS;695;CAMPO 5 COL.BERTHAL
6;CAAGUAZU;69;JUAN MANUEL FRUTOS;696;CAMPO 7 COL.BERTHAL
6;CAAGUAZU;69;JUAN MANUEL FRUTOS;697;CAMPO 8 COL.BERTHAL
6;CAAGUAZU;69;JUAN MANUEL FRUTOS;698;CAMPO 9 COL.BERTHAL
6;CAAGUAZU;69;JUAN MANUEL FRUTOS;699;CARRERIA-I
6;CAAGUAZU;69;JUAN MANUEL FRUTOS;700;COL.JUAN M. FRUTOS (MUNICIPIO)
6;CAAGUAZU;69;JUAN MANUEL FRUTOS;701;COL.STO.DOMINGO GUZMAN
6;CAAGUAZU;69;JUAN MANUEL FRUTOS;702;CRUCE PASTOREO
6;CAAGUAZU;69;JUAN MANUEL FRUTOS;703;ESTANCIA AQUINO
6;CAAGUAZU;69;JUAN MANUEL FRUTOS;704;ESTANCIA FLEITAS
6;CAAGUAZU;69;JUAN MANUEL FRUTOS;705;ESTANCIA GUGGIARI
6;CAAGUAZU;69;JUAN MANUEL FRUTOS;706;ESTANCIA VERBENA
6;CAAGUAZU;69;JUAN MANUEL FRUTOS;707;GRINGO CUE
6;CAAGUAZU;69;JUAN MANUEL FRUTOS;708;ISLA VERA
6;CAAGUAZU;69;JUAN MANUEL FRUTOS;709;LOPEZ-I
6;CAAGUAZU;69;JUAN MANUEL FRUTOS;710;PUENTE VAVA
6;CAAGUAZU;69;JUAN MANUEL FRUTOS;711;PUENTECITA
6;CAAGUAZU;69;JUAN MANUEL FRUTOS;712;PUESTO CARMEN
6;CAAGUAZU;69;JUAN MANUEL FRUTOS;713;PUESTO CURUPICAY
6;CAAGUAZU;69;JUAN MANUEL FRUTOS;714;PUESTO ISIDRO FLEITAS.
6;CAAGUAZU;69;JUAN MANUEL FRUTOS;715;PUESTO LAGUNITA (POTRERO)
6;CAAGUAZU;69;JUAN MANUEL FRUTOS;716;SAN AGUSTIN
6;CAAGUAZU;69;JUAN MANUEL FRUTOS;717;SANJA PE
6;CAAGUAZU;69;JUAN MANUEL FRUTOS;718;SANTA CARMEN
6;CAAGUAZU;69;JUAN MANUEL FRUTOS;719;TATACUA-I
6;CAAGUAZU;69;JUAN MANUEL FRUTOS;720;TEMBETARY
6;CAAGUAZU;69;JUAN MANUEL FRUTOS;721;TORO CAI
6;CAAGUAZU;69;JUAN MANUEL FRUTOS;722;TORIN
6;CAAGUAZU;69;JUAN MANUEL FRUTOS;723;VALLE CUE
6;CAAGUAZU;69;JUAN MANUEL FRUTOS;724;YACARE
6;CAAGUAZU;69;JUAN MANUEL FRUTOS;725;YBYJHU
6;CAAGUAZU;69;JUAN MANUEL FRUTOS;726;YBYRA POCA
6;CAAGUAZU;69;JUAN MANUEL FRUTOS;727;YBU
6;CAAGUAZU;69;JUAN MANUEL FRUTOS;728;YPANARA
6;CAAGUAZU;69;JUAN MANUEL FRUTOS;729;YUKYRY
6;CAAGUAZU;69;JUAN MANUEL FRUTOS;730;ÑURUNDIAY
6;CAAGUAZU;70;REPATRIACION;731;REPATRIACION
6;CAAGUAZU;70;REPATRIACION;731;REPATRIACION
6;CAAGUAZU;70;REPATRIACION;731;REPATRIACION
6;CAAGUAZU;70;REPATRIACION;732;3 DE NOVIEMBRE
6;CAAGUAZU;70;REPATRIACION;733;AVALOS A.JOSE (COLONIA)
6;CAAGUAZU;70;REPATRIACION;734;CHACO-RE (COLONIA)
6;CAAGUAZU;70;REPATRIACION;735;COL. REPATRIACION
6;CAAGUAZU;70;REPATRIACION;736;COL.SAN MIGUEL
6;CAAGUAZU;71;SANTA ROSA DEL MBUTUY;737;JUAN R. CHAVEZ
6;CAAGUAZU;71;SANTA ROSA DEL MBUTUY;738;CIA. CERRO PYTA
6;CAAGUAZU;71;SANTA ROSA DEL MBUTUY;739;CIA. COSTA CHAJHA
6;CAAGUAZU;71;SANTA ROSA DEL MBUTUY;740;CIA.GUARDIA CUE
6;CAAGUAZU;71;SANTA ROSA DEL MBUTUY;741;CIA. GUAZU RETA
6;CAAGUAZU;71;SANTA ROSA DEL MBUTUY;742;CIA. JHUGUA GRANDE
6;CAAGUAZU;71;SANTA ROSA DEL MBUTUY;743;CIA. POTRERITO
6;CAAGUAZU;71;SANTA ROSA DEL MBUTUY;744;CIA. POTRERO
6;CAAGUAZU;71;SANTA ROSA DEL MBUTUY;745;CIA. POTRERO JABON
6;CAAGUAZU;71;SANTA ROSA DEL MBUTUY;746;CIA. SAN AGUSTIN
6;CAAGUAZU;71;SANTA ROSA DEL MBUTUY;747;CIA. SANTA LUCIA
6;CAAGUAZU;71;SANTA ROSA DEL MBUTUY;748;CIA. TRAPICHE
6;CAAGUAZU;71;SANTA ROSA DEL MBUTUY;749;CIA. VIRGEN DE FATIMA
6;CAAGUAZU;71;SANTA ROSA DEL MBUTUY;750;CIA. ÑATIURUGUAZU
6;CAAGUAZU;71;SANTA ROSA DEL MBUTUY;751;ESTACION CABAYU RAY
6;CAAGUAZU;72;J. EULOGIO ESTIGARRIBIA;752;J. EULOGIO ESTIGARRIBIA
6;CAAGUAZU;72;J. EULOGIO ESTIGARRIBIA;752;J. EULOGIO ESTIGARRIBIA
6;CAAGUAZU;72;J. EULOGIO ESTIGARRIBIA;752;J. EULOGIO ESTIGARRIBIA
6;CAAGUAZU;72;J. EULOGIO ESTIGARRIBIA;752;J. EULOGIO ESTIGARRIBIA
6;CAAGUAZU;72;J. EULOGIO ESTIGARRIBIA;752;J. EULOGIO ESTIGARRIBIA
6;CAAGUAZU;72;J. EULOGIO ESTIGARRIBIA;752;J. EULOGIO ESTIGARRIBIA
6;CAAGUAZU;72;J. EULOGIO ESTIGARRIBIA;752;J. EULOGIO ESTIGARRIBIA
6;CAAGUAZU;72;J. EULOGIO ESTIGARRIBIA;752;J. EULOGIO ESTIGARRIBIA
6;CAAGUAZU;72;J. EULOGIO ESTIGARRIBIA;753;CAMPO  9
6;CAAGUAZU;72;J. EULOGIO ESTIGARRIBIA;754;COL.BERZTHAL
6;CAAGUAZU;72;J. EULOGIO ESTIGARRIBIA;755;COL.GRAL.STROESSNER
6;CAAGUAZU;72;J. EULOGIO ESTIGARRIBIA;756;CIA.MARACAGUA
6;CAAGUAZU;73;JOSE D. OCAMPOS;757;JOSE D. OCAMPOS
6;CAAGUAZU;73;JOSE D. OCAMPOS;758;CHARIDE
6;CAAGUAZU;73;JOSE D. OCAMPOS;759;CIA. HILARIO CUE
6;CAAGUAZU;73;JOSE D. OCAMPOS;760;ESTACION SAN LUIS
6;CAAGUAZU;73;JOSE D. OCAMPOS;761;LA VIRGINIA
6;CAAGUAZU;73;JOSE D. OCAMPOS;762;PASTOREO MI
6;CAAGUAZU;73;JOSE D. OCAMPOS;763;SANTA CARMEN
6;CAAGUAZU;73;JOSE D. OCAMPOS;764;TORIN
6;CAAGUAZU;73;JOSE D. OCAMPOS;765;ZAPALLO
6;CAAGUAZU;74;R.I.3 CORRALES;766;R.I.3 CORRALES
6;CAAGUAZU;74;R.I.3 CORRALES;767;1ER. POTRERO
6;CAAGUAZU;74;R.I.3 CORRALES;768;2DO. POTRERO
6;CAAGUAZU;74;R.I.3 CORRALES;769;3R.POTRERO
6;CAAGUAZU;74;R.I.3 CORRALES;770;CALLE 10
6;CAAGUAZU;74;R.I.3 CORRALES;771;CALLE 12
6;CAAGUAZU;74;R.I.3 CORRALES;772;CALLE 2
6;CAAGUAZU;74;R.I.3 CORRALES;773;CALLE 4
6;CAAGUAZU;74;R.I.3 CORRALES;774;CALLE 6
6;CAAGUAZU;74;R.I.3 CORRALES;775;CALLE 8
6;CAAGUAZU;74;R.I.3 CORRALES;776;PASO ITA
6;CAAGUAZU;74;R.I.3 CORRALES;777;POTRERO BIYU
6;CAAGUAZU;75;RAUL A. OVIEDO;778;RAUL A. OVIEDO
6;CAAGUAZU;75;RAUL A. OVIEDO;779;BUENA VISTA
6;CAAGUAZU;75;RAUL A. OVIEDO;780;COL.CNEL TOLEDO
6;CAAGUAZU;75;RAUL A. OVIEDO;781;COL. GUAJHORY
6;CAAGUAZU;75;RAUL A. OVIEDO;782;COL. PANAMBI
6;CAAGUAZU;75;RAUL A. OVIEDO;783;COL. TEMBIAPORA
6;CAAGUAZU;75;RAUL A. OVIEDO;784;COL. TRES PALMAS
6;CAAGUAZU;75;RAUL A. OVIEDO;785;COL. CEDROTY
6;CAAGUAZU;75;RAUL A. OVIEDO;786;COMPAÑIA
6;CAAGUAZU;75;RAUL A. OVIEDO;787;COMPAÑIA LUCERO
6;CAAGUAZU;75;RAUL A. OVIEDO;788;COMPAÑIA PIRAY
6;CAAGUAZU;75;RAUL A. OVIEDO;789;COMPAÑIA SANCHEZ CUE
6;CAAGUAZU;75;RAUL A. OVIEDO;790;CIA. DONCELLA
6;CAAGUAZU;75;RAUL A. OVIEDO;791;ZAYAS CUE
6;CAAGUAZU;75;RAUL A. OVIEDO;6207;COMPAÑIA ÑUABIYU
6;CAAGUAZU;76;MCAL.F.SOLANO LOPEZ;792;MCAL.F.SOLANO LOPEZ
6;CAAGUAZU;76;MCAL.F.SOLANO LOPEZ;793;COL.SANTA TERESA
6;CAAGUAZU;76;MCAL.F.SOLANO LOPEZ;794;CIA. BUENA VISTA
6;CAAGUAZU;76;MCAL.F.SOLANO LOPEZ;795;CIA. PASO BOLI
6;CAAGUAZU;76;MCAL.F.SOLANO LOPEZ;796;CIA. POTRERO BULLON
6;CAAGUAZU;76;MCAL.F.SOLANO LOPEZ;797;CIA. MACHAIN CUE
6;CAAGUAZU;76;MCAL.F.SOLANO LOPEZ;798;CIA. MACHIAN CUE
6;CAAGUAZU;76;MCAL.F.SOLANO LOPEZ;799;CIA. PALOMARES
6;CAAGUAZU;76;MCAL.F.SOLANO LOPEZ;800;PUESTO YUKERI
6;CAAGUAZU;76;MCAL.F.SOLANO LOPEZ;6208;COL. PASO CADENA
6;CAAGUAZU;76;MCAL.F.SOLANO LOPEZ;6209;CURUZU LORENZO
6;CAAGUAZU;227;3 DE FEBRERO;5704;COL. BERTAL
6;CAAGUAZU;227;3 DE FEBRERO;5705;SANCHE CUE
6;CAAGUAZU;227;3 DE FEBRERO;5714;3 DE FEBRERO
6;CAAGUAZU;228;SIMON BOLIVAR;5706;COL. HONDA
6;CAAGUAZU;228;SIMON BOLIVAR;5707;COL. MONSE|OR BOGARIN
6;CAAGUAZU;228;SIMON BOLIVAR;5892;SIMON BOLIVAR
6;CAAGUAZU;229;LA PASTORA;5708;CIA. YBU
6;CAAGUAZU;229;LA PASTORA;5709;CIA. PUENTECITO
6;CAAGUAZU;229;LA PASTORA;5710;CIA. CHACO I
6;CAAGUAZU;229;LA PASTORA;5715;LA PASTORA
6;CAAGUAZU;229;LA PASTORA;5894;CIA. RAMONITA
6;CAAGUAZU;237;VAQUERIA;4600;VAQUERIA
6;CAAGUAZU;244;ESCULIES;4610;ESCULIES
6;CAAGUAZU;275;TEMBIAPORA;6427;TEMBIAPORA
6;CAAGUAZU;276;NUEVA TOLEDO;6435;NUEVA TOLEDO
7;CAAZAPA;77;CAAZAPA;4321;CAAZAPA
7;CAAZAPA;77;CAAZAPA;4322;20 DE JULIO (BOQUERON)
7;CAAZAPA;77;CAAZAPA;4323;ARROYO PORA
7;CAAZAPA;77;CAAZAPA;4324;BOQUERON
7;CAAZAPA;77;CAAZAPA;4325;CAAZAPA
7;CAAZAPA;77;CAAZAPA;4326;CABAYU RETA
7;CAAZAPA;77;CAAZAPA;4327;COL. COSME
7;CAAZAPA;77;CAAZAPA;4328;COL. SARUBBI
7;CAAZAPA;77;CAAZAPA;4329;ESTANCIA LA MILAGROSA
7;CAAZAPA;77;CAAZAPA;4330;ESTANCIA MARISOL BERTOLO
7;CAAZAPA;77;CAAZAPA;4331;ESTANCIA RIACHUELO
7;CAAZAPA;77;CAAZAPA;4332;ESTANCIA ROSARIO
7;CAAZAPA;77;CAAZAPA;4333;ESTANCIA SAN AGUSTIN
7;CAAZAPA;77;CAAZAPA;4334;ESTANCIA SAN ISIDRO
7;CAAZAPA;77;CAAZAPA;4335;ESTANCIA SAN NICOLAS
7;CAAZAPA;77;CAAZAPA;4336;ESTANCIA SAPARA
7;CAAZAPA;77;CAAZAPA;4337;ESTANCIA SARITA
7;CAAZAPA;77;CAAZAPA;4338;GALEANO CUE
7;CAAZAPA;77;CAAZAPA;4339;GUAVIRA
7;CAAZAPA;77;CAAZAPA;4340;ISLA GUAZU
7;CAAZAPA;77;CAAZAPA;4341;JHUGUA GUAZU
7;CAAZAPA;77;CAAZAPA;4342;PASO PINDO
7;CAAZAPA;77;CAAZAPA;4343;POTRERO GUAZU
7;CAAZAPA;77;CAAZAPA;4344;POTRERO TATUY
7;CAAZAPA;77;CAAZAPA;4345;ROJAS SILVA
7;CAAZAPA;77;CAAZAPA;4346;ROSARIO TATUY
7;CAAZAPA;77;CAAZAPA;4347;SAN AGUSTIN
7;CAAZAPA;77;CAAZAPA;4348;SAN ANTONIO
7;CAAZAPA;77;CAAZAPA;4349;SAN IGNACIO (BOQUERON)
7;CAAZAPA;77;CAAZAPA;4350;SAN JOSE
7;CAAZAPA;77;CAAZAPA;4351;SAN MIGUEL
7;CAAZAPA;77;CAAZAPA;4352;SAN PEDRO-MI
7;CAAZAPA;77;CAAZAPA;4353;SAN ROQUE
7;CAAZAPA;77;CAAZAPA;4354;SANTA CATALINA
7;CAAZAPA;77;CAAZAPA;4355;SANTA LUCIA
7;CAAZAPA;77;CAAZAPA;4356;SANTA TERESITA
7;CAAZAPA;77;CAAZAPA;4357;SARANDI
7;CAAZAPA;77;CAAZAPA;4358;VISCAINO CUE
7;CAAZAPA;77;CAAZAPA;4359;YAJHAPETY
7;CAAZAPA;77;CAAZAPA;4360;ÑANDUCUA
7;CAAZAPA;77;CAAZAPA;4361;ÑAUMBY
7;CAAZAPA;77;CAAZAPA;4362;ÑAUMBYTA
7;CAAZAPA;77;CAAZAPA;4363;ÑU PYAJHU-MI
7;CAAZAPA;77;CAAZAPA;4364;ÑU PYAJHU GUAZU
7;CAAZAPA;78;BUENA VISTA;4365;BUENA VISTA
7;CAAZAPA;78;BUENA VISTA;4365;BUENA VISTA
7;CAAZAPA;78;BUENA VISTA;4365;BUENA VISTA
7;CAAZAPA;78;BUENA VISTA;4365;BUENA VISTA
7;CAAZAPA;78;BUENA VISTA;4365;BUENA VISTA
7;CAAZAPA;78;BUENA VISTA;4366;BUENA VISTA
7;CAAZAPA;78;BUENA VISTA;4367;COCUERE
7;CAAZAPA;78;BUENA VISTA;4368;COSTEADA
7;CAAZAPA;78;BUENA VISTA;4369;GUAJHO
7;CAAZAPA;78;BUENA VISTA;4370;LOMA
7;CAAZAPA;78;BUENA VISTA;4371;SAN ISIDRO
7;CAAZAPA;78;BUENA VISTA;4372;SAN RAMON
7;CAAZAPA;78;BUENA VISTA;4373;SANTA ROSA
7;CAAZAPA;78;BUENA VISTA;4374;YAPEPO ISLA
7;CAAZAPA;78;BUENA VISTA;4375;YUI CUE
7;CAAZAPA;79;GRAL. H. MORINIGO;4376;GRAL. H. MORINIGO
7;CAAZAPA;79;GRAL. H. MORINIGO;4377;CAAGUY JHOVY
7;CAAZAPA;79;GRAL. H. MORINIGO;4378;COSTA ESPERANZA
7;CAAZAPA;79;GRAL. H. MORINIGO;4379;COSTA PIRAPO
7;CAAZAPA;79;GRAL. H. MORINIGO;4380;DURAZNO
7;CAAZAPA;79;GRAL. H. MORINIGO;4381;ESTANCIA SAN SIMON
7;CAAZAPA;79;GRAL. H. MORINIGO;4382;ESTANCIA VALLE APUA
7;CAAZAPA;79;GRAL. H. MORINIGO;4383;ESTANCIA YBA PYTA (PUESTO)
7;CAAZAPA;79;GRAL. H. MORINIGO;4384;GRAAL.H. MORINIGO (MUNIC.)
7;CAAZAPA;79;GRAL. H. MORINIGO;4384;GRAAL.H. MORINIGO (MUNIC.)
7;CAAZAPA;79;GRAL. H. MORINIGO;4384;GRAAL.H. MORINIGO (MUNIC.)
7;CAAZAPA;79;GRAL. H. MORINIGO;4385;GUYRA KEJHA
7;CAAZAPA;79;GRAL. H. MORINIGO;4386;ISLA FLORIDO
7;CAAZAPA;79;GRAL. H. MORINIGO;4387;MBARACAYA CUA
7;CAAZAPA;79;GRAL. H. MORINIGO;4388;PATIÑO
7;CAAZAPA;79;GRAL. H. MORINIGO;4389;PINDOYU
7;CAAZAPA;79;GRAL. H. MORINIGO;4390;PIQUETE
7;CAAZAPA;79;GRAL. H. MORINIGO;4391;SAN ESTANISLAO
7;CAAZAPA;79;GRAL. H. MORINIGO;4392;SAN WENCESLAO
7;CAAZAPA;79;GRAL. H. MORINIGO;4393;SANTA MARIA CHICA
7;CAAZAPA;79;GRAL. H. MORINIGO;4394;SANTA MARIA GRANDE
7;CAAZAPA;79;GRAL. H. MORINIGO;5801;KILOMETRO 50
7;CAAZAPA;79;GRAL. H. MORINIGO;5802;SAN ANTONIO
7;CAAZAPA;79;GRAL. H. MORINIGO;5803;SANTA MARIA JHUGUA
7;CAAZAPA;80;MACIEL;4395;MACIEL
7;CAAZAPA;80;MACIEL;4396;CARA CARA-I
7;CAAZAPA;80;MACIEL;4397;COSTA DULCE
7;CAAZAPA;80;MACIEL;4398;CURUZU PUCU
7;CAAZAPA;80;MACIEL;4399;ESTANCIA ISLA PUCU
7;CAAZAPA;80;MACIEL;4400;ESTANCIA SAN JUAN
7;CAAZAPA;80;MACIEL;4401;ESTANCIA SAN LORENZO
7;CAAZAPA;80;MACIEL;4402;ÑACANGUA
7;CAAZAPA;80;MACIEL;4403;ISLA FLORIDO
7;CAAZAPA;80;MACIEL;4404;MACIEL (MUNICIPIO)
7;CAAZAPA;80;MACIEL;4405;RETIRO ESTANCIA SAN JUAN
7;CAAZAPA;80;MACIEL;4406;SAN FRANCISCO
7;CAAZAPA;80;MACIEL;4407;SAN MIGUEL
7;CAAZAPA;80;MACIEL;4408;SAN MIGUEL ISLA
7;CAAZAPA;80;MACIEL;4409;SAN PABLO
7;CAAZAPA;80;MACIEL;4410;VALOIS RIVAROLA
7;CAAZAPA;80;MACIEL;5804;ESTANCIA LAGUNA CARE
7;CAAZAPA;80;MACIEL;5805;RETIRO SIETE ISLAS
7;CAAZAPA;80;MACIEL;5806;YBYRA CAIGUE
7;CAAZAPA;81;MOISES BERTONI;4411;MOISES BERTONI
7;CAAZAPA;81;MOISES BERTONI;4412;CORRALITO
7;CAAZAPA;81;MOISES BERTONI;4413;ESTANCIA ALGARROBO
7;CAAZAPA;81;MOISES BERTONI;4414;ESTANCIA BELEN
7;CAAZAPA;81;MOISES BERTONI;4415;ESTANCIA GUAVIRA
7;CAAZAPA;81;MOISES BERTONI;4416;ESTANCIA JUANA MARTA
7;CAAZAPA;81;MOISES BERTONI;4417;ESTANCIA MARIA STELLA
7;CAAZAPA;81;MOISES BERTONI;4418;ESTANCIA S. ROJAS
7;CAAZAPA;81;MOISES BERTONI;4419;ESTANCIA SANTO DOMINGO
7;CAAZAPA;81;MOISES BERTONI;4420;ESTANCIA YBY RUGUA
7;CAAZAPA;81;MOISES BERTONI;4421;GRAL.ROGELIO BENITEZ
7;CAAZAPA;81;MOISES BERTONI;4422;LOMA-I
7;CAAZAPA;81;MOISES BERTONI;4423;MOISES S.BERTONI (SOSA-MUNIC)
7;CAAZAPA;81;MOISES BERTONI;4424;RETIRO SANTA ANA
7;CAAZAPA;81;MOISES BERTONI;4425;SAN VENTURA
7;CAAZAPA;81;MOISES BERTONI;4426;SANTA CECILIA
7;CAAZAPA;81;MOISES BERTONI;4427;SANTA TERESA
7;CAAZAPA;81;MOISES BERTONI;5807;ESTANCIA CASACCIA
7;CAAZAPA;81;MOISES BERTONI;5808;ESTANCIA TYPYCHA
7;CAAZAPA;81;MOISES BERTONI;5809;SAN CARLOS
7;CAAZAPA;82;SAN JUAN NEPOMUCENO;4428;SAN JUAN NEPOMUCENO
7;CAAZAPA;82;SAN JUAN NEPOMUCENO;4429;11 DE SETIEMBRE
7;CAAZAPA;82;SAN JUAN NEPOMUCENO;4430;ARACANGUY
7;CAAZAPA;82;SAN JUAN NEPOMUCENO;4431;BARRIO SAN VICENTE
7;CAAZAPA;82;SAN JUAN NEPOMUCENO;4432;BIYU
7;CAAZAPA;82;SAN JUAN NEPOMUCENO;4433;CARIDAD
7;CAAZAPA;82;SAN JUAN NEPOMUCENO;4434;CAUNDY
7;CAAZAPA;82;SAN JUAN NEPOMUCENO;4435;CAUNDY-I
7;CAAZAPA;82;SAN JUAN NEPOMUCENO;4436;CIERVO CUA PUESTO
7;CAAZAPA;82;SAN JUAN NEPOMUCENO;4437;COL. NUEVA
7;CAAZAPA;82;SAN JUAN NEPOMUCENO;4438;CRISTAL
7;CAAZAPA;82;SAN JUAN NEPOMUCENO;4439;DOMINGO MARTINEZ DE IRALA
7;CAAZAPA;82;SAN JUAN NEPOMUCENO;4440;EMPALADO
7;CAAZAPA;82;SAN JUAN NEPOMUCENO;4441;ENGELBERTO
7;CAAZAPA;82;SAN JUAN NEPOMUCENO;4442;ESTANCIA L.RODRIGUEZ
7;CAAZAPA;82;SAN JUAN NEPOMUCENO;4443;ESTANCIA R. SILVERO
7;CAAZAPA;82;SAN JUAN NEPOMUCENO;4444;ESTANCIA TAPYTA
7;CAAZAPA;82;SAN JUAN NEPOMUCENO;4445;ESTANCIA ÑU PYAJHU
7;CAAZAPA;82;SAN JUAN NEPOMUCENO;4446;FRANCO-I
7;CAAZAPA;82;SAN JUAN NEPOMUCENO;4447;FRANCO POTRERO
7;CAAZAPA;82;SAN JUAN NEPOMUCENO;4448;ISLA FLORIDO
7;CAAZAPA;82;SAN JUAN NEPOMUCENO;4449;ISLA YOBAI
7;CAAZAPA;82;SAN JUAN NEPOMUCENO;4450;JHUGUA PUCU
7;CAAZAPA;82;SAN JUAN NEPOMUCENO;4451;KERAY
7;CAAZAPA;82;SAN JUAN NEPOMUCENO;4452;LOMA JHOVY
7;CAAZAPA;82;SAN JUAN NEPOMUCENO;4453;MRICA POTRERO
7;CAAZAPA;82;SAN JUAN NEPOMUCENO;4454;MONTE-CUE
7;CAAZAPA;82;SAN JUAN NEPOMUCENO;4455;OCULTO
7;CAAZAPA;82;SAN JUAN NEPOMUCENO;4456;PINDO-I
7;CAAZAPA;82;SAN JUAN NEPOMUCENO;4457;PINDO POTRERO
7;CAAZAPA;82;SAN JUAN NEPOMUCENO;4458;PIO CUE
7;CAAZAPA;82;SAN JUAN NEPOMUCENO;4459;POTRERO
7;CAAZAPA;82;SAN JUAN NEPOMUCENO;4460;POTRERO SANTIAGO
7;CAAZAPA;82;SAN JUAN NEPOMUCENO;4461;POTRERO YBATE
7;CAAZAPA;82;SAN JUAN NEPOMUCENO;4462;POTRERO YBATE 1RO.
7;CAAZAPA;82;SAN JUAN NEPOMUCENO;4463;POTRERO YBATE 2DO.
7;CAAZAPA;82;SAN JUAN NEPOMUCENO;4464;PUESTO CLAVEL
7;CAAZAPA;82;SAN JUAN NEPOMUCENO;4465;PUESTO FRANCO CUE
7;CAAZAPA;82;SAN JUAN NEPOMUCENO;4466;PUESTO NARANJO
7;CAAZAPA;82;SAN JUAN NEPOMUCENO;4467;PUESTO TIMBO
7;CAAZAPA;82;SAN JUAN NEPOMUCENO;4468;POTRERO AGUARA
7;CAAZAPA;82;SAN JUAN NEPOMUCENO;4469;ROQUE GONZALES ( BEATO )
7;CAAZAPA;82;SAN JUAN NEPOMUCENO;4470;RIO SAN LUIS
7;CAAZAPA;82;SAN JUAN NEPOMUCENO;4471;SAN CARLOS
7;CAAZAPA;82;SAN JUAN NEPOMUCENO;4472;SAN FRANCISCO
7;CAAZAPA;82;SAN JUAN NEPOMUCENO;4473;SAN J. NEPOMUCENO (MUNICIPIO)
7;CAAZAPA;82;SAN JUAN NEPOMUCENO;4473;SAN J. NEPOMUCENO (MUNICIPIO)
7;CAAZAPA;82;SAN JUAN NEPOMUCENO;4473;SAN J. NEPOMUCENO (MUNICIPIO)
7;CAAZAPA;82;SAN JUAN NEPOMUCENO;4473;SAN J. NEPOMUCENO (MUNICIPIO)
7;CAAZAPA;82;SAN JUAN NEPOMUCENO;4473;SAN J. NEPOMUCENO (MUNICIPIO)
7;CAAZAPA;82;SAN JUAN NEPOMUCENO;4473;SAN J. NEPOMUCENO (MUNICIPIO)
7;CAAZAPA;82;SAN JUAN NEPOMUCENO;4474;SAN LUIS (X)
7;CAAZAPA;82;SAN JUAN NEPOMUCENO;4475;SAN MIGUEL (POTRERITO)
7;CAAZAPA;82;SAN JUAN NEPOMUCENO;4476;SAN RAFAEL (TAPUY CUE )
7;CAAZAPA;82;SAN JUAN NEPOMUCENO;4477;SAN RAMON
7;CAAZAPA;82;SAN JUAN NEPOMUCENO;4478;SANTA ROSA (X)
7;CAAZAPA;82;SAN JUAN NEPOMUCENO;4479;TATUCUA - I
7;CAAZAPA;82;SAN JUAN NEPOMUCENO;4480;TEBICUARY MI
7;CAAZAPA;82;SAN JUAN NEPOMUCENO;4481;TORRE CUE
7;CAAZAPA;82;SAN JUAN NEPOMUCENO;4482;TUYUTI
7;CAAZAPA;82;SAN JUAN NEPOMUCENO;4483;URRUTIA
7;CAAZAPA;82;SAN JUAN NEPOMUCENO;4484;YBYRATY
7;CAAZAPA;82;SAN JUAN NEPOMUCENO;4485;YHU
7;CAAZAPA;82;SAN JUAN NEPOMUCENO;4486;YPANE
7;CAAZAPA;82;SAN JUAN NEPOMUCENO;4487;ZANJA CORA (SAN GERARDO)
7;CAAZAPA;82;SAN JUAN NEPOMUCENO;4488;ZANJA PYTA
7;CAAZAPA;82;SAN JUAN NEPOMUCENO;4489;ÑA'U
7;CAAZAPA;82;SAN JUAN NEPOMUCENO;4490;ÑUMI
7;CAAZAPA;82;SAN JUAN NEPOMUCENO;4491;ÑURUNDIAY
7;CAAZAPA;82;SAN JUAN NEPOMUCENO;4492;ÑU - CAÑY
7;CAAZAPA;82;SAN JUAN NEPOMUCENO;4493;ÑU PYAJHU POTRERO
7;CAAZAPA;83;ABAI;4494;ABAI
7;CAAZAPA;83;ABAI;4495;3 DE MAYO
7;CAAZAPA;83;ABAI;4496;ABAI
7;CAAZAPA;83;ABAI;4497;ARROYO MOROTI
7;CAAZAPA;83;ABAI;4498;BARROSO
7;CAAZAPA;83;ABAI;4499;BORDA I ( SAN VALENTIN )
7;CAAZAPA;83;ABAI;4500;BORDA GUAZU
7;CAAZAPA;83;ABAI;4501;CAGUARE - I
7;CAAZAPA;83;ABAI;4502;CAMBA - I
7;CAAZAPA;83;ABAI;4503;CAMPITO
7;CAAZAPA;83;ABAI;4504;CAPI ITINDY
7;CAAZAPA;83;ABAI;4505;CAPIIBARY (X)
7;CAAZAPA;83;ABAI;4506;CAÑADA (X)
7;CAAZAPA;83;ABAI;4507;CECINA
7;CAAZAPA;83;ABAI;4508;CERRITO TAPYI - I
7;CAAZAPA;83;ABAI;4509;COL. ROGELIO BENITEZ
7;CAAZAPA;83;ABAI;4510;CUATI
7;CAAZAPA;83;ABAI;4511;CUATI - I
7;CAAZAPA;83;ABAI;4512;ITACURUBI
7;CAAZAPA;83;ABAI;4513;KILOMETRO 17 ( X )
7;CAAZAPA;83;ABAI;4514;LIMA GUAZU (X)
7;CAAZAPA;83;ABAI;4515;MANGRULLO - I (X)
7;CAAZAPA;83;ABAI;4516;MBAYA
7;CAAZAPA;83;ABAI;4517;MBOCAYA
7;CAAZAPA;83;ABAI;4518;MBOIY
7;CAAZAPA;83;ABAI;4519;MELGAREJO - CUE
7;CAAZAPA;83;ABAI;4520;MONDAY
7;CAAZAPA;83;ABAI;4521;NARANJA - JHAI
7;CAAZAPA;83;ABAI;4522;OB. GOLONDRINA
7;CAAZAPA;83;ABAI;4523;PARAJE NARANJA
7;CAAZAPA;83;ABAI;4524;PINDOYU
7;CAAZAPA;83;ABAI;4525;PIRAY (SAN ISIDRO)
7;CAAZAPA;83;ABAI;4526;PLANTACION
7;CAAZAPA;83;ABAI;4527;PUNTA PORA
7;CAAZAPA;83;ABAI;4528;ROSARIO PASTOREO
7;CAAZAPA;83;ABAI;4529;ROSARIO POTRERO
7;CAAZAPA;83;ABAI;4530;SAN AGUSTIN
7;CAAZAPA;83;ABAI;4531;SAN ANTONIO (TORIN)
7;CAAZAPA;83;ABAI;4532;SAN CARLOS (NUEVE)
7;CAAZAPA;83;ABAI;4533;SAN LUIS (TARUMA)
7;CAAZAPA;83;ABAI;4534;SAN PABLO
7;CAAZAPA;83;ABAI;4535;SAN PABLO (TORIN)
7;CAAZAPA;83;ABAI;4536;SAN VICENTE
7;CAAZAPA;83;ABAI;4537;SANTA CATALINA
7;CAAZAPA;83;ABAI;4538;SANTA ROSA
7;CAAZAPA;83;ABAI;4539;SANTA TERESA
7;CAAZAPA;83;ABAI;4540;SANTO TOME
7;CAAZAPA;83;ABAI;4541;TACUARA
7;CAAZAPA;83;ABAI;4542;TACUARITA
7;CAAZAPA;83;ABAI;4543;TAJHYI-I
7;CAAZAPA;83;ABAI;4544;TUNA
7;CAAZAPA;83;ABAI;4545;VALLEI-CUE
7;CAAZAPA;83;ABAI;4546;VILLA PASTOREO
7;CAAZAPA;83;ABAI;4547;YATA-I
7;CAAZAPA;83;ABAI;4548;ÑU GUAZU
7;CAAZAPA;83;ABAI;5810;Y JHOVY
7;CAAZAPA;84;TAVAI;4549;TAVAI
7;CAAZAPA;84;TAVAI;4550;ATONGUE
7;CAAZAPA;84;TAVAI;4551;BIYU
7;CAAZAPA;84;TAVAI;4552;CASTOR CUE
7;CAAZAPA;84;TAVAI;4553;CERRO-I
7;CAAZAPA;84;TAVAI;4554;ENRAMADITA
7;CAAZAPA;84;TAVAI;4555;ITANGUA
7;CAAZAPA;84;TAVAI;4556;MBOPI REVI
7;CAAZAPA;84;TAVAI;4557;RIVAS CUE
7;CAAZAPA;84;TAVAI;4558;SAN GABRIEL
7;CAAZAPA;84;TAVAI;4559;TAVAI (MUNICIPIO)
7;CAAZAPA;84;TAVAI;4559;TAVAI (MUNICIPIO)
7;CAAZAPA;84;TAVAI;4559;TAVAI (MUNICIPIO)
7;CAAZAPA;84;TAVAI;4559;TAVAI (MUNICIPIO)
7;CAAZAPA;84;TAVAI;4560;TORO BLANCO GUAZU
7;CAAZAPA;84;TAVAI;4561;TORO BLANCO-I
7;CAAZAPA;84;TAVAI;4562;VALLE-MI
7;CAAZAPA;84;TAVAI;4563;YBYTY CORA
7;CAAZAPA;84;TAVAI;4564;ÑU CAÑY
7;CAAZAPA;84;TAVAI;5811;CAAZAPA-MI
7;CAAZAPA;84;TAVAI;5812;MBOI CHINI
7;CAAZAPA;84;TAVAI;5813;TORANZO
7;CAAZAPA;84;TAVAI;5814;YBY ATY
7;CAAZAPA;85;YEGROS;4565;YEGROS
7;CAAZAPA;85;YEGROS;4566;COSTA LIMA
7;CAAZAPA;85;YEGROS;4567;ESTACION JESUS MARIA
7;CAAZAPA;85;YEGROS;4568;ESTACION SAN LUIS CARMEJAN
7;CAAZAPA;85;YEGROS;4569;ESTACION SOLANO (LA RUAL DE Y)
7;CAAZAPA;85;YEGROS;4570;ESTACION SOLEI
7;CAAZAPA;85;YEGROS;4571;FULGENCIO YEGROS (MUNICIPIO)
7;CAAZAPA;85;YEGROS;4571;FULGENCIO YEGROS (MUNICIPIO)
7;CAAZAPA;85;YEGROS;4571;FULGENCIO YEGROS (MUNICIPIO)
7;CAAZAPA;85;YEGROS;4571;FULGENCIO YEGROS (MUNICIPIO)
7;CAAZAPA;85;YEGROS;4572;ISLA SACA
7;CAAZAPA;85;YEGROS;4573;MBARIGUI
7;CAAZAPA;85;YEGROS;4574;PINDOYU
7;CAAZAPA;85;YEGROS;4575;PIRAPO
7;CAAZAPA;85;YEGROS;4576;PUESTO CAÑETE
7;CAAZAPA;85;YEGROS;4577;PUESTO MBOCAYA
7;CAAZAPA;85;YEGROS;4578;PUESTO NARANJO
7;CAAZAPA;85;YEGROS;4579;PUNTA GUAZU
7;CAAZAPA;85;YEGROS;4580;RETIRO CAÑETE
7;CAAZAPA;85;YEGROS;4581;RETIRO REVENTON
7;CAAZAPA;85;YEGROS;4582;RETIRO TIMBO
7;CAAZAPA;85;YEGROS;4583;SAN RAFAEL
7;CAAZAPA;85;YEGROS;4584;YBYRA CATU
7;CAAZAPA;85;YEGROS;5815;ESTACION ELISA REAL
7;CAAZAPA;85;YEGROS;5816;GRAL.COLMAN
7;CAAZAPA;85;YEGROS;5817;PUESTO CAMBAY
7;CAAZAPA;85;YEGROS;5818;RETIRO ISLA GUAZU
7;CAAZAPA;86;YUTY;2169;ESTANCIA LAS PERLAS
7;CAAZAPA;86;YUTY;2170;ESTANCIA LIMA
7;CAAZAPA;86;YUTY;2171;ESTANCIA PYTERE
7;CAAZAPA;86;YUTY;2172;ESTANCIA SAN ANTONIO
7;CAAZAPA;86;YUTY;2173;ESTANCIA SAN LORENZO
7;CAAZAPA;86;YUTY;2174;ESTANCIA SANABRIA
7;CAAZAPA;86;YUTY;2175;ESTANCIA TARUMA
7;CAAZAPA;86;YUTY;2176;ESTANCIA TRES HERMANAS
7;CAAZAPA;86;YUTY;2177;ESTANCIA YPUCU
7;CAAZAPA;86;YUTY;2178;ESTANCIA YUTY
7;CAAZAPA;86;YUTY;2179;GANADERA PIRAPO (ESTANCIA)
7;CAAZAPA;86;YUTY;2180;GUAZU CAI
7;CAAZAPA;86;YUTY;2181;ISLA FLORIDO
7;CAAZAPA;86;YUTY;2182;ITA ANGU-A
7;CAAZAPA;86;YUTY;2183;LOMA JHOVY
7;CAAZAPA;86;YUTY;2184;LOMITA
7;CAAZAPA;86;YUTY;2185;MANDYYU TYGUE
7;CAAZAPA;86;YUTY;2186;MBOCAYA TY
7;CAAZAPA;86;YUTY;2187;MENDEZ PUESTO
7;CAAZAPA;86;YUTY;2188;POTRERO ANTEOJO
7;CAAZAPA;86;YUTY;2189;POTRERO YBATE
7;CAAZAPA;86;YUTY;2190;PUESTO TARUTI 1RO.
7;CAAZAPA;86;YUTY;2191;PUESTO TARUTI 2DO.
7;CAAZAPA;86;YUTY;2192;PUESTO TERUTI 3RO.
7;CAAZAPA;86;YUTY;2193;PUESTO YACAREY
7;CAAZAPA;86;YUTY;2194;PUESTO Y-JHOVY
7;CAAZAPA;86;YUTY;2195;PYTERE GUAZU
7;CAAZAPA;86;YUTY;2196;PYTERE-MI
7;CAAZAPA;86;YUTY;2197;RINCON ALEGRE
7;CAAZAPA;86;YUTY;2198;ROA RUGUA
7;CAAZAPA;86;YUTY;2199;SAN ANTONIO
7;CAAZAPA;86;YUTY;2200;SAN GERONIMO
7;CAAZAPA;86;YUTY;2201;SAN ISIDRO
7;CAAZAPA;86;YUTY;2202;SAN JUAN
7;CAAZAPA;86;YUTY;2203;SAN JUAN LOMA
7;CAAZAPA;86;YUTY;2204;SAN MIGUEL
7;CAAZAPA;86;YUTY;2205;SAN VICENTE
7;CAAZAPA;86;YUTY;2206;SANTA BARBARA
7;CAAZAPA;86;YUTY;2207;SANTA LUCIA
7;CAAZAPA;86;YUTY;2208;SANTA ROSA DE LIMA
7;CAAZAPA;86;YUTY;2209;SANTA URSULA
7;CAAZAPA;86;YUTY;2210;SARGENTO POTRERO
7;CAAZAPA;86;YUTY;2211;TACUAREMBOI-Y
7;CAAZAPA;86;YUTY;2212;TATU-CUA
7;CAAZAPA;86;YUTY;2213;TIRI
7;CAAZAPA;86;YUTY;2214;TYPYCHA-TY
7;CAAZAPA;86;YUTY;2215;URUGUY-Y
7;CAAZAPA;86;YUTY;2216;VAZQUEZ POTRERO
7;CAAZAPA;86;YUTY;2217;VERA-CUE
7;CAAZAPA;86;YUTY;2218;YACUARA-A
7;CAAZAPA;86;YUTY;2219;YAGUARETE CORA
7;CAAZAPA;86;YUTY;2220;TARATI-I
7;CAAZAPA;86;YUTY;2221;YATAI-TY
7;CAAZAPA;86;YUTY;2222;YU-I (CERRO)
7;CAAZAPA;86;YUTY;2223;YUTY (MUNICIPIO)
7;CAAZAPA;86;YUTY;2223;YUTY (MUNICIPIO)
7;CAAZAPA;86;YUTY;2223;YUTY (MUNICIPIO)
7;CAAZAPA;86;YUTY;2223;YUTY (MUNICIPIO)
7;CAAZAPA;86;YUTY;2224;ZURUGUAY
7;CAAZAPA;86;YUTY;2225;ÑU PYAJHU MI
7;CAAZAPA;86;YUTY;3287;CAA CARAPA
7;CAAZAPA;86;YUTY;3288;CAÑADA
7;CAAZAPA;86;YUTY;3289;CAÑADA (SANTA TERESITA)
7;CAAZAPA;86;YUTY;3290;COLORES
7;CAAZAPA;86;YUTY;3291;COMBATE CUE
7;CAAZAPA;86;YUTY;3292;CURUPI
7;CAAZAPA;86;YUTY;3293;ESTANCIA BOQUERON
7;CAAZAPA;86;YUTY;3294;ESTANCIA CARAYA
7;CAAZAPA;86;YUTY;3295;ESTANCIA DOLORES
7;CAAZAPA;86;YUTY;3296;ESTANCIA DOS MARIAS
7;CAAZAPA;86;YUTY;3297;ESTANCIA ITACURUBI DEL CARMEN
7;CAAZAPA;86;YUTY;4585;YUTY
7;CAAZAPA;86;YUTY;4586;ABAI
7;CAAZAPA;86;YUTY;4587;AGUARAY GUAZU
7;CAAZAPA;86;YUTY;4588;AGUARAY-MI
7;CAAZAPA;86;YUTY;4589;ARARUPE
7;CAAZAPA;86;YUTY;4590;ARROYO MACA
7;CAAZAPA;86;YUTY;4591;AYALA CUE
7;CAAZAPA;86;YUTY;4592;AZAME CUE
7;CAAZAPA;86;YUTY;4593;BOLAS CUE
7;CAAZAPA;86;YUTY;4594;CAPIITINDY
7;CAAZAPA;86;YUTY;5819;3 DE MAYO
7;CAAZAPA;86;YUTY;5820;ARGAÑA CUE
7;CAAZAPA;86;YUTY;5821;"CABAÑA ""LA CHIQUILLA"""
7;CAAZAPA;272;3 DE MAYO;6425;3 DE MAYO
8;ITAPUA;87;ENCARNACION;2226;ENCARNACION
8;ITAPUA;87;ENCARNACION;2227;3 POTRERO
8;ITAPUA;87;ENCARNACION;2228;4 POTRERO
8;ITAPUA;87;ENCARNACION;2229;AGUIRRE CUE
8;ITAPUA;87;ENCARNACION;2230;ARROYO PORA
8;ITAPUA;87;ENCARNACION;2231;BARRIO POTI Y (ISLA)
8;ITAPUA;87;ENCARNACION;2232;BARRIO VIUDITA
8;ITAPUA;87;ENCARNACION;2233;BARRIO YBYCUI 1A.(ISLA)
8;ITAPUA;87;ENCARNACION;2234;BARRIO YBYCUI 2DA.(ISLA)
8;ITAPUA;87;ENCARNACION;2235;BARRIO BEATO ROQUE
8;ITAPUA;87;ENCARNACION;2236;BARRIO ESTACION
8;ITAPUA;87;ENCARNACION;2237;BARRIO FABRIL
8;ITAPUA;87;ENCARNACION;2238;BARRIO LOMA CLAVEL
8;ITAPUA;87;ENCARNACION;2239;BARRIO SANTA MARIA
8;ITAPUA;87;ENCARNACION;2240;BARRIO SANTA ROSA 2DA.
8;ITAPUA;87;ENCARNACION;2241;C.5,6,7 COL.DR.F.ESCULIES
8;ITAPUA;87;ENCARNACION;2242;CAAGUY COL.SANTO DOMINGO
8;ITAPUA;87;ENCARNACION;2243;CALLE 1 COL.DR.F.ESCULIES
8;ITAPUA;87;ENCARNACION;2244;CALLE 2 COL.DR.F.ESCULIES
8;ITAPUA;87;ENCARNACION;2245;CALLE 3 COL.DR.F.ESCULIES
8;ITAPUA;87;ENCARNACION;2246;CALLE 4 DR.F.ESCULIES
8;ITAPUA;87;ENCARNACION;2247;CALLE 6 Y 7 (CERRITO)
8;ITAPUA;87;ENCARNACION;2248;CAMPO SANTO DOMINGO
8;ITAPUA;87;ENCARNACION;2249;CHAIPE
8;ITAPUA;87;ENCARNACION;2250;CURUPAYTY
8;ITAPUA;87;ENCARNACION;2251;CURUZU TOMAS
8;ITAPUA;87;ENCARNACION;2252;ENCARNACION (MUNICIPIO)
8;ITAPUA;87;ENCARNACION;2252;ENCARNACION (MUNICIPIO)
8;ITAPUA;87;ENCARNACION;2252;ENCARNACION (MUNICIPIO)
8;ITAPUA;87;ENCARNACION;2252;ENCARNACION (MUNICIPIO)
8;ITAPUA;87;ENCARNACION;2252;ENCARNACION (MUNICIPIO)
8;ITAPUA;87;ENCARNACION;2252;ENCARNACION (MUNICIPIO)
8;ITAPUA;87;ENCARNACION;2252;ENCARNACION (MUNICIPIO)
8;ITAPUA;87;ENCARNACION;2252;ENCARNACION (MUNICIPIO)
8;ITAPUA;87;ENCARNACION;2252;ENCARNACION (MUNICIPIO)
8;ITAPUA;87;ENCARNACION;2252;ENCARNACION (MUNICIPIO)
8;ITAPUA;87;ENCARNACION;2252;ENCARNACION (MUNICIPIO)
8;ITAPUA;87;ENCARNACION;2252;ENCARNACION (MUNICIPIO)
8;ITAPUA;87;ENCARNACION;2252;ENCARNACION (MUNICIPIO)
8;ITAPUA;87;ENCARNACION;2252;ENCARNACION (MUNICIPIO)
8;ITAPUA;87;ENCARNACION;2252;ENCARNACION (MUNICIPIO)
8;ITAPUA;87;ENCARNACION;2252;ENCARNACION (MUNICIPIO)
8;ITAPUA;87;ENCARNACION;2252;ENCARNACION (MUNICIPIO)
8;ITAPUA;87;ENCARNACION;2252;ENCARNACION (MUNICIPIO)
8;ITAPUA;87;ENCARNACION;2252;ENCARNACION (MUNICIPIO)
8;ITAPUA;87;ENCARNACION;2252;ENCARNACION (MUNICIPIO)
8;ITAPUA;87;ENCARNACION;2252;ENCARNACION (MUNICIPIO)
8;ITAPUA;87;ENCARNACION;2252;ENCARNACION (MUNICIPIO)
8;ITAPUA;87;ENCARNACION;2252;ENCARNACION (MUNICIPIO)
8;ITAPUA;87;ENCARNACION;2252;ENCARNACION (MUNICIPIO)
8;ITAPUA;87;ENCARNACION;2252;ENCARNACION (MUNICIPIO)
8;ITAPUA;87;ENCARNACION;2252;ENCARNACION (MUNICIPIO)
8;ITAPUA;87;ENCARNACION;2252;ENCARNACION (MUNICIPIO)
8;ITAPUA;87;ENCARNACION;2252;ENCARNACION (MUNICIPIO)
8;ITAPUA;87;ENCARNACION;2252;ENCARNACION (MUNICIPIO)
8;ITAPUA;87;ENCARNACION;2253;ESTANCIA MATIAUDA
8;ITAPUA;87;ENCARNACION;2254;FATIMA
8;ITAPUA;87;ENCARNACION;2255;ISLA B.DEL MEDIO
8;ITAPUA;87;ENCARNACION;2256;ISLA B.TATAINDY
8;ITAPUA;87;ENCARNACION;2257;ISLA MBOREVI
8;ITAPUA;87;ENCARNACION;2258;ISLA PANAMBI
8;ITAPUA;87;ENCARNACION;2259;ISLA PARANA 1RO.
8;ITAPUA;87;ENCARNACION;2260;ISLA VICTORIA
8;ITAPUA;87;ENCARNACION;2261;ITA ANGUA GUAZU
8;ITAPUA;87;ENCARNACION;2262;ITA ANGUA I
8;ITAPUA;87;ENCARNACION;2263;ITA CUA
8;ITAPUA;87;ENCARNACION;2264;ITA PASO (SANTO DOMINGO)
8;ITAPUA;87;ENCARNACION;2265;MBOI CAE
8;ITAPUA;87;ENCARNACION;2266;PACU CUA (BARRIO)
8;ITAPUA;87;ENCARNACION;2267;PACU CUA 3RO.
8;ITAPUA;87;ENCARNACION;2268;PICADA PYTA
8;ITAPUA;87;ENCARNACION;2269;PLANTA URBANA (COL.ESCULIES)
8;ITAPUA;87;ENCARNACION;2270;QUITERIO
8;ITAPUA;87;ENCARNACION;2271;RETIRO CARAGUATA
8;ITAPUA;87;ENCARNACION;2272;SAN BLAS (COL.INDEPENDENCIA)
8;ITAPUA;87;ENCARNACION;2273;SAN CARLOS
8;ITAPUA;87;ENCARNACION;2274;SAN ISIDRO (COL.INDEPENDENCIA)
8;ITAPUA;87;ENCARNACION;2275;SAN JUAN DEL PARANA
8;ITAPUA;87;ENCARNACION;2276;SAN MIGUEL
8;ITAPUA;87;ENCARNACION;2277;SAN MIGUEL (COL.STO.DOMINGO)
8;ITAPUA;87;ENCARNACION;2278;SAN NICOLAS
8;ITAPUA;87;ENCARNACION;2279;SANTA LUCIA (COL.C.A.LOPEZ)
8;ITAPUA;87;ENCARNACION;2280;SANTA MARIA
8;ITAPUA;87;ENCARNACION;2281;SANTA ROSA 1RO.
8;ITAPUA;87;ENCARNACION;2282;SANTA ROSA DEL PARANA
8;ITAPUA;87;ENCARNACION;2283;TACUARI
8;ITAPUA;87;ENCARNACION;2284;TATU CUA 3RO.
8;ITAPUA;87;ENCARNACION;2285;VILLA CRISTINA
8;ITAPUA;87;ENCARNACION;2286;YPE CURU 2DO.
8;ITAPUA;87;ENCARNACION;4601;NUEVA AURORA
8;ITAPUA;87;ENCARNACION;6308;SAN ANTONIO
8;ITAPUA;87;ENCARNACION;6309;SAN LUIS DEL PARANA
8;ITAPUA;87;ENCARNACION;6310;SANTA ROSA 2DO.
8;ITAPUA;87;ENCARNACION;6311;YPE CURU 1RO.
8;ITAPUA;88;BELLA VISTA;2287;BELLA VISTA
8;ITAPUA;88;BELLA VISTA;2288;ACA CARAYA KM.20
8;ITAPUA;88;BELLA VISTA;2289;ACA CARAYA KM.22
8;ITAPUA;88;BELLA VISTA;2290;BELLA VISTA (MUNICIPIO)
8;ITAPUA;88;BELLA VISTA;2290;BELLA VISTA (MUNICIPIO)
8;ITAPUA;88;BELLA VISTA;2290;BELLA VISTA (MUNICIPIO)
8;ITAPUA;88;BELLA VISTA;2290;BELLA VISTA (MUNICIPIO)
8;ITAPUA;88;BELLA VISTA;2290;BELLA VISTA (MUNICIPIO)
8;ITAPUA;88;BELLA VISTA;2290;BELLA VISTA (MUNICIPIO)
8;ITAPUA;88;BELLA VISTA;2291;CALLE 1RO.PIRAPO
8;ITAPUA;88;BELLA VISTA;2292;CAARENDY
8;ITAPUA;88;BELLA VISTA;2293;COL.FORDI-I
8;ITAPUA;88;BELLA VISTA;2294;COL.PIRAPO KM.13
8;ITAPUA;88;BELLA VISTA;2295;COL.PIRAPO KM.15
8;ITAPUA;88;BELLA VISTA;2296;COL.SANTA CLARA
8;ITAPUA;88;BELLA VISTA;2297;COL.UNION
8;ITAPUA;88;BELLA VISTA;2298;COL.URUGUAYA
8;ITAPUA;88;BELLA VISTA;2299;COL.VACAY
8;ITAPUA;88;BELLA VISTA;2300;FISCO KM.25
8;ITAPUA;88;BELLA VISTA;2301;KILOMETRO 19 COL.PIRAPO
8;ITAPUA;88;BELLA VISTA;2302;LA TRINIDAD
8;ITAPUA;88;BELLA VISTA;2303;PIRAPO (PLANTA URBANA)
8;ITAPUA;88;BELLA VISTA;2304;PIRAPO KM.17
8;ITAPUA;88;BELLA VISTA;2305;PIRAPO KM.25
8;ITAPUA;88;BELLA VISTA;2593;PUERTO ACA CARAYA
8;ITAPUA;88;BELLA VISTA;2594;PUERTO BELLA VISTA
8;ITAPUA;88;BELLA VISTA;2595;PUERTO CAARENDY
8;ITAPUA;88;BELLA VISTA;2596;PUERTO FORDI-I
8;ITAPUA;88;BELLA VISTA;2597;PUERTO PIRAPO
8;ITAPUA;88;BELLA VISTA;2598;PUERTO VACAY
8;ITAPUA;88;BELLA VISTA;2599;VILLA CAPSA
8;ITAPUA;88;BELLA VISTA;6312;CALLE 1RO. ACA CARAYA
8;ITAPUA;88;BELLA VISTA;6313;COL.PIRAPO KM.22
8;ITAPUA;88;BELLA VISTA;6314;KILOMETRO 23 COL.PIRAPO
8;ITAPUA;88;BELLA VISTA;6327;PUERTO ITALIA
8;ITAPUA;89;CAMBYRETA;2600;CAMBYRETA
8;ITAPUA;89;CAMBYRETA;2601;BARRERO GUAZU
8;ITAPUA;89;CAMBYRETA;2602;CALLE A CAMBYRETA
8;ITAPUA;89;CAMBYRETA;2603;CAMBYRETA (MUNICIPIO)
8;ITAPUA;89;CAMBYRETA;2604;COL.CAMPICHUELO
8;ITAPUA;89;CAMBYRETA;2605;COL.PARANA
8;ITAPUA;89;CAMBYRETA;2606;PUERTO CAMPICHUELO
8;ITAPUA;89;CAMBYRETA;2607;SAN MIGUEL CURUZU
8;ITAPUA;89;CAMBYRETA;2608;TRES PALMITOS
8;ITAPUA;89;CAMBYRETA;6328;ARROYO VERDE
8;ITAPUA;89;CAMBYRETA;6329;"COL.PARANA ""A"" (CALLE)"
8;ITAPUA;90;CAPITAN MEZA;2609;CAPITAN MEZA
8;ITAPUA;90;CAPITAN MEZA;2610;CAPITAN MEZA (MUNICIPIO)
8;ITAPUA;90;CAPITAN MEZA;2611;COL. CARLOS A.LOPEZ
8;ITAPUA;90;CAPITAN MEZA;2612;COL.EDELIRA
8;ITAPUA;90;CAPITAN MEZA;2613;COL. INDIGENA
8;ITAPUA;90;CAPITAN MEZA;2614;COL. NATALICIO 5A. LINEA
8;ITAPUA;90;CAPITAN MEZA;2615;COL. NUEVA
8;ITAPUA;90;CAPITAN MEZA;2616;COL. TEMBEY
8;ITAPUA;90;CAPITAN MEZA;2617;COL. MAYOR OTAÑO 1,2,3,4,5,LIN
8;ITAPUA;90;CAPITAN MEZA;2618;COL. REPATRIACION 2A. LINEA
8;ITAPUA;90;CAPITAN MEZA;2619;COL. REPATRIACION 3RA. LINEA
8;ITAPUA;90;CAPITAN MEZA;2620;EDELIRA-I
8;ITAPUA;90;CAPITAN MEZA;2621;EDELIRA KM.12
8;ITAPUA;90;CAPITAN MEZA;2622;EDELIRA KM.16
8;ITAPUA;90;CAPITAN MEZA;2623;EDELIRA KM.26
8;ITAPUA;90;CAPITAN MEZA;2624;ISLA PARAJHA
8;ITAPUA;90;CAPITAN MEZA;2625;KILOMETRO 49 -OBRAJE MANSON
8;ITAPUA;90;CAPITAN MEZA;2626;KILOMETRO 54 OBRAJE BARANA
8;ITAPUA;90;CAPITAN MEZA;2627;OBRAJE KM. 15
8;ITAPUA;90;CAPITAN MEZA;2628;PALOMA
8;ITAPUA;90;CAPITAN MEZA;2629;PARAJHA
8;ITAPUA;90;CAPITAN MEZA;2630;PIRAYU-I
8;ITAPUA;90;CAPITAN MEZA;2631;PUERTO 15 DE AGOSTO (C.APE-AI)
8;ITAPUA;90;CAPITAN MEZA;2632;PUERTO 3 DE MAYO
8;ITAPUA;90;CAPITAN MEZA;3949;PUERTO CARLOS A. LOPEZ
8;ITAPUA;90;CAPITAN MEZA;3950;PUERTO MAINUMBY
8;ITAPUA;90;CAPITAN MEZA;3951;PUERTO NATALICIO
8;ITAPUA;90;CAPITAN MEZA;3952;PUERTO PALOMA
8;ITAPUA;90;CAPITAN MEZA;3953;PUERTO PORVENIR
8;ITAPUA;90;CAPITAN MEZA;3954;PUERTO SAN LORENZO
8;ITAPUA;90;CAPITAN MEZA;3955;PUERTO SAN RAFAEL
8;ITAPUA;90;CAPITAN MEZA;3956;PUERTO YACUY
8;ITAPUA;90;CAPITAN MEZA;3957;PUERTO YAGUA RASAPA
8;ITAPUA;90;CAPITAN MEZA;3958;SAN JUAN
8;ITAPUA;90;CAPITAN MEZA;3959;TOLDERIA KM. 9
8;ITAPUA;90;CAPITAN MEZA;3960;TOLDERIA PIRAYU (PTO.CADENA)
8;ITAPUA;90;CAPITAN MEZA;3961;TOLDERIA YAGUA RASAPA
8;ITAPUA;90;CAPITAN MEZA;3962;TRIUNFO KM. 25
8;ITAPUA;90;CAPITAN MEZA;3963;URUTAU KM. 40
8;ITAPUA;90;CAPITAN MEZA;6330;COL. APE-AIME
8;ITAPUA;90;CAPITAN MEZA;6331;COL. SANTA ROSA
8;ITAPUA;90;CAPITAN MEZA;6332;EDELIRA 1RO.Y 2DA. LINEA
8;ITAPUA;90;CAPITAN MEZA;6333;KILOMETRO 72 OBRAJE KATUPYRY
8;ITAPUA;91;CARMEN DEL PARANA;3964;CARMEN DEL PARANA
8;ITAPUA;91;CARMEN DEL PARANA;3965;CALLE A ESTE
8;ITAPUA;91;CARMEN DEL PARANA;3966;CALLE 1 OESTE
8;ITAPUA;91;CARMEN DEL PARANA;3967;CALLE 2 OESTE
8;ITAPUA;91;CARMEN DEL PARANA;3968;CALLE 3 OESTE
8;ITAPUA;91;CARMEN DEL PARANA;3969;CALLE 4 OESTE
8;ITAPUA;91;CARMEN DEL PARANA;3970;CALLE 5 OESTE
8;ITAPUA;91;CARMEN DEL PARANA;3971;CALLE 6 OESTE
8;ITAPUA;91;CARMEN DEL PARANA;3972;CALLE 7
8;ITAPUA;91;CARMEN DEL PARANA;3973;CALLE 7 (A-B)OESTE
8;ITAPUA;91;CARMEN DEL PARANA;3974;CALLE A-B-C-
8;ITAPUA;91;CARMEN DEL PARANA;3975;CALLE AUXILIAR
8;ITAPUA;91;CARMEN DEL PARANA;3976;CALLE B ESTE
8;ITAPUA;91;CARMEN DEL PARANA;3977;CALLE B OESTE
8;ITAPUA;91;CARMEN DEL PARANA;3978;CALLE C ESTE
8;ITAPUA;91;CARMEN DEL PARANA;3979;CALLE C OESTE
8;ITAPUA;91;CARMEN DEL PARANA;3980;CALLE D ESTE
8;ITAPUA;91;CARMEN DEL PARANA;3981;CALLE D OESTE
8;ITAPUA;91;CARMEN DEL PARANA;3982;CALLE E ESTE
8;ITAPUA;91;CARMEN DEL PARANA;3983;CALLE E OESTE
8;ITAPUA;91;CARMEN DEL PARANA;3984;CAMPAÑA COHTCF
8;ITAPUA;91;CARMEN DEL PARANA;3985;CARAGUATA
8;ITAPUA;91;CARMEN DEL PARANA;3986;CARMEN DEL PARANA (MUNICIPIO)
8;ITAPUA;91;CARMEN DEL PARANA;3986;CARMEN DEL PARANA (MUNICIPIO)
8;ITAPUA;91;CARMEN DEL PARANA;3986;CARMEN DEL PARANA (MUNICIPIO)
8;ITAPUA;91;CARMEN DEL PARANA;3986;CARMEN DEL PARANA (MUNICIPIO)
8;ITAPUA;91;CARMEN DEL PARANA;3986;CARMEN DEL PARANA (MUNICIPIO)
8;ITAPUA;91;CARMEN DEL PARANA;3986;CARMEN DEL PARANA (MUNICIPIO)
8;ITAPUA;91;CARMEN DEL PARANA;3987;CERRITO
8;ITAPUA;91;CARMEN DEL PARANA;3988;ESTANCIA WILKE
8;ITAPUA;91;CARMEN DEL PARANA;3989;PUESTO WILKE (WILKIN)
8;ITAPUA;91;CARMEN DEL PARANA;3990;SAN MARTIN
8;ITAPUA;91;CARMEN DEL PARANA;3991;YACAREY
8;ITAPUA;91;CARMEN DEL PARANA;3992;YBYRAITY
8;ITAPUA;92;CAPITAN MIRANDA;3993;CAPITAN MIRANDA
8;ITAPUA;92;CAPITAN MIRANDA;3994;CALLE 13 CAPITAN MIRANDA
8;ITAPUA;92;CAPITAN MIRANDA;3995;CALLE 7 CAPITAN MIRANDA
8;ITAPUA;92;CAPITAN MIRANDA;3996;CALLE A CAPITAN MIRANDA
8;ITAPUA;92;CAPITAN MIRANDA;3997;CALLE A SUR CAPITAN MIRANDA
8;ITAPUA;92;CAPITAN MIRANDA;3998;CALLE B 2DA. CAPITAN MIRANDA
8;ITAPUA;92;CAPITAN MIRANDA;3999;CALLE B CAPITAN MIRANDA
8;ITAPUA;92;CAPITAN MIRANDA;4000;CALLE B SUR CAPITAN MIRANDA
8;ITAPUA;92;CAPITAN MIRANDA;4001;CALLE C SUR CAPITAN MIRANDA
8;ITAPUA;92;CAPITAN MIRANDA;4002;CALLE C CAPITAN MIRANDA
8;ITAPUA;92;CAPITAN MIRANDA;4003;CALLE JESUS CAPITAN MIRANDA
8;ITAPUA;92;CAPITAN MIRANDA;4004;CAP. MIRANDA (MUNICIPIO)
8;ITAPUA;92;CAPITAN MIRANDA;4005;COL. ALBORADA 1 CAP. MIRANDA
8;ITAPUA;92;CAPITAN MIRANDA;4006;COL. ALBORADA 2 CAP. MIRANDA
8;ITAPUA;92;CAPITAN MIRANDA;4007;YTORORO CAP. MIRANDA
8;ITAPUA;93;CORONEL BOGADO;4008;CORONEL BOGADO
8;ITAPUA;93;CORONEL BOGADO;4009;AGUARA
8;ITAPUA;93;CORONEL BOGADO;4010;ANTEQUERA 1RO.
8;ITAPUA;93;CORONEL BOGADO;4011;ANTEQUERA 2DO.
8;ITAPUA;93;CORONEL BOGADO;4012;BONETE
8;ITAPUA;93;CORONEL BOGADO;4013;CABAYU-I
8;ITAPUA;93;CORONEL BOGADO;4014;CAMBAY
8;ITAPUA;93;CORONEL BOGADO;4015;CAMBA RUGUA
8;ITAPUA;93;CORONEL BOGADO;4016;CARUÑAI
8;ITAPUA;93;CORONEL BOGADO;4017;CAUCASIA
8;ITAPUA;93;CORONEL BOGADO;4018;CERRITO
8;ITAPUA;93;CORONEL BOGADO;4019;CNEL.JOSE F.BOGADO (MUNICIPIO)
8;ITAPUA;93;CORONEL BOGADO;4019;CNEL.JOSE F.BOGADO (MUNICIPIO)
8;ITAPUA;93;CORONEL BOGADO;4019;CNEL.JOSE F.BOGADO (MUNICIPIO)
8;ITAPUA;93;CORONEL BOGADO;4019;CNEL.JOSE F.BOGADO (MUNICIPIO)
8;ITAPUA;93;CORONEL BOGADO;4020;COL. CAP.BADO
8;ITAPUA;93;CORONEL BOGADO;4021;COL. SIBERIA
8;ITAPUA;93;CORONEL BOGADO;4022;COSTA TACUARY
8;ITAPUA;93;CORONEL BOGADO;4023;CRISTO REY
8;ITAPUA;93;CORONEL BOGADO;4024;ESTANCIA EL PROGRESO
8;ITAPUA;93;CORONEL BOGADO;4025;ESTANCIA FERNANDEZ
8;ITAPUA;93;CORONEL BOGADO;4026;ESTANCIA MEFFER
8;ITAPUA;93;CORONEL BOGADO;4027;MBUTUY
8;ITAPUA;93;CORONEL BOGADO;4028;PICADA TUNA
8;ITAPUA;93;CORONEL BOGADO;4029;POTRERITO
8;ITAPUA;93;CORONEL BOGADO;4030;PUESTO GUAICURU
8;ITAPUA;93;CORONEL BOGADO;4031;RESQUIN CUE
8;ITAPUA;93;CORONEL BOGADO;4032;SAN ANTONIO
8;ITAPUA;93;CORONEL BOGADO;4033;SAN FRANCISCO
8;ITAPUA;93;CORONEL BOGADO;4034;SAN ISIDRO
8;ITAPUA;93;CORONEL BOGADO;4035;SAN JUAN JHUGUA-I
8;ITAPUA;93;CORONEL BOGADO;4036;SAN MIGUEL POTRERO
8;ITAPUA;93;CORONEL BOGADO;4037;SAN RAFAEL
8;ITAPUA;93;CORONEL BOGADO;4038;SAN ROQUE
8;ITAPUA;93;CORONEL BOGADO;4039;SANTA RITA
8;ITAPUA;93;CORONEL BOGADO;4040;SATI
8;ITAPUA;93;CORONEL BOGADO;4041;TACUARY
8;ITAPUA;93;CORONEL BOGADO;4042;TACUATY
8;ITAPUA;93;CORONEL BOGADO;4043;TYMACA
8;ITAPUA;93;CORONEL BOGADO;4044;TELLEZ - I
8;ITAPUA;93;CORONEL BOGADO;4045;TELLEZ CUE
8;ITAPUA;93;CORONEL BOGADO;4046;YPYTA
8;ITAPUA;94;FRAM;4047;FRAM
8;ITAPUA;94;FRAM;4048;CALLE AUXILIAR T
8;ITAPUA;94;FRAM;4049;CALLE E ESTE
8;ITAPUA;94;FRAM;4050;CALLE E OESTE
8;ITAPUA;94;FRAM;4051;CALLE F ESTE
8;ITAPUA;94;FRAM;4052;CALLE F OESTE
8;ITAPUA;94;FRAM;4053;CALLE G ESTE
8;ITAPUA;94;FRAM;4054;CALLE G OESTE
8;ITAPUA;94;FRAM;4055;CALLE H ESTE
8;ITAPUA;94;FRAM;4056;CALLE H OESTE
8;ITAPUA;94;FRAM;4057;CALLE I ESTE
8;ITAPUA;94;FRAM;4058;CALLE I OESTE
8;ITAPUA;94;FRAM;4059;CALLE J ESTE
8;ITAPUA;94;FRAM;4060;CALLE J OESTE
8;ITAPUA;94;FRAM;4061;CALLE K ESTE
8;ITAPUA;94;FRAM;4062;CALLE K OESTE
8;ITAPUA;94;FRAM;4063;CALLE I OESTE
8;ITAPUA;94;FRAM;4064;CALLE M ESTE
8;ITAPUA;94;FRAM;4065;CALLE M OESTE
8;ITAPUA;94;FRAM;4066;CALLE N ESTE
8;ITAPUA;94;FRAM;4067;CALLE N OESTE
8;ITAPUA;94;FRAM;4068;CALLE P ESTE
8;ITAPUA;94;FRAM;4069;CALLE P OESTE
8;ITAPUA;94;FRAM;4070;CALLE Q ESTE
8;ITAPUA;94;FRAM;4071;CALLE Q OESTE
8;ITAPUA;94;FRAM;4072;CALLE S ESTE
8;ITAPUA;94;FRAM;4073;CALLE S OESTE
8;ITAPUA;94;FRAM;4074;CALLE T ESTE
8;ITAPUA;94;FRAM;4075;CAALE T OESTE
8;ITAPUA;94;FRAM;4076;CALLE U ESTE
8;ITAPUA;94;FRAM;4077;CALLE V OESTE
8;ITAPUA;94;FRAM;4078;FRAM ( MUNICIPIO )
8;ITAPUA;94;FRAM;4078;FRAM ( MUNICIPIO )
8;ITAPUA;94;FRAM;4078;FRAM ( MUNICIPIO )
8;ITAPUA;94;FRAM;4078;FRAM ( MUNICIPIO )
8;ITAPUA;94;FRAM;4078;FRAM ( MUNICIPIO )
8;ITAPUA;94;FRAM;4078;FRAM ( MUNICIPIO )
8;ITAPUA;94;FRAM;4078;FRAM ( MUNICIPIO )
8;ITAPUA;94;FRAM;4078;FRAM ( MUNICIPIO )
8;ITAPUA;94;FRAM;5783;CALLE O ESTE
8;ITAPUA;94;FRAM;5784;CALLE R OESTE
8;ITAPUA;94;FRAM;5785;CALLE U OESTE
8;ITAPUA;95;GRAL. ARTIGAS;1855;ESTANCIA SALTO
8;ITAPUA;95;GRAL. ARTIGAS;1856;ESTANCIA SAN ANTONIO
8;ITAPUA;95;GRAL. ARTIGAS;1857;ESTANCIA SANTA TERESA
8;ITAPUA;95;GRAL. ARTIGAS;1858;ESTANCIA YBYRA PIRU
8;ITAPUA;95;GRAL. ARTIGAS;1859;ESTNACIA ÑEEMBUCU
8;ITAPUA;95;GRAL. ARTIGAS;1860;GANADERA SALITRE CUE
8;ITAPUA;95;GRAL. ARTIGAS;1861;GRAL.GERVACIO ARTIGAS (MUNIC.)
8;ITAPUA;95;GRAL. ARTIGAS;1861;GRAL.GERVACIO ARTIGAS (MUNIC.)
8;ITAPUA;95;GRAL. ARTIGAS;1861;GRAL.GERVACIO ARTIGAS (MUNIC.)
8;ITAPUA;95;GRAL. ARTIGAS;1861;GRAL.GERVACIO ARTIGAS (MUNIC.)
8;ITAPUA;95;GRAL. ARTIGAS;1862;HURTADO CUE
8;ITAPUA;95;GRAL. ARTIGAS;1863;ISLA ALTA
8;ITAPUA;95;GRAL. ARTIGAS;1864;ITACURUBI
8;ITAPUA;95;GRAL. ARTIGAS;1865;COL.SANTA MARIA
8;ITAPUA;95;GRAL. ARTIGAS;1866;PICADA PYTA
8;ITAPUA;95;GRAL. ARTIGAS;1867;POTRERITO
8;ITAPUA;95;GRAL. ARTIGAS;1868;POTRERO DUARTE
8;ITAPUA;95;GRAL. ARTIGAS;1869;PUESTO AGUADA
8;ITAPUA;95;GRAL. ARTIGAS;1870;PUESTO CAAGUAZU
8;ITAPUA;95;GRAL. ARTIGAS;1871;PUESTO IRALA PINDO
8;ITAPUA;95;GRAL. ARTIGAS;1872;PUESTO SOLEDAD
8;ITAPUA;95;GRAL. ARTIGAS;1873;PUESTO TAYY
8;ITAPUA;95;GRAL. ARTIGAS;1874;SAN BLAS
8;ITAPUA;95;GRAL. ARTIGAS;1875;SAN IDIDRO
8;ITAPUA;95;GRAL. ARTIGAS;1876;SAN MIGUEL
8;ITAPUA;95;GRAL. ARTIGAS;1877;SAN MIGUL POTRERO
8;ITAPUA;95;GRAL. ARTIGAS;1878;SYRYRYCA
8;ITAPUA;95;GRAL. ARTIGAS;1879;TOROPE
8;ITAPUA;95;GRAL. ARTIGAS;1880;YPAYERE
8;ITAPUA;95;GRAL. ARTIGAS;1881;YUKYRAYI
8;ITAPUA;95;GRAL. ARTIGAS;1882;ZANJA HONDO
8;ITAPUA;95;GRAL. ARTIGAS;1883;ÑU GUAZU
8;ITAPUA;95;GRAL. ARTIGAS;1884;ÑU PYAJHU
8;ITAPUA;95;GRAL. ARTIGAS;4079;GRAL. ARGTIGAS
8;ITAPUA;95;GRAL. ARTIGAS;4080;ALBARDON
8;ITAPUA;95;GRAL. ARTIGAS;4081;BOBI PUCU
8;ITAPUA;95;GRAL. ARTIGAS;4082;BUENA VISTA
8;ITAPUA;95;GRAL. ARTIGAS;4083;CAMBAY
8;ITAPUA;95;GRAL. ARTIGAS;4084;CERRITO
8;ITAPUA;95;GRAL. ARTIGAS;4085;COL. INDEPENDENCIA
8;ITAPUA;95;GRAL. ARTIGAS;4086;CURUPAYTYUAYA
8;ITAPUA;95;GRAL. ARTIGAS;4087;ERATY
8;ITAPUA;95;GRAL. ARTIGAS;4088;ESTANCIA AREQUITA
8;ITAPUA;95;GRAL. ARTIGAS;4089;ESANCIA BADO ISLA PE H
8;ITAPUA;95;GRAL. ARTIGAS;4090;ESTANCIA CABALLERO GATTI
8;ITAPUA;95;GRAL. ARTIGAS;4091;ESTANCIA ISLA CAMBA
8;ITAPUA;95;GRAL. ARTIGAS;4092;ESTANCIA LOMA
8;ITAPUA;95;GRAL. ARTIGAS;4093;ESTANCIA PIRITY
8;ITAPUA;95;GRAL. ARTIGAS;5786;ARROYO VUELTA
8;ITAPUA;95;GRAL. ARTIGAS;5787;COL. URUGUAYA
8;ITAPUA;95;GRAL. ARTIGAS;5788;ESTANCIA BADO ISLA PE L
8;ITAPUA;96;GRAL. DELGADO;1885;GRAL. DELGADO
8;ITAPUA;96;GRAL. DELGADO;1886;BOQUERON
8;ITAPUA;96;GRAL. DELGADO;1887;CAA-TY
8;ITAPUA;96;GRAL. DELGADO;1888;COSTA JHU
8;ITAPUA;96;GRAL. DELGADO;1889;ESTANCIA FRANCO CUE
8;ITAPUA;96;GRAL. DELGADO;1890;ESTANCIA LAUREL
8;ITAPUA;96;GRAL. DELGADO;1891;ESTANCIA SAN ANTONIO
8;ITAPUA;96;GRAL. DELGADO;1892;ESTANCIA SAN MIGUELITO
8;ITAPUA;96;GRAL. DELGADO;1893;ESTANCIA SANTA MARIA
8;ITAPUA;96;GRAL. DELGADO;1894;ESTANCIA YCUA ÑU
8;ITAPUA;96;GRAL. DELGADO;1895;GRAL. DELGADO (MUNICIPIO)
8;ITAPUA;96;GRAL. DELGADO;1895;GRAL. DELGADO (MUNICIPIO)
8;ITAPUA;96;GRAL. DELGADO;1895;GRAL. DELGADO (MUNICIPIO)
8;ITAPUA;96;GRAL. DELGADO;1896;ISLA GUAZU
8;ITAPUA;96;GRAL. DELGADO;1897;ISLA PERU
8;ITAPUA;96;GRAL. DELGADO;1898;JHUGUA GUAZU
8;ITAPUA;96;GRAL. DELGADO;1899;JHUGUA-I
8;ITAPUA;96;GRAL. DELGADO;1900;LOMITA
8;ITAPUA;96;GRAL. DELGADO;1901;MANDYYU-TYGUE
8;ITAPUA;96;GRAL. DELGADO;1902;PASO LAUREL
8;ITAPUA;96;GRAL. DELGADO;1903;POSTA CUE
8;ITAPUA;96;GRAL. DELGADO;1904;PUNTA PORA
8;ITAPUA;96;GRAL. DELGADO;1905;SAN ANTONIO (JHUGUA-MI)
8;ITAPUA;96;GRAL. DELGADO;1906;SAN BLAS
8;ITAPUA;96;GRAL. DELGADO;1907;SAN DIONISIO
8;ITAPUA;96;GRAL. DELGADO;1908;SAN ESTANISLAO
8;ITAPUA;96;GRAL. DELGADO;1909;SAN ISIDRO
8;ITAPUA;96;GRAL. DELGADO;1910;SAN PEDRO
8;ITAPUA;96;GRAL. DELGADO;1911;SANTA MARIA
8;ITAPUA;96;GRAL. DELGADO;1912;TAVA-I
8;ITAPUA;96;GRAL. DELGADO;1913;YBYRATY
8;ITAPUA;96;GRAL. DELGADO;1914;YHACA
8;ITAPUA;97;HOHENAU;1915;HOHENAU
8;ITAPUA;97;HOHENAU;1916;CABAYU-Y
8;ITAPUA;97;HOHENAU;1917;CAMPO ANGEL
8;ITAPUA;97;HOHENAU;1918;FISCO HOHENAU
8;ITAPUA;97;HOHENAU;1919;HOHENAU 1
8;ITAPUA;97;HOHENAU;1920;HOHENAU 2 (MUNICIPIO)
8;ITAPUA;97;HOHENAU;1921;HOHENAU 3
8;ITAPUA;97;HOHENAU;1922;HOHENAU 4
8;ITAPUA;97;HOHENAU;1923;ITAPE SYI
8;ITAPUA;97;HOHENAU;1924;LA MORENA
8;ITAPUA;97;HOHENAU;1925;PUERTO HOHENAU
8;ITAPUA;97;HOHENAU;1926;PUERTO SANTA ROSA
8;ITAPUA;97;HOHENAU;1927;SANTA MARIA 1RO.
8;ITAPUA;97;HOHENAU;1928;SANTA MARIA 2A.(COLONIA)
8;ITAPUA;98;JESUS;1929;JESUS
8;ITAPUA;98;JESUS;1930;CAAGUAZU (C.FEDERICO CHAVEZ)
8;ITAPUA;98;JESUS;1931;CAMBAY
8;ITAPUA;98;JESUS;1932;CAMPOS TERWINDT
8;ITAPUA;98;JESUS;1933;CAPIIBARY (PASO CARLIN)
8;ITAPUA;98;JESUS;1934;CARUMBEY
8;ITAPUA;98;JESUS;1935;COL.JESUS
8;ITAPUA;98;JESUS;1936;JESUS (MUNICIPIO)
8;ITAPUA;98;JESUS;1937;MADISOVY (CAMPO TOMAS)
8;ITAPUA;98;JESUS;1938;SAN ANTONIO
8;ITAPUA;98;JESUS;1939;SAN JUSTO
8;ITAPUA;98;JESUS;1940;SAN LUIS
8;ITAPUA;98;JESUS;1941;SANTA TERESA
8;ITAPUA;99;OBLIGADO;1942;OBLIGADO
8;ITAPUA;99;OBLIGADO;1943;ARROYO GUAZU
8;ITAPUA;99;OBLIGADO;1944;COL.OBLIGADO KM. 10
8;ITAPUA;99;OBLIGADO;1945;KILOMETRO 10
8;ITAPUA;99;OBLIGADO;1946;KILOMETRO 25
8;ITAPUA;99;OBLIGADO;1947;KILOMETRO 26
8;ITAPUA;99;OBLIGADO;1948;OBLIGADO (MUNICIPIO)
8;ITAPUA;99;OBLIGADO;1949;OBLIGADO 3RO.
8;ITAPUA;99;OBLIGADO;1950;PASTOREO
8;ITAPUA;99;OBLIGADO;1951;PUERTO OBLIGADO
8;ITAPUA;99;OBLIGADO;1952;VILLA ALEGRE
8;ITAPUA;99;OBLIGADO;6287;CAMPO ANGEL
8;ITAPUA;99;OBLIGADO;6288;LAPACHAL
8;ITAPUA;99;OBLIGADO;6289;VACAY
8;ITAPUA;100;SAN COSME Y DAMIAN;1953;SAN COSME
8;ITAPUA;100;SAN COSME Y DAMIAN;1954;ARROCERA BOLF
8;ITAPUA;100;SAN COSME Y DAMIAN;1955;CHACO-I
8;ITAPUA;100;SAN COSME Y DAMIAN;1956;COL.TIBURCIO BOGADO..........
8;ITAPUA;100;SAN COSME Y DAMIAN;1957;COL.YBYCUI (CERRO)
8;ITAPUA;100;SAN COSME Y DAMIAN;1958;CURUPAY CARE
8;ITAPUA;100;SAN COSME Y DAMIAN;1959;ESTANCIA BAEZ
8;ITAPUA;100;SAN COSME Y DAMIAN;1960;ESTANCIA JORGE BOLF
8;ITAPUA;100;SAN COSME Y DAMIAN;1961;ESTANCIA MALAY
8;ITAPUA;100;SAN COSME Y DAMIAN;1962;ESTANCIA MORA
8;ITAPUA;100;SAN COSME Y DAMIAN;1963;GUACURU CUA
8;ITAPUA;100;SAN COSME Y DAMIAN;1964;ISLA BUENA VISTA
8;ITAPUA;100;SAN COSME Y DAMIAN;1965;ISLA FLORES
8;ITAPUA;100;SAN COSME Y DAMIAN;1966;ISLA JUPITER
8;ITAPUA;100;SAN COSME Y DAMIAN;1967;ISLA MBOREVI II
8;ITAPUA;100;SAN COSME Y DAMIAN;1968;ISLA MYTU-I
8;ITAPUA;100;SAN COSME Y DAMIAN;1969;ISLA PUCU
8;ITAPUA;100;SAN COSME Y DAMIAN;1970;ISLA SAUCE
8;ITAPUA;100;SAN COSME Y DAMIAN;1971;ISLA TALAVERA
8;ITAPUA;100;SAN COSME Y DAMIAN;1972;ISLA YACY RETA
8;ITAPUA;100;SAN COSME Y DAMIAN;1973;ISLA YPYTA
8;ITAPUA;100;SAN COSME Y DAMIAN;1974;LOMA SAN ANTONIO
8;ITAPUA;100;SAN COSME Y DAMIAN;1975;MISERICORDIA
8;ITAPUA;100;SAN COSME Y DAMIAN;1976;PIRITY
8;ITAPUA;100;SAN COSME Y DAMIAN;1977;POTRERO YBATE
8;ITAPUA;100;SAN COSME Y DAMIAN;1978;POTRERO ÑA'U
8;ITAPUA;100;SAN COSME Y DAMIAN;1979;PUERTO BARRANQUERITA
8;ITAPUA;100;SAN COSME Y DAMIAN;1980;PUERTO PICARDIA
8;ITAPUA;100;SAN COSME Y DAMIAN;1981;PUESTO
8;ITAPUA;100;SAN COSME Y DAMIAN;1982;SAN COSME Y DAMIAN (MUNICIPIO)
8;ITAPUA;100;SAN COSME Y DAMIAN;1982;SAN COSME Y DAMIAN (MUNICIPIO)
8;ITAPUA;100;SAN COSME Y DAMIAN;1982;SAN COSME Y DAMIAN (MUNICIPIO)
8;ITAPUA;100;SAN COSME Y DAMIAN;1982;SAN COSME Y DAMIAN (MUNICIPIO)
8;ITAPUA;100;SAN COSME Y DAMIAN;1982;SAN COSME Y DAMIAN (MUNICIPIO)
8;ITAPUA;100;SAN COSME Y DAMIAN;1982;SAN COSME Y DAMIAN (MUNICIPIO)
8;ITAPUA;100;SAN COSME Y DAMIAN;1982;SAN COSME Y DAMIAN (MUNICIPIO)
8;ITAPUA;100;SAN COSME Y DAMIAN;1983;SAN LORENZO
8;ITAPUA;100;SAN COSME Y DAMIAN;1984;SAN MAURICIO
8;ITAPUA;100;SAN COSME Y DAMIAN;1985;SANTA LUCIA
8;ITAPUA;100;SAN COSME Y DAMIAN;1986;SANTO TOMAS
8;ITAPUA;100;SAN COSME Y DAMIAN;1987;TAMBURA
8;ITAPUA;100;SAN COSME Y DAMIAN;6290;CAMBYRETA
8;ITAPUA;100;SAN COSME Y DAMIAN;6291;ESTANCIA ABELARDA (ABELANDRA)
8;ITAPUA;100;SAN COSME Y DAMIAN;6292;ISLA GARZALITO
8;ITAPUA;100;SAN COSME Y DAMIAN;6293;ISLA RICA
8;ITAPUA;100;SAN COSME Y DAMIAN;6294;LOMA
8;ITAPUA;100;SAN COSME Y DAMIAN;6295;POTRERO CARDOZO
8;ITAPUA;100;SAN COSME Y DAMIAN;6296;PUESTO MBERU (TOMBERU)
8;ITAPUA;101;SAN PEDRO DEL PARANA;1369;SAN JUAN POI
8;ITAPUA;101;SAN PEDRO DEL PARANA;1370;SAN LORENZO
8;ITAPUA;101;SAN PEDRO DEL PARANA;1371;SAN LUIS
8;ITAPUA;101;SAN PEDRO DEL PARANA;1372;SAN NICOLAS
8;ITAPUA;101;SAN PEDRO DEL PARANA;1373;SAN PABLO (ESTANCIA)
8;ITAPUA;101;SAN PEDRO DEL PARANA;1374;SAN PEDRO DEL PARANA (MUNICIP)
8;ITAPUA;101;SAN PEDRO DEL PARANA;1374;SAN PEDRO DEL PARANA (MUNICIP)
8;ITAPUA;101;SAN PEDRO DEL PARANA;1374;SAN PEDRO DEL PARANA (MUNICIP)
8;ITAPUA;101;SAN PEDRO DEL PARANA;1374;SAN PEDRO DEL PARANA (MUNICIP)
8;ITAPUA;101;SAN PEDRO DEL PARANA;1374;SAN PEDRO DEL PARANA (MUNICIP)
8;ITAPUA;101;SAN PEDRO DEL PARANA;1374;SAN PEDRO DEL PARANA (MUNICIP)
8;ITAPUA;101;SAN PEDRO DEL PARANA;1374;SAN PEDRO DEL PARANA (MUNICIP)
8;ITAPUA;101;SAN PEDRO DEL PARANA;1374;SAN PEDRO DEL PARANA (MUNICIP)
8;ITAPUA;101;SAN PEDRO DEL PARANA;1375;SAN PEDRO MI (SAN PEDRO)
8;ITAPUA;101;SAN PEDRO DEL PARANA;1376;SAN PEDRO ÑU
8;ITAPUA;101;SAN PEDRO DEL PARANA;1377;SAN RAFAEL
8;ITAPUA;101;SAN PEDRO DEL PARANA;1378;SAN SOLANO
8;ITAPUA;101;SAN PEDRO DEL PARANA;1379;SAN SOLANO MI
8;ITAPUA;101;SAN PEDRO DEL PARANA;1380;SAN VICENTE
8;ITAPUA;101;SAN PEDRO DEL PARANA;1381;SANTA BRIGIDA
8;ITAPUA;101;SAN PEDRO DEL PARANA;1382;SANTA TERESA (ESTANCIA)
8;ITAPUA;101;SAN PEDRO DEL PARANA;1383;SANTA TERESA FLORIDO
8;ITAPUA;101;SAN PEDRO DEL PARANA;1384;SANTIAGO CUE
8;ITAPUA;101;SAN PEDRO DEL PARANA;1385;TACHARUZU
8;ITAPUA;101;SAN PEDRO DEL PARANA;1386;TACUARA
8;ITAPUA;101;SAN PEDRO DEL PARANA;1387;TARUMA
8;ITAPUA;101;SAN PEDRO DEL PARANA;1388;TAVY
8;ITAPUA;101;SAN PEDRO DEL PARANA;1389;TIMBO-I
8;ITAPUA;101;SAN PEDRO DEL PARANA;1390;VALLE TEBICUARY
8;ITAPUA;101;SAN PEDRO DEL PARANA;1391;YABEBYRY
8;ITAPUA;101;SAN PEDRO DEL PARANA;1392;YACARE-CUA
8;ITAPUA;101;SAN PEDRO DEL PARANA;1393;YACUA RUZU
8;ITAPUA;101;SAN PEDRO DEL PARANA;1394;YAGUA CUA
8;ITAPUA;101;SAN PEDRO DEL PARANA;1395;YAGUA CUA GUAZU
8;ITAPUA;101;SAN PEDRO DEL PARANA;1396;INAMBU (YNAMBU-I)
8;ITAPUA;101;SAN PEDRO DEL PARANA;1397;YSYPO YU
8;ITAPUA;101;SAN PEDRO DEL PARANA;1398;ZANZA CORA3
8;ITAPUA;101;SAN PEDRO DEL PARANA;1988;CAMPAMENTO CUE (ESTANCIA)
8;ITAPUA;101;SAN PEDRO DEL PARANA;1989;ALTO VERA
8;ITAPUA;101;SAN PEDRO DEL PARANA;1990;APEPU TY
8;ITAPUA;101;SAN PEDRO DEL PARANA;1991;ARROYO FRAZADA
8;ITAPUA;101;SAN PEDRO DEL PARANA;1992;BARRIO SAN FRANCISCO
8;ITAPUA;101;SAN PEDRO DEL PARANA;1993;BARRIO SAN MIGUEL
8;ITAPUA;101;SAN PEDRO DEL PARANA;1994;BARRIO SANTA CATALINA
8;ITAPUA;101;SAN PEDRO DEL PARANA;1995;BOGADO CUE
8;ITAPUA;101;SAN PEDRO DEL PARANA;1996;CAAZAPA - MI
8;ITAPUA;101;SAN PEDRO DEL PARANA;1997;CAMPO FLORIDO
8;ITAPUA;101;SAN PEDRO DEL PARANA;1998;CANGUE CUA
8;ITAPUA;101;SAN PEDRO DEL PARANA;1999;CARACHA
8;ITAPUA;101;SAN PEDRO DEL PARANA;2000;CARAGUATAY
8;ITAPUA;101;SAN PEDRO DEL PARANA;2001;CARAGUATA I
8;ITAPUA;101;SAN PEDRO DEL PARANA;2002;CATAGUATA II
8;ITAPUA;101;SAN PEDRO DEL PARANA;2003;CARIÑO
8;ITAPUA;101;SAN PEDRO DEL PARANA;2004;CAÑADA LOMA JHOVY
8;ITAPUA;101;SAN PEDRO DEL PARANA;2005;CAÑADA OCULTO
8;ITAPUA;101;SAN PEDRO DEL PARANA;2006;CAÑADA TEBICUARY (COSTA)
8;ITAPUA;101;SAN PEDRO DEL PARANA;2007;CAÑADITA
8;ITAPUA;101;SAN PEDRO DEL PARANA;2008;COL.CAPITAN LEGUIZAMON
8;ITAPUA;101;SAN PEDRO DEL PARANA;2009;CRONA Y
8;ITAPUA;101;SAN PEDRO DEL PARANA;2010;CHUCHI'I
8;ITAPUA;101;SAN PEDRO DEL PARANA;2011;CURUPICA'Y
8;ITAPUA;101;SAN PEDRO DEL PARANA;2012;CURUZU ESTEBAN
8;ITAPUA;101;SAN PEDRO DEL PARANA;2013;CURE BARRERO
8;ITAPUA;101;SAN PEDRO DEL PARANA;2014;DESGRACIA CUE
8;ITAPUA;101;SAN PEDRO DEL PARANA;2015;ESTANCIA CARISSIMO
8;ITAPUA;101;SAN PEDRO DEL PARANA;2016;ESTANCIA GUBETICH
8;ITAPUA;101;SAN PEDRO DEL PARANA;2017;ESTANCIA MENDEZ
8;ITAPUA;101;SAN PEDRO DEL PARANA;2018;ESTANCIA NISQUE
8;ITAPUA;101;SAN PEDRO DEL PARANA;2019;ESTANCIA SANTA ROSA
8;ITAPUA;101;SAN PEDRO DEL PARANA;2020;ESTANCIA TACUAPI
8;ITAPUA;101;SAN PEDRO DEL PARANA;2021;ESTANCIA YSYPOYU (YSYPOJHU)
8;ITAPUA;101;SAN PEDRO DEL PARANA;2022;FLEITAS CUE
8;ITAPUA;101;SAN PEDRO DEL PARANA;2023;GAONA CUE
8;ITAPUA;101;SAN PEDRO DEL PARANA;2024;GUAZU CORA
8;ITAPUA;101;SAN PEDRO DEL PARANA;2025;GUAZU YGUA
8;ITAPUA;101;SAN PEDRO DEL PARANA;2026;IBARRA CUE
8;ITAPUA;101;SAN PEDRO DEL PARANA;2027;ITA ANGU'A
8;ITAPUA;101;SAN PEDRO DEL PARANA;2028;KY'YI
8;ITAPUA;101;SAN PEDRO DEL PARANA;2029;LOM JHOVY
8;ITAPUA;101;SAN PEDRO DEL PARANA;2030;MANDYYU TYNGUE
8;ITAPUA;101;SAN PEDRO DEL PARANA;2031;MBOCA PIRAY (ESTANCIA)
8;ITAPUA;101;SAN PEDRO DEL PARANA;2032;MBOCAYA
8;ITAPUA;101;SAN PEDRO DEL PARANA;2033;MBURUCUYA
8;ITAPUA;101;SAN PEDRO DEL PARANA;2034;MOROTINGUE
8;ITAPUA;101;SAN PEDRO DEL PARANA;2035;NOVIRETA
8;ITAPUA;101;SAN PEDRO DEL PARANA;2036;PASTOREO
8;ITAPUA;101;SAN PEDRO DEL PARANA;2037;PIKY
8;ITAPUA;101;SAN PEDRO DEL PARANA;2038;PINDOYU
8;ITAPUA;101;SAN PEDRO DEL PARANA;2039;PIRITY
8;ITAPUA;101;SAN PEDRO DEL PARANA;2040;POTRERITO
8;ITAPUA;101;SAN PEDRO DEL PARANA;2041;POTRERO BENITEZ
8;ITAPUA;101;SAN PEDRO DEL PARANA;2042;POTRERO GOMEZ
8;ITAPUA;101;SAN PEDRO DEL PARANA;2043;POTRERO SAN JOSE
8;ITAPUA;101;SAN PEDRO DEL PARANA;2044;POTRERO YAPEPO
8;ITAPUA;101;SAN PEDRO DEL PARANA;2045;POTRERO YBATE
8;ITAPUA;101;SAN PEDRO DEL PARANA;2046;POTRERO ÑEMBOTY
8;ITAPUA;101;SAN PEDRO DEL PARANA;2047;PUNTA PORA
8;ITAPUA;101;SAN PEDRO DEL PARANA;2048;PUNTA RATI
8;ITAPUA;101;SAN PEDRO DEL PARANA;2049;RINCON DE LUNA
8;ITAPUA;101;SAN PEDRO DEL PARANA;2050;SALITRE CUE
8;ITAPUA;101;SAN PEDRO DEL PARANA;2051;SAN AGUSTIN
8;ITAPUA;101;SAN PEDRO DEL PARANA;2052;SAN ANTONIO (ESTANCIA)
8;ITAPUA;101;SAN PEDRO DEL PARANA;2053;SAN ANTONIO GUAZU
8;ITAPUA;101;SAN PEDRO DEL PARANA;2054;SAN ANTONIO MI
8;ITAPUA;101;SAN PEDRO DEL PARANA;2055;SAN CLEMENTE
8;ITAPUA;101;SAN PEDRO DEL PARANA;2056;SAN ISIDRO (YHU ESTANCIA)
8;ITAPUA;101;SAN PEDRO DEL PARANA;2057;SAN JUAN GUAZU
8;ITAPUA;101;SAN PEDRO DEL PARANA;2058;SAN JUAN GUAZU
8;ITAPUA;101;SAN PEDRO DEL PARANA;6297;SAN PEDRO DEL PARANA
8;ITAPUA;102;NUEVA ALBORADA;1399;CAP. VICENTE MATIAUDA
8;ITAPUA;102;NUEVA ALBORADA;1400;CALLE D
8;ITAPUA;102;NUEVA ALBORADA;1401;CALLE E
8;ITAPUA;102;NUEVA ALBORADA;1402;CALLE 14
8;ITAPUA;102;NUEVA ALBORADA;1403;CALLE 15
8;ITAPUA;102;NUEVA ALBORADA;1404;CALLE 16
8;ITAPUA;102;NUEVA ALBORADA;1405;CALLE 17
8;ITAPUA;102;NUEVA ALBORADA;1406;CAP.MATIAUDA (MUNICIPIO)
8;ITAPUA;102;NUEVA ALBORADA;1407;COL.ALBORADA A
8;ITAPUA;102;NUEVA ALBORADA;1408;COL.ALBORADA B
8;ITAPUA;102;NUEVA ALBORADA;1409;COL. ALBORADA C
8;ITAPUA;102;NUEVA ALBORADA;1410;COL. ALBORADA B
8;ITAPUA;102;NUEVA ALBORADA;1411;COL. ALBORADA E
8;ITAPUA;102;NUEVA ALBORADA;1412;COL. TRINIDAD
8;ITAPUA;102;NUEVA ALBORADA;1413;ITA CAJON
8;ITAPUA;102;NUEVA ALBORADA;1414;PUERTO CANTERAS
8;ITAPUA;102;NUEVA ALBORADA;1415;PUERTO PARAISO
8;ITAPUA;102;NUEVA ALBORADA;1416;PUERTO SAMU-U
8;ITAPUA;102;NUEVA ALBORADA;1417;PUERTO TEYU CUARE
8;ITAPUA;102;NUEVA ALBORADA;1418;PUERTO 3 PALMITOS
8;ITAPUA;102;NUEVA ALBORADA;1419;VILLA ALBORADA
8;ITAPUA;103;TRINIDAD;1420;TRINIDAD
8;ITAPUA;103;TRINIDAD;1421;CERRO ITA MBARACA
8;ITAPUA;103;TRINIDAD;1422;COL.FEDERICO CHAVEZ
8;ITAPUA;103;TRINIDAD;1423;COL.PTO.TRINIDAD
8;ITAPUA;103;TRINIDAD;1424;COL.SAN ANTONIO
8;ITAPUA;103;TRINIDAD;1425;CORRAL
8;ITAPUA;103;TRINIDAD;1426;ITA MBARACA
8;ITAPUA;104;NATALIO;1427;NATALIO
8;ITAPUA;104;NATALIO;1428;ADMINISTRACION
8;ITAPUA;104;NATALIO;1429;BARRIO NUEVO HORIZONTE
8;ITAPUA;104;NATALIO;1430;BARRIO STO.DOMINGO
8;ITAPUA;104;NATALIO;1431;COL.REPATRIACION SUR
8;ITAPUA;104;NATALIO;1432;NATALICIO
8;ITAPUA;104;NATALIO;1433;PALOMA
8;ITAPUA;104;NATALIO;1434;PUERTO MAINUMBY
8;ITAPUA;104;NATALIO;1435;PUERTO PALOMA
8;ITAPUA;104;NATALIO;1436;PUERTO TRIUNFO
8;ITAPUA;104;NATALIO;1437;PUERTO YATAITY
8;ITAPUA;104;NATALIO;1438;RAFAEL MONZON
8;ITAPUA;104;NATALIO;1439;YACARE CUE
8;ITAPUA;105;JOSE LEANDRO OVIEDO;1440;JOSE LEANDRO OVIEDO
8;ITAPUA;105;JOSE LEANDRO OVIEDO;1441;ESTANCIA BARBOZA
8;ITAPUA;105;JOSE LEANDRO OVIEDO;1442;GANADERIA SALITRE CUE
8;ITAPUA;105;JOSE LEANDRO OVIEDO;1443;MUNICIPIO
8;ITAPUA;105;JOSE LEANDRO OVIEDO;1444;PUESTO AGUADA
8;ITAPUA;105;JOSE LEANDRO OVIEDO;1445;PUESTO YATAI
8;ITAPUA;106;SAN RAFAEL DEL PARANA;1446;VICENTE MATIAUDA
8;ITAPUA;106;SAN RAFAEL DEL PARANA;1447;ALBORADA 1
8;ITAPUA;106;SAN RAFAEL DEL PARANA;1448;CERRO PORTEÑO
8;ITAPUA;106;SAN RAFAEL DEL PARANA;1449;CIA.SAMUHU
8;ITAPUA;106;SAN RAFAEL DEL PARANA;1450;COL.VICENTE MATIAUDA
8;ITAPUA;106;SAN RAFAEL DEL PARANA;1451;PTO.CANTERA
8;ITAPUA;106;SAN RAFAEL DEL PARANA;1452;PTO.PARAISO
8;ITAPUA;106;SAN RAFAEL DEL PARANA;1453;PTO.SAMUHU
8;ITAPUA;106;SAN RAFAEL DEL PARANA;1454;PTO.TRES PALMITOS
8;ITAPUA;106;SAN RAFAEL DEL PARANA;1455;VILLA ALBORADA
8;ITAPUA;106;SAN RAFAEL DEL PARANA;6253;PTO.YBYCUI ÑARO
8;ITAPUA;107;CARLOS A. LOPEZ;1456;CARLOS A. LOPEZ
8;ITAPUA;107;CARLOS A. LOPEZ;1457;22 DE MAYO
8;ITAPUA;107;CARLOS A. LOPEZ;1458;CALLE 7 DE AGOSTO
8;ITAPUA;107;CARLOS A. LOPEZ;1459;COL.ALBORADA
8;ITAPUA;107;CARLOS A. LOPEZ;1460;COL.PORVENIR
8;ITAPUA;107;CARLOS A. LOPEZ;1461;COL.SAN LORENZO
8;ITAPUA;107;CARLOS A. LOPEZ;1462;COL.TEMBEY
8;ITAPUA;107;CARLOS A. LOPEZ;1463;KILOMETRO 4,8,17,14 Y 21
8;ITAPUA;107;CARLOS A. LOPEZ;1464;NARANJITO
8;ITAPUA;107;CARLOS A. LOPEZ;1465;PLANCHADA MARGARITA
8;ITAPUA;107;CARLOS A. LOPEZ;1466;PLANCHADA SAN JOSE
8;ITAPUA;107;CARLOS A. LOPEZ;1467;PUERTO  DE AGOSTO
8;ITAPUA;107;CARLOS A. LOPEZ;1468;PUERTO CARLOS A.LOPEZ
8;ITAPUA;107;CARLOS A. LOPEZ;1469;PUERTO PORVENIR
8;ITAPUA;107;CARLOS A. LOPEZ;1470;PUERTO SAN RAFAEL
8;ITAPUA;107;CARLOS A. LOPEZ;6254;COL. APE AIME
8;ITAPUA;107;CARLOS A. LOPEZ;6255;NACIENTE DEL TEMBEY
8;ITAPUA;107;CARLOS A. LOPEZ;6256;PUERTO SAN LORENZO
8;ITAPUA;108;JULIO D. OTAÑO;1471;JULIO D. OTAÑO
8;ITAPUA;108;JULIO D. OTAÑO;1471;JULIO D. OTAÑO
8;ITAPUA;108;JULIO D. OTAÑO;1471;JULIO D. OTAÑO
8;ITAPUA;108;JULIO D. OTAÑO;1471;JULIO D. OTAÑO
8;ITAPUA;108;JULIO D. OTAÑO;1472;1A.LINEA
8;ITAPUA;108;JULIO D. OTAÑO;1473;2ALINEA
8;ITAPUA;108;JULIO D. OTAÑO;1474;3ALINEA
8;ITAPUA;108;JULIO D. OTAÑO;1475;5ALINEA
8;ITAPUA;108;JULIO D. OTAÑO;1476;COL.REPATRIACION
8;ITAPUA;108;JULIO D. OTAÑO;1477;RANCHO CABRERA
8;ITAPUA;108;JULIO D. OTAÑO;6257;4ALINEA
8;ITAPUA;109;EDELIRA;1478;COL.REPATRIACION DEL SUR
8;ITAPUA;109;EDELIRA;1479;CRUCE GUAVIRA
8;ITAPUA;109;EDELIRA;1480;KILOMETRO 32 EDELIRA
8;ITAPUA;109;EDELIRA;1481;KILOMETRO 32 YAGUARAZAPA
8;ITAPUA;109;EDELIRA;1482;MONZON
8;ITAPUA;109;EDELIRA;6258;ANTIDIA MATIAUDA
8;ITAPUA;109;EDELIRA;6259;POTRERO PIRAPO
8;ITAPUA;109;EDELIRA;6400;EDELIRA 60
8;ITAPUA;110;SAN JUAN DEL PARANA;1483;SAN JUAN DEL PARANA
8;ITAPUA;111;LA PAZ;1484;LA PAZ
8;ITAPUA;111;LA PAZ;1485;CALLE 3
8;ITAPUA;111;LA PAZ;1486;CALLE 4
8;ITAPUA;111;LA PAZ;1487;CALLE 5
8;ITAPUA;111;LA PAZ;1488;CALLE 7
8;ITAPUA;111;LA PAZ;1489;CALLE A
8;ITAPUA;111;LA PAZ;1490;CALLE D
8;ITAPUA;111;LA PAZ;1491;CALLE P
8;ITAPUA;111;LA PAZ;1492;CALLE Q
8;ITAPUA;111;LA PAZ;1493;CALLE R
8;ITAPUA;111;LA PAZ;1494;CALLE T
8;ITAPUA;111;LA PAZ;1495;CIA.SANTA ROSA
8;ITAPUA;111;LA PAZ;1496;CIA.AGRIC.LTDA. LA PAZ
8;ITAPUA;111;LA PAZ;1497;CIA.SAN CARLOS
8;ITAPUA;111;LA PAZ;1498;CALLE 2
8;ITAPUA;111;LA PAZ;6260;CALLE 6
8;ITAPUA;111;LA PAZ;6261;CALLE N
8;ITAPUA;111;LA PAZ;6262;CIA. CAAGUAZU
8;ITAPUA;111;LA PAZ;6263;NACIENTE DEL TEMBEY
8;ITAPUA;112;TOMAS R. PEREIRA;1499;MARIA AUXILIADORA
8;ITAPUA;112;TOMAS R. PEREIRA;1500;KILOMETRO 51 TRIUNFO
8;ITAPUA;112;TOMAS R. PEREIRA;1501;PUENTE SAN BRULLO CUE
8;ITAPUA;113;YATYTAY;1502;YATAITY
8;ITAPUA;113;YATYTAY;1503;YATYTAY
8;ITAPUA;114;HERIBERTA S.DE IGLESIAS;1504;HERIBERTA S.DE IGLESIAS
8;ITAPUA;114;HERIBERTA S.DE IGLESIAS;1505;CERRO BARRERO
8;ITAPUA;114;HERIBERTA S.DE IGLESIAS;1506;CERRO BERTA
8;ITAPUA;114;HERIBERTA S.DE IGLESIAS;1507;CERRO MBATOVY
8;ITAPUA;114;HERIBERTA S.DE IGLESIAS;1508;CERRO PABLA
8;ITAPUA;114;HERIBERTA S.DE IGLESIAS;1509;CERRO SAN RAFAEL
8;ITAPUA;114;HERIBERTA S.DE IGLESIAS;1510;CERRO TACUARY
8;ITAPUA;114;HERIBERTA S.DE IGLESIAS;1511;CERRO VIOLETA
8;ITAPUA;114;HERIBERTA S.DE IGLESIAS;1512;CERRO YAGUA CUA
8;ITAPUA;114;HERIBERTA S.DE IGLESIAS;1513;CERRO YAGUA GUAZU
8;ITAPUA;114;HERIBERTA S.DE IGLESIAS;1514;COCHI
8;ITAPUA;114;HERIBERTA S.DE IGLESIAS;1515;COL.ALTO VERA
8;ITAPUA;114;HERIBERTA S.DE IGLESIAS;1516;CRUCE GUAVIRA
8;ITAPUA;114;HERIBERTA S.DE IGLESIAS;1517;POTRERO PASTOREO
8;ITAPUA;114;HERIBERTA S.DE IGLESIAS;1518;POTRERO PIRAPO
8;ITAPUA;114;HERIBERTA S.DE IGLESIAS;1519;POTRERO SAN PABLO
8;ITAPUA;114;HERIBERTA S.DE IGLESIAS;1520;POTRERO SAN PEDRO MI
8;ITAPUA;114;HERIBERTA S.DE IGLESIAS;1521;POTRERO TAGUATO
8;ITAPUA;114;HERIBERTA S.DE IGLESIAS;1522;POTRERO YUQUERI
8;ITAPUA;114;HERIBERTA S.DE IGLESIAS;1523;TAYI POTRERO
8;ITAPUA;221;PIRAPO;5698;PIRAPO
8;ITAPUA;221;PIRAPO;5698;PIRAPO
8;ITAPUA;221;PIRAPO;5698;PIRAPO
8;ITAPUA;221;PIRAPO;5698;PIRAPO
8;ITAPUA;221;PIRAPO;5698;PIRAPO
8;ITAPUA;221;PIRAPO;5711;COL. CARANDAY
8;ITAPUA;221;PIRAPO;5895;CIA. VACA I
8;ITAPUA;232;ITAPUA POTY;4606;ITAPUA POTY
8;ITAPUA;243;FEDERICO CHAVEZ;4609;FEDERICO CHAVEZ
8;ITAPUA;262;ALTO VERA;;
9;MISIONES;115;SAN JUAN BAUTISTA;1524;SAN JUAN BAUTISTA
9;MISIONES;115;SAN JUAN BAUTISTA;1525;CERRO PERO
9;MISIONES;115;SAN JUAN BAUTISTA;1526;COCHI-Y
9;MISIONES;115;SAN JUAN BAUTISTA;1527;COL.SAN JUAN
9;MISIONES;115;SAN JUAN BAUTISTA;1528;GARAY
9;MISIONES;115;SAN JUAN BAUTISTA;1529;ISLA TOBATI
9;MISIONES;115;SAN JUAN BAUTISTA;1530;SAN CRISTOBAL
9;MISIONES;115;SAN JUAN BAUTISTA;1531;SAN JUAN BAUTISTA (MUNICIPIO)
9;MISIONES;115;SAN JUAN BAUTISTA;1531;SAN JUAN BAUTISTA (MUNICIPIO)
9;MISIONES;115;SAN JUAN BAUTISTA;1531;SAN JUAN BAUTISTA (MUNICIPIO)
9;MISIONES;115;SAN JUAN BAUTISTA;1531;SAN JUAN BAUTISTA (MUNICIPIO)
9;MISIONES;115;SAN JUAN BAUTISTA;1531;SAN JUAN BAUTISTA (MUNICIPIO)
9;MISIONES;115;SAN JUAN BAUTISTA;1531;SAN JUAN BAUTISTA (MUNICIPIO)
9;MISIONES;115;SAN JUAN BAUTISTA;1531;SAN JUAN BAUTISTA (MUNICIPIO)
9;MISIONES;115;SAN JUAN BAUTISTA;1531;SAN JUAN BAUTISTA (MUNICIPIO)
9;MISIONES;115;SAN JUAN BAUTISTA;1531;SAN JUAN BAUTISTA (MUNICIPIO)
9;MISIONES;115;SAN JUAN BAUTISTA;1531;SAN JUAN BAUTISTA (MUNICIPIO)
9;MISIONES;115;SAN JUAN BAUTISTA;1531;SAN JUAN BAUTISTA (MUNICIPIO)
9;MISIONES;115;SAN JUAN BAUTISTA;1531;SAN JUAN BAUTISTA (MUNICIPIO)
9;MISIONES;115;SAN JUAN BAUTISTA;1531;SAN JUAN BAUTISTA (MUNICIPIO)
9;MISIONES;115;SAN JUAN BAUTISTA;1532;SAN ROQUE
9;MISIONES;115;SAN JUAN BAUTISTA;1533;TRISTEN SALAZAR
9;MISIONES;116;AYOLAS;1534;AYOLAS
9;MISIONES;116;AYOLAS;1535;3 COQUEROS
9;MISIONES;116;AYOLAS;1536;ATINGUY
9;MISIONES;116;AYOLAS;1537;AVILA CUE
9;MISIONES;116;AYOLAS;1538;AYOLAS (MUNICIPIO)
9;MISIONES;116;AYOLAS;1538;AYOLAS (MUNICIPIO)
9;MISIONES;116;AYOLAS;1538;AYOLAS (MUNICIPIO)
9;MISIONES;116;AYOLAS;1538;AYOLAS (MUNICIPIO)
9;MISIONES;116;AYOLAS;1538;AYOLAS (MUNICIPIO)
9;MISIONES;116;AYOLAS;1538;AYOLAS (MUNICIPIO)
9;MISIONES;116;AYOLAS;1538;AYOLAS (MUNICIPIO)
9;MISIONES;116;AYOLAS;1538;AYOLAS (MUNICIPIO)
9;MISIONES;116;AYOLAS;1538;AYOLAS (MUNICIPIO)
9;MISIONES;116;AYOLAS;1539;BASE AEREA YACYRETA
9;MISIONES;116;AYOLAS;1540;BOQUERON
9;MISIONES;116;AYOLAS;1541;CHACO-I
9;MISIONES;116;AYOLAS;1542;COCHI-Y
9;MISIONES;116;AYOLAS;1543;COL.ALEJO GARCIA 1A.
9;MISIONES;116;AYOLAS;1544;COL.CO'EYU
9;MISIONES;116;AYOLAS;1545;COSTA YABEBYRY
9;MISIONES;116;AYOLAS;1546;COL.ALEJO GARCIA 2A.
9;MISIONES;116;AYOLAS;1547;ISLA CURE'I
9;MISIONES;116;AYOLAS;1548;ISLA PAJARO
9;MISIONES;116;AYOLAS;1549;ISLA TRES HERMANAS
9;MISIONES;116;AYOLAS;1550;LIMA
9;MISIONES;116;AYOLAS;1551;MBOCAYA
9;MISIONES;116;AYOLAS;1552;MBURAJHEY
9;MISIONES;116;AYOLAS;1553;MEDIO DIA
9;MISIONES;116;AYOLAS;1554;POTRERO
9;MISIONES;116;AYOLAS;1555;PUERTO CORATEI
9;MISIONES;116;AYOLAS;1556;PUERTO GUARDIA CUE
9;MISIONES;116;AYOLAS;1557;PUERTO TURI
9;MISIONES;116;AYOLAS;1558;SALTO YASYRETA
9;MISIONES;116;AYOLAS;1559;SAN IGNACIO CUE(I.IGNACIO CUE)
9;MISIONES;116;AYOLAS;1560;SAN RAFAEL
9;MISIONES;116;AYOLAS;1561;YAGUARY
9;MISIONES;116;AYOLAS;1562;YASYRETA PUNTA
9;MISIONES;116;AYOLAS;1563;YATAITY
9;MISIONES;117;SAN IGNACIO;1564;SAN IGNACIO
9;MISIONES;117;SAN IGNACIO;1565;ARROYO VERDE
9;MISIONES;117;SAN IGNACIO;1566;COL.CA'A YOJHA
9;MISIONES;117;SAN IGNACIO;1567;COL.MANZANA D
9;MISIONES;117;SAN IGNACIO;1568;COSTA BRASIL
9;MISIONES;117;SAN IGNACIO;1569;COSTA PUCU
9;MISIONES;117;SAN IGNACIO;1570;ESTANCIA AGRO SAN JUAN
9;MISIONES;117;SAN IGNACIO;1571;ESTANCIA PARAGUAY
9;MISIONES;117;SAN IGNACIO;1572;ISLA GUAZU
9;MISIONES;117;SAN IGNACIO;1573;PLATERO
9;MISIONES;117;SAN IGNACIO;1574;SAN BENTO
9;MISIONES;117;SAN IGNACIO;1575;SAN IGNACIO (MUNICIPIO)
9;MISIONES;117;SAN IGNACIO;1575;SAN IGNACIO (MUNICIPIO)
9;MISIONES;117;SAN IGNACIO;1575;SAN IGNACIO (MUNICIPIO)
9;MISIONES;117;SAN IGNACIO;1575;SAN IGNACIO (MUNICIPIO)
9;MISIONES;117;SAN IGNACIO;1575;SAN IGNACIO (MUNICIPIO)
9;MISIONES;117;SAN IGNACIO;1575;SAN IGNACIO (MUNICIPIO)
9;MISIONES;117;SAN IGNACIO;1575;SAN IGNACIO (MUNICIPIO)
9;MISIONES;117;SAN IGNACIO;1575;SAN IGNACIO (MUNICIPIO)
9;MISIONES;117;SAN IGNACIO;1575;SAN IGNACIO (MUNICIPIO)
9;MISIONES;117;SAN IGNACIO;1575;SAN IGNACIO (MUNICIPIO)
9;MISIONES;117;SAN IGNACIO;1576;SAN JAVIER
9;MISIONES;117;SAN IGNACIO;1577;SAN JUAN
9;MISIONES;117;SAN IGNACIO;1578;SAN PABLO
9;MISIONES;117;SAN IGNACIO;1579;SANGRE DE DRAGON
9;MISIONES;117;SAN IGNACIO;1580;SANTA RITA
9;MISIONES;117;SAN IGNACIO;1581;TAJHYI-TY
9;MISIONES;117;SAN IGNACIO;1582;TAYY
9;MISIONES;117;SAN IGNACIO;1583;TAÑERENDY
9;MISIONES;118;SAN MIGUEL;1584;SAN MIGUEL
9;MISIONES;118;SAN MIGUEL;1585;ARAZAPE
9;MISIONES;118;SAN MIGUEL;1586;COL.YSYPO POTRERO
9;MISIONES;118;SAN MIGUEL;1587;COSTA JHU
9;MISIONES;118;SAN MIGUEL;1588;ESTANCIA CAPII BEBE
9;MISIONES;118;SAN MIGUEL;1589;ESTANCIA LOMA POTY
9;MISIONES;118;SAN MIGUEL;1590;ESTANCIA MEZA
9;MISIONES;118;SAN MIGUEL;1591;ESTANCIA ROSARIO
9;MISIONES;118;SAN MIGUEL;1592;ESTANCIA SAN JUAN
9;MISIONES;118;SAN MIGUEL;1593;ESTANCIA SAN ROQUE
9;MISIONES;118;SAN MIGUEL;1594;ESTANCIA SANTA NINA
9;MISIONES;118;SAN MIGUEL;1595;ESTANCIA SANTA TERESA
9;MISIONES;118;SAN MIGUEL;1596;ESTANCIA SANTO TOMAS
9;MISIONES;118;SAN MIGUEL;1597;ESTANCIA TEBICUARY
9;MISIONES;118;SAN MIGUEL;1598;ESTANCIA YGAU
9;MISIONES;118;SAN MIGUEL;1599;ESTANCIA Z.BARRIOS
9;MISIONES;118;SAN MIGUEL;1600;ISLA TACUARA
9;MISIONES;118;SAN MIGUEL;1601;ITA YURU
9;MISIONES;118;SAN MIGUEL;1602;JHUGUA
9;MISIONES;118;SAN MIGUEL;1603;PUESTO CAACUPE MI
9;MISIONES;118;SAN MIGUEL;1604;PUESTO CANGUERY
9;MISIONES;118;SAN MIGUEL;1605;PUESTO ESTANCIA BELLA ITALIA
9;MISIONES;118;SAN MIGUEL;1606;PUESTO RANCHO DEL MEDIO
9;MISIONES;118;SAN MIGUEL;1607;SAN MAURICIO
9;MISIONES;118;SAN MIGUEL;1608;SAN MIGUEL (MUNICIPIO)
9;MISIONES;118;SAN MIGUEL;1608;SAN MIGUEL (MUNICIPIO)
9;MISIONES;118;SAN MIGUEL;1608;SAN MIGUEL (MUNICIPIO)
9;MISIONES;118;SAN MIGUEL;1608;SAN MIGUEL (MUNICIPIO)
9;MISIONES;118;SAN MIGUEL;1609;SAN PEDRO
9;MISIONES;118;SAN MIGUEL;1610;SAN ROQUE
9;MISIONES;118;SAN MIGUEL;1611;YSYPO
9;MISIONES;119;SAN PATRICIO;1612;SAN PATRICIO
9;MISIONES;119;SAN PATRICIO;1613;ARROCERA ISLA GUAZU
9;MISIONES;119;SAN PATRICIO;1614;ESTANCIA ISLA TIMBO
9;MISIONES;119;SAN PATRICIO;1615;SANTO ANGEL
9;MISIONES;119;SAN PATRICIO;1616;ÑACUTI
9;MISIONES;119;SAN PATRICIO;6264;SAN PATRICIO (MUNICIPIO)
9;MISIONES;120;SANTIAGO;1617;SANTIAGO
9;MISIONES;120;SANTIAGO;1618;CAAGUAZU
9;MISIONES;120;SANTIAGO;1619;CAAGUY PO I
9;MISIONES;120;SANTIAGO;1620;CAAGUY GUAZU
9;MISIONES;120;SANTIAGO;1621;POTRERO YBATE
9;MISIONES;120;SANTIAGO;1622;SAN ANTONIO
9;MISIONES;120;SANTIAGO;1623;SAN FELIPE
9;MISIONES;120;SANTIAGO;1624;SAN RAMON
9;MISIONES;120;SANTIAGO;1625;SANTIAGO (MUNICIPIO)
9;MISIONES;120;SANTIAGO;1626;TAMBORY
9;MISIONES;120;SANTIAGO;6265;CONCEPCION
9;MISIONES;120;SANTIAGO;6266;SANTA TERESITA
9;MISIONES;121;SANTA MARIA;801;SAN FERNANDO
9;MISIONES;121;SANTA MARIA;802;SAN GERONIMO
9;MISIONES;121;SANTA MARIA;803;SANTA MARIA (MUNICIPIO)
9;MISIONES;121;SANTA MARIA;804;TRINIDAD CUE
9;MISIONES;121;SANTA MARIA;805;YACAREY MI
9;MISIONES;121;SANTA MARIA;806;ZANJA CORA
9;MISIONES;121;SANTA MARIA;1627;SANTA MARIA
9;MISIONES;121;SANTA MARIA;1628;ARROYO CARE
9;MISIONES;121;SANTA MARIA;1629;CERRO COSTA
9;MISIONES;121;SANTA MARIA;1630;ESTANCIA ARNOL CUE
9;MISIONES;121;SANTA MARIA;1631;ESTANCIA CA'A CORA
9;MISIONES;121;SANTA MARIA;1632;ESTANCIA CAPURRO
9;MISIONES;121;SANTA MARIA;1633;ESTANCIA MARIA HORTENCIA
9;MISIONES;121;SANTA MARIA;1634;ESTANCIA RAMIREZ CUE
9;MISIONES;121;SANTA MARIA;1635;ESTANCIA SAN BORJA
9;MISIONES;121;SANTA MARIA;1636;ESTANCIA TORORO 1A.
9;MISIONES;121;SANTA MARIA;1637;ESTANCIA TORORO 2A.
9;MISIONES;121;SANTA MARIA;1638;ESTANCIA LA ARMONIA
9;MISIONES;121;SANTA MARIA;1639;ITACURUBI
9;MISIONES;121;SANTA MARIA;1640;PARACAU
9;MISIONES;121;SANTA MARIA;1641;PUERTO ROAS CUE
9;MISIONES;121;SANTA MARIA;1642;SAN ANTONIO
9;MISIONES;121;SANTA MARIA;6210;SAN JUAN BERGMAN
9;MISIONES;121;SANTA MARIA;6267;CURUPAYTY
9;MISIONES;121;SANTA MARIA;6268;ESTANCIA FERLONI
9;MISIONES;121;SANTA MARIA;6269;ESTANCIA V.ALEGRE
9;MISIONES;122;SANTA ROSA;807;SANTA ROSA
9;MISIONES;122;SANTA ROSA;808;BARRIO SAN JOSE
9;MISIONES;122;SANTA ROSA;809;CERRO COSTA
9;MISIONES;122;SANTA ROSA;810;COL.E ACEVEDO
9;MISIONES;122;SANTA ROSA;811;COL.POTRERO GUAZU
9;MISIONES;122;SANTA ROSA;812;ESTANCIA CAA TYGUE
9;MISIONES;122;SANTA ROSA;813;ESTANCIA ISLA ALTA
9;MISIONES;122;SANTA ROSA;814;ESTANCIA ISLA CHAJHA
9;MISIONES;122;SANTA ROSA;815;ESTANCIA JHUGUA GUAZU
9;MISIONES;122;SANTA ROSA;816;ESTANCIA JHUGUA POI
9;MISIONES;122;SANTA ROSA;817;ESTANCIA LA NEGRA
9;MISIONES;122;SANTA ROSA;818;ESTANCIA SAN GABRIEL
9;MISIONES;122;SANTA ROSA;819;ESTANCIA SAN JOSE
9;MISIONES;122;SANTA ROSA;820;ESTANCIA SAN TADEO
9;MISIONES;122;SANTA ROSA;821;ESTANCIA SANTA
9;MISIONES;122;SANTA ROSA;822;ESTANCIA SEGOVIA
9;MISIONES;122;SANTA ROSA;823;ITA JHUGUA
9;MISIONES;122;SANTA ROSA;824;POTRERO ALTO
9;MISIONES;122;SANTA ROSA;825;POTRERO MBYYUI
9;MISIONES;122;SANTA ROSA;826;POTRERO SAN ANTONIO
9;MISIONES;122;SANTA ROSA;827;PUESTO TOLEDO CUE
9;MISIONES;122;SANTA ROSA;828;SAN FRANCISCO CUE
9;MISIONES;122;SANTA ROSA;829;SAN GABRIEL
9;MISIONES;122;SANTA ROSA;830;SAN JOSE
9;MISIONES;122;SANTA ROSA;831;SAN RAFAEL
9;MISIONES;122;SANTA ROSA;2633;SAN SOLANO
9;MISIONES;122;SANTA ROSA;2634;SANTA CRUZ
9;MISIONES;122;SANTA ROSA;2635;SANTA ELENA
9;MISIONES;122;SANTA ROSA;2636;SANTA ROSA (MUNICIPIO)
9;MISIONES;122;SANTA ROSA;3873;YACAREY
9;MISIONES;122;SANTA ROSA;3874;YPUCU
9;MISIONES;122;SANTA ROSA;3875;ZAPATERO CUE
9;MISIONES;122;SANTA ROSA;6211;BARRIO CRISTO REY
9;MISIONES;122;SANTA ROSA;6212;ESTANCIA CONCEPCION
9;MISIONES;122;SANTA ROSA;6213;ESTANCIA MARTA ESTHER
9;MISIONES;122;SANTA ROSA;6214;ESTANCIA VANNI
9;MISIONES;122;SANTA ROSA;6215;SAN FRANCISCO
9;MISIONES;123;VILLA FLORIDA;3876;VILLA FLORIDA
9;MISIONES;123;VILLA FLORIDA;3877;ESTANCIA CENTU CUE
9;MISIONES;123;VILLA FLORIDA;3878;ESTANCIA SAN AGUSTIN
9;MISIONES;123;VILLA FLORIDA;3879;MATOS CUE
9;MISIONES;123;VILLA FLORIDA;3880;PUERTO PARAISO
9;MISIONES;123;VILLA FLORIDA;3881;VILLA FLORIDA (MUNICIPIO)
9;MISIONES;123;VILLA FLORIDA;3881;VILLA FLORIDA (MUNICIPIO)
9;MISIONES;123;VILLA FLORIDA;3881;VILLA FLORIDA (MUNICIPIO)
9;MISIONES;123;VILLA FLORIDA;3881;VILLA FLORIDA (MUNICIPIO)
9;MISIONES;123;VILLA FLORIDA;3881;VILLA FLORIDA (MUNICIPIO)
9;MISIONES;124;YABEBYRY;3882;YABEBYRY
9;MISIONES;124;YABEBYRY;3883;BOULES (ISLA MBURUCUYA
9;MISIONES;124;YABEBYRY;3884;GALEANO CUE
9;MISIONES;124;YABEBYRY;3885;GUARDIA CUE
9;MISIONES;124;YABEBYRY;3886;POTRERO FORTUNA
9;MISIONES;124;YABEBYRY;3887;RORY POTRERO
9;MISIONES;124;YABEBYRY;3888;YABEBYRY (MUNICIPIO)
10;PARAGUARI;125;PARAGUARI;3889;PARAGUARI
10;PARAGUARI;125;PARAGUARI;3890;BARRIO ESTACION
10;PARAGUARI;125;PARAGUARI;3891;BARRIO OESTE
10;PARAGUARI;125;PARAGUARI;3892;CALLE
10;PARAGUARI;125;PARAGUARI;3893;CERRO LEON
10;PARAGUARI;125;PARAGUARI;3894;CHOLOLO
10;PARAGUARI;125;PARAGUARI;3895;CHOLOLO Y
10;PARAGUARI;125;PARAGUARI;3896;COSTA 1A.Y 2A.
10;PARAGUARI;125;PARAGUARI;3897;ESTANCIA ALFONSO XIII
10;PARAGUARI;125;PARAGUARI;3898;ESTANCIA ARCA DE NOE
10;PARAGUARI;125;PARAGUARI;3899;ESTANCIA CNEL.MARTINEZ
10;PARAGUARI;125;PARAGUARI;3900;ESTANCIA DELIA CLARA
10;PARAGUARI;125;PARAGUARI;3901;ESTANCIA HERRERA
10;PARAGUARI;125;PARAGUARI;3902;ESTANCIA LA NORMA
10;PARAGUARI;125;PARAGUARI;3903;ESTANCIA MARIA AUXIADORA
10;PARAGUARI;125;PARAGUARI;3904;ESTANCIA PARAISO
10;PARAGUARI;125;PARAGUARI;3905;ESTANCIA PRIMAVERA
10;PARAGUARI;125;PARAGUARI;3906;ESTANCIA NARANJA JHAI
10;PARAGUARI;125;PARAGUARI;3907;ESTANCIA SAN ANDRES
10;PARAGUARI;125;PARAGUARI;3908;GUARNICION MILITAR
10;PARAGUARI;125;PARAGUARI;3909;MBATOVI
10;PARAGUARI;125;PARAGUARI;3910;PARAGUARI (MUNICIPIO)
10;PARAGUARI;125;PARAGUARI;3910;PARAGUARI (MUNICIPIO)
10;PARAGUARI;125;PARAGUARI;3910;PARAGUARI (MUNICIPIO)
10;PARAGUARI;125;PARAGUARI;3911;PUERTO REAL
10;PARAGUARI;125;PARAGUARI;3912;PUESTO SALINAS
10;PARAGUARI;125;PARAGUARI;3913;SOTE
10;PARAGUARI;125;PARAGUARI;5772;ESTANCIA LAS ROSAS
10;PARAGUARI;125;PARAGUARI;5773;JORGE LOPEZ MOREIRA
10;PARAGUARI;126;ACAHAY;3914;ARROYO VERDE
10;PARAGUARI;126;ACAHAY;3915;BARRIO 15 DE AGOSTO 1A.
10;PARAGUARI;126;ACAHAY;3916;BARRIO 15 DE AGOSTO 2A.
10;PARAGUARI;126;ACAHAY;3917;BARRIO M.CARD
10;PARAGUARI;126;ACAHAY;3918;BARRIO SAN BLAS
10;PARAGUARI;126;ACAHAY;3919;CARAGUATAY
10;PARAGUARI;126;ACAHAY;3920;CARAGUATAY MI
10;PARAGUARI;126;ACAHAY;3921;CERRO GUY
10;PARAGUARI;126;ACAHAY;3922;COSTA BAEZ CAAGUY
10;PARAGUARI;126;ACAHAY;3923;COSTA BAEZ YUKYTY
10;PARAGUARI;126;ACAHAY;3924;COSTA PEÑA
10;PARAGUARI;126;ACAHAY;3925;ESTACION BUENA VISTA
10;PARAGUARI;126;ACAHAY;3926;ISLERIA
10;PARAGUARI;126;ACAHAY;3927;LAGUNA PYTA
10;PARAGUARI;126;ACAHAY;3928;PINTO
10;PARAGUARI;126;ACAHAY;3929;POTRERO ARCE
10;PARAGUARI;126;ACAHAY;3930;RINCON
10;PARAGUARI;126;ACAHAY;3931;SANJITA
10;PARAGUARI;126;ACAHAY;3932;TAPYTANGUA
10;PARAGUARI;126;ACAHAY;3933;VALOIS RIVAROLA
10;PARAGUARI;126;ACAHAY;3934;YAGUARIZO
10;PARAGUARI;126;ACAHAY;3935;ÑUHAI
10;PARAGUARI;126;ACAHAY;5774;ACAHAY
10;PARAGUARI;126;ACAHAY;5774;ACAHAY
10;PARAGUARI;126;ACAHAY;5774;ACAHAY
10;PARAGUARI;126;ACAHAY;5774;ACAHAY
10;PARAGUARI;126;ACAHAY;5774;ACAHAY
10;PARAGUARI;126;ACAHAY;5774;ACAHAY
10;PARAGUARI;126;ACAHAY;5775;BARRIO N. BOGARIN
10;PARAGUARI;126;ACAHAY;5776;CERROI CUE
10;PARAGUARI;126;ACAHAY;5777;ISLA BAEZ
10;PARAGUARI;126;ACAHAY;5778;RECOLETA
10;PARAGUARI;126;ACAHAY;5779;YBYRAI TY
10;PARAGUARI;127;CAAPUCU;3936;CAAPUCU
10;PARAGUARI;127;CAAPUCU;3937;CAAPUCU (MUNICIPIO)
10;PARAGUARI;127;CAAPUCU;3937;CAAPUCU (MUNICIPIO)
10;PARAGUARI;127;CAAPUCU;3937;CAAPUCU (MUNICIPIO)
10;PARAGUARI;127;CAAPUCU;3937;CAAPUCU (MUNICIPIO)
10;PARAGUARI;127;CAAPUCU;3937;CAAPUCU (MUNICIPIO)
10;PARAGUARI;127;CAAPUCU;3937;CAAPUCU (MUNICIPIO)
10;PARAGUARI;127;CAAPUCU;3938;CAPILLA TUYA
10;PARAGUARI;127;CAAPUCU;3939;CERRITO (M. POTRERO)
10;PARAGUARI;127;CAAPUCU;3940;CERRO GUY (M.POTRERO)
10;PARAGUARI;127;CAAPUCU;3941;CHARARA
10;PARAGUARI;127;CAAPUCU;3942;COL.CNEL MONGELOS
10;PARAGUARI;127;CAAPUCU;3943;ESTANCIA BARRERITO
10;PARAGUARI;127;CAAPUCU;3944;ESTANCIA BRUYN
10;PARAGUARI;127;CAAPUCU;3945;ESTANCIA CONGO I
10;PARAGUARI;127;CAAPUCU;3946;ESTANCIA DA SILVA
10;PARAGUARI;127;CAAPUCU;3947;ESTANCIA MARTINEZ Y OTRO
10;PARAGUARI;127;CAAPUCU;3948;ESTANCIA RAMIREZ
10;PARAGUARI;127;CAAPUCU;5082;ESTANCIA SANTA TERESA
10;PARAGUARI;127;CAAPUCU;5083;ISLERIA
10;PARAGUARI;127;CAAPUCU;5084;ITAPE
10;PARAGUARI;127;CAAPUCU;5085;MANUELA CUE
10;PARAGUARI;127;CAAPUCU;5086;MBOI CUATIA
10;PARAGUARI;127;CAAPUCU;5087;PUEBLO JIMENEZ
10;PARAGUARI;127;CAAPUCU;5088;PUESTO SANTA GERTRUDIS
10;PARAGUARI;127;CAAPUCU;5089;PUESTO ARROYITO (LISBIGE)
10;PARAGUARI;127;CAAPUCU;5090;PUESTO CONGO GUAZU
10;PARAGUARI;127;CAAPUCU;5091;PUESTO LATA
10;PARAGUARI;127;CAAPUCU;5092;RETIRO ISLA ITA (M.P.)
10;PARAGUARI;127;CAAPUCU;5093;TAPE GUAZU
10;PARAGUARI;127;CAAPUCU;5094;YAGUARETE CUA
10;PARAGUARI;127;CAAPUCU;5095;YERE
10;PARAGUARI;127;CAAPUCU;5096;YPUCU
10;PARAGUARI;127;CAAPUCU;5780;CAMALOTE (M.POTRERO)
10;PARAGUARI;127;CAAPUCU;5781;COSTA POI (M.POTRERO)
10;PARAGUARI;127;CAAPUCU;5782;ESTANCIA ROMERO
10;PARAGUARI;128;CABALLERO;5097;CABALLERO
10;PARAGUARI;128;CABALLERO;5098;CABALLERO (MUNICIPIO)
10;PARAGUARI;128;CABALLERO;5098;CABALLERO (MUNICIPIO)
10;PARAGUARI;128;CABALLERO;5098;CABALLERO (MUNICIPIO)
10;PARAGUARI;128;CABALLERO;5098;CABALLERO (MUNICIPIO)
10;PARAGUARI;128;CABALLERO;5098;CABALLERO (MUNICIPIO)
10;PARAGUARI;128;CABALLERO;5098;CABALLERO (MUNICIPIO)
10;PARAGUARI;128;CABALLERO;5099;CATALAN
10;PARAGUARI;128;CABALLERO;5100;CERRO ÑU
10;PARAGUARI;128;CABALLERO;5101;CHAURIA
10;PARAGUARI;128;CABALLERO;5102;COSTA JHU
10;PARAGUARI;128;CABALLERO;5103;COSTA PUCU
10;PARAGUARI;128;CABALLERO;5104;FRANCO I
10;PARAGUARI;128;CABALLERO;5105;FRANCO ÑU
10;PARAGUARI;128;CABALLERO;5106;GUAVIRA
10;PARAGUARI;128;CABALLERO;5107;HORQUETA
10;PARAGUARI;128;CABALLERO;5108;IRIARTE
10;PARAGUARI;128;CABALLERO;5109;IRIARTE 2A.
10;PARAGUARI;128;CABALLERO;5110;ISLA SEGURA
10;PARAGUARI;128;CABALLERO;5111;ISLA SEGURA 2A.
10;PARAGUARI;128;CABALLERO;5112;LINDERO
10;PARAGUARI;128;CABALLERO;5113;LOMA PYTA
10;PARAGUARI;128;CABALLERO;5114;PIRAYUBY
10;PARAGUARI;128;CABALLERO;5115;POTRERO NARANJA TY
10;PARAGUARI;128;CABALLERO;5116;POTRERO PUCU
10;PARAGUARI;128;CABALLERO;5117;POTRERO YBATE
10;PARAGUARI;128;CABALLERO;5118;PUERTO FRUTOS
10;PARAGUARI;128;CABALLERO;5119;RETIRO LA HERRADURA
10;PARAGUARI;128;CABALLERO;5120;SAN ANTONIO
10;PARAGUARI;128;CABALLERO;5121;SAN CRISTOBAL
10;PARAGUARI;128;CABALLERO;5122;TTE. MARTINEZ
10;PARAGUARI;128;CABALLERO;5123;ZORRILLA CUE
10;PARAGUARI;129;CARAPEGUA;5124;CARAPEGUA
10;PARAGUARI;129;CARAPEGUA;5125;AGUAI Y
10;PARAGUARI;129;CARAPEGUA;5126;BARRIO MCAL.LOPEZ
10;PARAGUARI;129;CARAPEGUA;5127;BARRIO STO.DOMINGO
10;PARAGUARI;129;CARAPEGUA;5128;BENI LOMA
10;PARAGUARI;129;CARAPEGUA;5129;CAAZAPA
10;PARAGUARI;129;CARAPEGUA;5130;CALIXTRO
10;PARAGUARI;129;CARAPEGUA;5131;CARAPEGUA (MUNICIPIO)
10;PARAGUARI;129;CARAPEGUA;5131;CARAPEGUA (MUNICIPIO)
10;PARAGUARI;129;CARAPEGUA;5131;CARAPEGUA (MUNICIPIO)
10;PARAGUARI;129;CARAPEGUA;5131;CARAPEGUA (MUNICIPIO)
10;PARAGUARI;129;CARAPEGUA;5131;CARAPEGUA (MUNICIPIO)
10;PARAGUARI;129;CARAPEGUA;5131;CARAPEGUA (MUNICIPIO)
10;PARAGUARI;129;CARAPEGUA;5131;CARAPEGUA (MUNICIPIO)
10;PARAGUARI;129;CARAPEGUA;5131;CARAPEGUA (MUNICIPIO)
10;PARAGUARI;129;CARAPEGUA;5131;CARAPEGUA (MUNICIPIO)
10;PARAGUARI;129;CARAPEGUA;5132;CASA YBATE
10;PARAGUARI;129;CARAPEGUA;5133;CAÑETE CUE
10;PARAGUARI;129;CARAPEGUA;5134;CERRITO
10;PARAGUARI;129;CARAPEGUA;5135;ESPARTILLAR
10;PARAGUARI;129;CARAPEGUA;5136;FRANCO ISLA
10;PARAGUARI;129;CARAPEGUA;5137;ISLA YBATE
10;PARAGUARI;129;CARAPEGUA;5138;NDABARU
10;PARAGUARI;129;CARAPEGUA;5139;PACHECO
10;PARAGUARI;129;CARAPEGUA;5140;POTRERO
10;PARAGUARI;129;CARAPEGUA;5141;TAYY LOMA
10;PARAGUARI;130;LA COLMENA;5142;LA COLMENA
10;PARAGUARI;130;LA COLMENA;5143;BARRERO AZUL
10;PARAGUARI;130;LA COLMENA;5144;CERRITO
10;PARAGUARI;130;LA COLMENA;5145;FATIMA
10;PARAGUARI;130;LA COLMENA;5146;KAATYMI
10;PARAGUARI;130;LA COLMENA;5147;LA COLMENA (MUNICIPIO)
10;PARAGUARI;130;LA COLMENA;5147;LA COLMENA (MUNICIPIO)
10;PARAGUARI;130;LA COLMENA;5147;LA COLMENA (MUNICIPIO)
10;PARAGUARI;130;LA COLMENA;5147;LA COLMENA (MUNICIPIO)
10;PARAGUARI;130;LA COLMENA;5147;LA COLMENA (MUNICIPIO)
10;PARAGUARI;130;LA COLMENA;5148;MBOCAYATY
10;PARAGUARI;130;LA COLMENA;5149;PINDOTY
10;PARAGUARI;130;LA COLMENA;5150;POTRERO ALTO
10;PARAGUARI;130;LA COLMENA;5151;RORY
10;PARAGUARI;130;LA COLMENA;5152;SOL NACIENTE
10;PARAGUARI;130;LA COLMENA;5153;YAHAPETY
10;PARAGUARI;130;LA COLMENA;5154;YBYRA PEPE
10;PARAGUARI;130;LA COLMENA;5155;YBAROTY
10;PARAGUARI;131;ESCOBAR;5156;ESCOBAR
10;PARAGUARI;131;ESCOBAR;5157;ARROYO PORA
10;PARAGUARI;131;ESCOBAR;5158;CERRO CUPE
10;PARAGUARI;131;ESCOBAR;5159;CHIRCAL
10;PARAGUARI;131;ESCOBAR;5160;ESCOBAR (MUNICIPIO)
10;PARAGUARI;131;ESCOBAR;5161;ESTANCIA ABELENDA
10;PARAGUARI;131;ESCOBAR;5162;ESTANCIA ALONSO
10;PARAGUARI;131;ESCOBAR;5163;ESTANCIA CERRITO
10;PARAGUARI;131;ESCOBAR;5164;ESTANCIA MEDINA
10;PARAGUARI;131;ESCOBAR;5165;ESTANCIA TOÑANEZ
10;PARAGUARI;131;ESCOBAR;5166;GRAL.AQUINO
10;PARAGUARI;131;ESCOBAR;5167;GUAZU CUA
10;PARAGUARI;131;ESCOBAR;5168;MBOCAYATY
10;PARAGUARI;131;ESCOBAR;5169;MBOPI CUA
10;PARAGUARI;131;ESCOBAR;5170;POTRERO
10;PARAGUARI;131;ESCOBAR;5171;RETIRO FRANCIA CUE
10;PARAGUARI;131;ESCOBAR;5172;YBYRATY
10;PARAGUARI;131;ESCOBAR;5173;YPAU
10;PARAGUARI;132;MBUYAPEY;5174;MBUYAPEY
10;PARAGUARI;132;MBUYAPEY;5175;ARROYO COSTA
10;PARAGUARI;132;MBUYAPEY;5176;BOQUERON
10;PARAGUARI;132;MBUYAPEY;5177;CERRITO
10;PARAGUARI;132;MBUYAPEY;5178;COSTA CAPILLA CUE
10;PARAGUARI;132;MBUYAPEY;5179;COSTA PUCU
10;PARAGUARI;132;MBUYAPEY;5180;CAAGUY GUAZU
10;PARAGUARI;132;MBUYAPEY;5181;ELIGIO AYALA
10;PARAGUARI;132;MBUYAPEY;5182;ESTACION LOMITA
10;PARAGUARI;132;MBUYAPEY;5183;ESTANCIA ZAPUTOVICH
10;PARAGUARI;132;MBUYAPEY;5184;GUAVIRA
10;PARAGUARI;132;MBUYAPEY;5185;ISLA ALTA
10;PARAGUARI;132;MBUYAPEY;5186;KIMITA
10;PARAGUARI;132;MBUYAPEY;5187;LA BARU
10;PARAGUARI;132;MBUYAPEY;5188;LA ROSA
10;PARAGUARI;132;MBUYAPEY;5189;LOMA GUAZU
10;PARAGUARI;132;MBUYAPEY;5190;LOMA I
10;PARAGUARI;132;MBUYAPEY;5191;MBUYAPEY (MUNICIPIO)
10;PARAGUARI;132;MBUYAPEY;5191;MBUYAPEY (MUNICIPIO)
10;PARAGUARI;132;MBUYAPEY;5191;MBUYAPEY (MUNICIPIO)
10;PARAGUARI;132;MBUYAPEY;5191;MBUYAPEY (MUNICIPIO)
10;PARAGUARI;132;MBUYAPEY;5191;MBUYAPEY (MUNICIPIO)
10;PARAGUARI;132;MBUYAPEY;5191;MBUYAPEY (MUNICIPIO)
10;PARAGUARI;132;MBUYAPEY;5191;MBUYAPEY (MUNICIPIO)
10;PARAGUARI;132;MBUYAPEY;5191;MBUYAPEY (MUNICIPIO)
10;PARAGUARI;132;MBUYAPEY;5191;MBUYAPEY (MUNICIPIO)
10;PARAGUARI;132;MBUYAPEY;5191;MBUYAPEY (MUNICIPIO)
10;PARAGUARI;132;MBUYAPEY;5191;MBUYAPEY (MUNICIPIO)
10;PARAGUARI;132;MBUYAPEY;5192;PUERTO FELIPE
10;PARAGUARI;132;MBUYAPEY;5193;ROA RUGUA
10;PARAGUARI;132;MBUYAPEY;5194;SOLIS CUE
10;PARAGUARI;132;MBUYAPEY;5195;TUNA
10;PARAGUARI;132;MBUYAPEY;5196;ÑANDU RUA
10;PARAGUARI;132;MBUYAPEY;5197;ÑU AHI
10;PARAGUARI;132;MBUYAPEY;5198;ÑU APUA
10;PARAGUARI;132;MBUYAPEY;5855;ÑU APUA MI
10;PARAGUARI;133;PIRAYU;5199;PIRAYU
10;PARAGUARI;133;PIRAYU;5200;ARROYO SERVIN
10;PARAGUARI;133;PIRAYU;5201;ASCURRA
10;PARAGUARI;133;PIRAYU;5202;CAAGUY POTI
10;PARAGUARI;133;PIRAYU;5203;CERRO LEON
10;PARAGUARI;133;PIRAYU;5204;CERRO VERA
10;PARAGUARI;133;PIRAYU;5205;COSTA JHU
10;PARAGUARI;133;PIRAYU;5206;ESTACION CERRO LEON
10;PARAGUARI;133;PIRAYU;5207;PASO MALO
10;PARAGUARI;133;PIRAYU;5208;PIRAYU (MUNICIPIO)
10;PARAGUARI;133;PIRAYU;5208;PIRAYU (MUNICIPIO)
10;PARAGUARI;133;PIRAYU;5208;PIRAYU (MUNICIPIO)
10;PARAGUARI;133;PIRAYU;5208;PIRAYU (MUNICIPIO)
10;PARAGUARI;133;PIRAYU;5209;POTRERO AVENDANA
10;PARAGUARI;133;PIRAYU;5210;PUESTO PALMEROLA
10;PARAGUARI;133;PIRAYU;5211;SANJA JHU
10;PARAGUARI;133;PIRAYU;5212;TUYU CUE
10;PARAGUARI;133;PIRAYU;5213;TUYU CUA COCUE
10;PARAGUARI;133;PIRAYU;5214;YAGUARON YURU
10;PARAGUARI;133;PIRAYU;5215;YCUA CAHU
10;PARAGUARI;133;PIRAYU;5856;CERRO CUPE
10;PARAGUARI;133;PIRAYU;5857;LAS MERCEDES
10;PARAGUARI;133;PIRAYU;5858;TABAI
10;PARAGUARI;133;PIRAYU;5859;YAGUARON YURU RUGUA
10;PARAGUARI;134;QUIINDY;5216;QUIINDY
10;PARAGUARI;134;QUIINDY;5217;ACHOTE I
10;PARAGUARI;134;QUIINDY;5218;BUENA VISTA
10;PARAGUARI;134;QUIINDY;5219;CALLEJON
10;PARAGUARI;134;QUIINDY;5220;CMTE.PERALTA
10;PARAGUARI;134;QUIINDY;5221;COCUERE
10;PARAGUARI;134;QUIINDY;5222;COSTA GAONA
10;PARAGUARI;134;QUIINDY;5223;COSTA IRALA
10;PARAGUARI;134;QUIINDY;5224;CURUCAU
10;PARAGUARI;134;QUIINDY;5225;ESTANCIA R.I.ACHOTEI
10;PARAGUARI;134;QUIINDY;5226;ESTANCIA EGUSQUIZA
10;PARAGUARI;134;QUIINDY;5227;ESTANCIA LUJAN
10;PARAGUARI;134;QUIINDY;5228;ESTANCIA MARIA JULIANA
10;PARAGUARI;134;QUIINDY;5229;ESTANCIA PROSPERIDAD
10;PARAGUARI;134;QUIINDY;5230;ESTANCIA SAN ANTONIO
10;PARAGUARI;134;QUIINDY;5231;ESTANCIA SAN GERONIMO
10;PARAGUARI;134;QUIINDY;5232;ESTANCIA SANJA JHU
10;PARAGUARI;134;QUIINDY;5233;ESTANCIA SILVA
10;PARAGUARI;134;QUIINDY;5234;ESTANCIA VARGAS
10;PARAGUARI;134;QUIINDY;5235;ESTANCIA VARGAS (OJEDA CUE)
10;PARAGUARI;134;QUIINDY;5236;FISCAL (ACHOTEI)
10;PARAGUARI;134;QUIINDY;5237;ISLA CUPE (ACHOTEI)
10;PARAGUARI;134;QUIINDY;5238;ITA CAJON
10;PARAGUARI;134;QUIINDY;5239;LOMA PYTA
10;PARAGUARI;134;QUIINDY;5240;QUIINDY MUNICIPIO
10;PARAGUARI;134;QUIINDY;5240;QUIINDY MUNICIPIO
10;PARAGUARI;134;QUIINDY;5240;QUIINDY MUNICIPIO
10;PARAGUARI;134;QUIINDY;5240;QUIINDY MUNICIPIO
10;PARAGUARI;134;QUIINDY;5240;QUIINDY MUNICIPIO
10;PARAGUARI;134;QUIINDY;5241;SAN LORENZO
10;PARAGUARI;134;QUIINDY;5242;VALLE APUA
10;PARAGUARI;134;QUIINDY;5243;TOBATY CUA
10;PARAGUARI;134;QUIINDY;5860;CAÑADA
10;PARAGUARI;134;QUIINDY;5861;COSTA JHU
10;PARAGUARI;134;QUIINDY;5862;ESTANCIA LAS MERCEDES
10;PARAGUARI;134;QUIINDY;5863;ESTANCIA SANTA ISABEL
10;PARAGUARI;134;QUIINDY;5864;LAUREL TY
10;PARAGUARI;134;QUIINDY;5865;TACUARY
10;PARAGUARI;135;ROQUE GONZALEZ;5244;ROQUE GONZALEZ
10;PARAGUARI;135;ROQUE GONZALEZ;5245;ARAZA TY
10;PARAGUARI;135;ROQUE GONZALEZ;5246;CERRITO
10;PARAGUARI;135;ROQUE GONZALEZ;5247;ESTANCIA CARANDAYTY
10;PARAGUARI;135;ROQUE GONZALEZ;5248;ESTANCIA CARAYA
10;PARAGUARI;135;ROQUE GONZALEZ;5249;ESTANCIA CARAYA RUGUA
10;PARAGUARI;135;ROQUE GONZALEZ;5250;ESTANCIA ISLA LEON
10;PARAGUARI;135;ROQUE GONZALEZ;5251;ESTANCIA MARTINEZ
10;PARAGUARI;135;ROQUE GONZALEZ;5252;ESTANCIA VARGAS
10;PARAGUARI;135;ROQUE GONZALEZ;5253;MATACHI
10;PARAGUARI;135;ROQUE GONZALEZ;5254;MBOCAYATY
10;PARAGUARI;135;ROQUE GONZALEZ;5255;MOQUETA
10;PARAGUARI;135;ROQUE GONZALEZ;5256;PORTILLO
10;PARAGUARI;135;ROQUE GONZALEZ;5257;POTRERO
10;PARAGUARI;135;ROQUE GONZALEZ;5258;PUESTO BERUJA
10;PARAGUARI;135;ROQUE GONZALEZ;5259;RINCON
10;PARAGUARI;135;ROQUE GONZALEZ;5260;ROQUE GONZALEZ (MUNICIPIO)
10;PARAGUARI;135;ROQUE GONZALEZ;5260;ROQUE GONZALEZ (MUNICIPIO)
10;PARAGUARI;135;ROQUE GONZALEZ;5260;ROQUE GONZALEZ (MUNICIPIO)
10;PARAGUARI;135;ROQUE GONZALEZ;5260;ROQUE GONZALEZ (MUNICIPIO)
10;PARAGUARI;135;ROQUE GONZALEZ;5261;SIMBRON
10;PARAGUARI;135;ROQUE GONZALEZ;5866;CAÑADA
10;PARAGUARI;136;SAPUCAI;5262;SAPUCAI
10;PARAGUARI;136;SAPUCAI;5263;ARROYO PORA
10;PARAGUARI;136;SAPUCAI;5264;BOLAS CUE
10;PARAGUARI;136;SAPUCAI;5265;CERRO ROQUE
10;PARAGUARI;136;SAPUCAI;5266;CERRO VERDE
10;PARAGUARI;136;SAPUCAI;5267;CHIRCAL
10;PARAGUARI;136;SAPUCAI;5268;COL.A. IRALA
10;PARAGUARI;136;SAPUCAI;5269;COL.SANTA ISABEL
10;PARAGUARI;136;SAPUCAI;5270;COSTA IRALA
10;PARAGUARI;136;SAPUCAI;5271;LOMA
10;PARAGUARI;136;SAPUCAI;5272;MBOCAYA
10;PARAGUARI;136;SAPUCAI;5273;MBOPI CUA
10;PARAGUARI;136;SAPUCAI;5274;POTRERO GUAYAIBI
10;PARAGUARI;136;SAPUCAI;5275;POTRERO VILLALBA
10;PARAGUARI;136;SAPUCAI;5276;SAPUCAI (MUNICIPIO)
10;PARAGUARI;136;SAPUCAI;5276;SAPUCAI (MUNICIPIO)
10;PARAGUARI;136;SAPUCAI;5276;SAPUCAI (MUNICIPIO)
10;PARAGUARI;136;SAPUCAI;5277;YARIGUA-A
10;PARAGUARI;136;SAPUCAI;5278;YBYRATY
10;PARAGUARI;137;YBYCUI;5279;YBYCUI
10;PARAGUARI;137;YBYCUI;5279;YBYCUI
10;PARAGUARI;137;YBYCUI;5279;YBYCUI
10;PARAGUARI;137;YBYCUI;5279;YBYCUI
10;PARAGUARI;137;YBYCUI;5279;YBYCUI
10;PARAGUARI;137;YBYCUI;5280;ARAZA TY
10;PARAGUARI;137;YBYCUI;5281;BARRIO SAN JOSE
10;PARAGUARI;137;YBYCUI;5282;BARRIO SAN LEON
10;PARAGUARI;137;YBYCUI;5283;BARRIO SAN MIGUEL
10;PARAGUARI;137;YBYCUI;5284;CAAGUY CUPE
10;PARAGUARI;137;YBYCUI;5285;CABALLERO PUNTA
10;PARAGUARI;137;YBYCUI;5286;CAPILLA LOMA
10;PARAGUARI;137;YBYCUI;5287;CAPILLITA
10;PARAGUARI;137;YBYCUI;5288;CARAGUATA RUA
10;PARAGUARI;137;YBYCUI;5289;CARAI MI
10;PARAGUARI;137;YBYCUI;5290;CARBON CUE
10;PARAGUARI;137;YBYCUI;5291;CERRO ACHON
10;PARAGUARI;137;YBYCUI;5292;CERRO CARAPE
10;PARAGUARI;137;YBYCUI;5293;CARRO CORA
10;PARAGUARI;137;YBYCUI;5294;CERRO SAUCE
10;PARAGUARI;137;YBYCUI;5295;COL. GOIBURU
10;PARAGUARI;137;YBYCUI;5296;CORDILLERA
10;PARAGUARI;137;YBYCUI;5297;COSTA
10;PARAGUARI;137;YBYCUI;5298;ENTRE RIOS
10;PARAGUARI;137;YBYCUI;5299;ESTANCIA BENITEZ
10;PARAGUARI;137;YBYCUI;5300;ISLA P.
10;PARAGUARI;137;YBYCUI;5301;MBOCARUZU
10;PARAGUARI;137;YBYCUI;5302;MBOCAYA PUCU
10;PARAGUARI;137;YBYCUI;5303;MBOPI CUA
10;PARAGUARI;137;YBYCUI;5304;MINAS CUE
10;PARAGUARI;137;YBYCUI;5305;NARANJA JHEENDY
10;PARAGUARI;137;YBYCUI;5306;PALACIOS CUE
10;PARAGUARI;137;YBYCUI;5307;PASO PARED
10;PARAGUARI;137;YBYCUI;5308;PASO PINDO
10;PARAGUARI;137;YBYCUI;5309;PEREIRA PEREIRA CUE
10;PARAGUARI;137;YBYCUI;5310;POTRERO ALTO
10;PARAGUARI;137;YBYCUI;5311;PUESTO LA VIRGEN DE LA PAZ
10;PARAGUARI;137;YBYCUI;5312;RINCON GUAZU
10;PARAGUARI;137;YBYCUI;5313;RINCON I
10;PARAGUARI;137;YBYCUI;5314;SANTA ANGELA
10;PARAGUARI;137;YBYCUI;5315;SANTA TERESITA
10;PARAGUARI;137;YBYCUI;5316;TACUAPITY
10;PARAGUARI;137;YBYCUI;5317;TACUARY
10;PARAGUARI;137;YBYCUI;5318;VARGAS LOMA
10;PARAGUARI;137;YBYCUI;5319;YATAITY
10;PARAGUARI;137;YBYCUI;5320;YBYCUI PUNTA
10;PARAGUARI;138;QUYQUYHO;5321;QUYQUYHO
10;PARAGUARI;138;QUYQUYHO;5322;CERRO FRENTE
10;PARAGUARI;138;QUYQUYHO;5323;CERRO GUY
10;PARAGUARI;138;QUYQUYHO;5324;COL.FULGENCIO YEGROS (COSTA)
10;PARAGUARI;138;QUYQUYHO;5325;COL.FULGENCIO YEGROS (LOMA)
10;PARAGUARI;138;QUYQUYHO;5326;COSTA OLAZAR
10;PARAGUARI;138;QUYQUYHO;5327;CURUZU LACU
10;PARAGUARI;138;QUYQUYHO;5328;ESPINILLAR
10;PARAGUARI;138;QUYQUYHO;5329;ESTANCIA BARRIOS
10;PARAGUARI;138;QUYQUYHO;5330;ESTANCIA ISLA PORA YAGUARY
10;PARAGUARI;138;QUYQUYHO;5331;ESTANCIA N.CANO DEBERNARDI
10;PARAGUARI;138;QUYQUYHO;5332;ESTANCIA NARANJITO
10;PARAGUARI;138;QUYQUYHO;5333;ESTANCIA YTORORO
10;PARAGUARI;138;QUYQUYHO;5334;GUAZU CORA
10;PARAGUARI;138;QUYQUYHO;5335;ISLA VALLE
10;PARAGUARI;138;QUYQUYHO;5336;LOMA GUAZU
10;PARAGUARI;138;QUYQUYHO;5337;MBOI CAE
10;PARAGUARI;138;QUYQUYHO;5338;PUERTO LIZZA
10;PARAGUARI;138;QUYQUYHO;5339;QUYQUYHO (MUNICIPIO)
10;PARAGUARI;138;QUYQUYHO;5339;QUYQUYHO (MUNICIPIO)
10;PARAGUARI;138;QUYQUYHO;5339;QUYQUYHO (MUNICIPIO)
10;PARAGUARI;138;QUYQUYHO;5340;SAN JOSE (IBAÑEZ)
10;PARAGUARI;138;QUYQUYHO;5341;SAN LUIS
10;PARAGUARI;138;QUYQUYHO;5342;YAGUARY
10;PARAGUARI;139;YBYTYMI;5343;YBYTYMI
10;PARAGUARI;139;YBYTYMI;5344;AÑAZCO
10;PARAGUARI;139;YBYTYMI;5345;BARRIO ESTACION
10;PARAGUARI;139;YBYTYMI;5346;BARRIO POTRERITO
10;PARAGUARI;139;YBYTYMI;5347;CAÑADA
10;PARAGUARI;139;YBYTYMI;5348;CERRO GUY
10;PARAGUARI;139;YBYTYMI;5349;CERRO SAN ANTONIO
10;PARAGUARI;139;YBYTYMI;5350;CHINI
10;PARAGUARI;139;YBYTYMI;5351;COL. NESTOR L. VERA
10;PARAGUARI;139;YBYTYMI;5352;ESTANCIA BASEDAU
10;PARAGUARI;139;YBYTYMI;5353;ISLA
10;PARAGUARI;139;YBYTYMI;5354;JHUGUA GUAZU
10;PARAGUARI;139;YBYTYMI;5355;LOTE NUEVO
10;PARAGUARI;139;YBYTYMI;5356;M.VARGAS CUE
10;PARAGUARI;139;YBYTYMI;5357;MARTINEZ CUE
10;PARAGUARI;139;YBYTYMI;5358;PINDOTY
10;PARAGUARI;139;YBYTYMI;5359;POTRERITO
10;PARAGUARI;139;YBYTYMI;5360;POTRERO GARAY
10;PARAGUARI;139;YBYTYMI;5361;PUERTO MEZA
10;PARAGUARI;139;YBYTYMI;5362;PUERTO OVIEDO
10;PARAGUARI;139;YBYTYMI;5363;RINCON
10;PARAGUARI;139;YBYTYMI;5364;RIVAROLAS CUE
10;PARAGUARI;139;YBYTYMI;5365;SOLA ESCOBAR
10;PARAGUARI;139;YBYTYMI;5366;YBYTYMI (MUNICIPIO)
10;PARAGUARI;139;YBYTYMI;5366;YBYTYMI (MUNICIPIO)
10;PARAGUARI;139;YBYTYMI;5366;YBYTYMI (MUNICIPIO)
10;PARAGUARI;139;YBYTYMI;5366;YBYTYMI (MUNICIPIO)
10;PARAGUARI;139;YBYTYMI;5867;TUCUMAN PARAGUAYO
10;PARAGUARI;140;TEBICUARY MI;5367;TEBICUARY MI
10;PARAGUARI;140;TEBICUARY MI;5368;CAPINARI
10;PARAGUARI;140;TEBICUARY MI;5369;CHACRA SUR
10;PARAGUARI;140;TEBICUARY MI;5370;LOMA PINDO
10;PARAGUARI;141;YAGUARON;5371;CAAGUY POTI
10;PARAGUARI;141;YAGUARON;5372;CALLE POI
10;PARAGUARI;141;YAGUARON;5373;CARAUGUA
10;PARAGUARI;141;YAGUARON;5374;CERRO GUY
10;PARAGUARI;141;YAGUARON;5375;ESTANCIA TALAVERA
10;PARAGUARI;141;YAGUARON;5376;GUARAPI
10;PARAGUARI;141;YAGUARON;5377;GUAYAIBI TY
10;PARAGUARI;141;YAGUARON;5378;ITA POTRERO
10;PARAGUARI;141;YAGUARON;5379;PEGUAJHO
10;PARAGUARI;141;YAGUARON;5380;PIRAYU CALLE
10;PARAGUARI;141;YAGUARON;5381;PORORO
10;PARAGUARI;141;YAGUARON;5382;POTRERO YBATE
10;PARAGUARI;141;YAGUARON;5383;PUESTO PRIMERA VISTA
10;PARAGUARI;141;YAGUARON;5384;PUESTO I
10;PARAGUARI;141;YAGUARON;5385;SAMBRONNI
10;PARAGUARI;141;YAGUARON;5386;TACUMBU
10;PARAGUARI;141;YAGUARON;5387;YAGUARON (MUNICIPIO)
10;PARAGUARI;141;YAGUARON;5387;YAGUARON (MUNICIPIO)
10;PARAGUARI;141;YAGUARON;5387;YAGUARON (MUNICIPIO)
10;PARAGUARI;141;YAGUARON;5387;YAGUARON (MUNICIPIO)
10;PARAGUARI;141;YAGUARON;5387;YAGUARON (MUNICIPIO)
10;PARAGUARI;141;YAGUARON;5388;ZAGUAZU
10;PARAGUARI;141;YAGUARON;5389;ZAYAS
10;PARAGUARI;141;YAGUARON;5390;ÑUATI JHUA POI
10;PARAGUARI;141;YAGUARON;5391;ÑUATI
10;PARAGUARI;141;YAGUARON;5392;ÑUATI CALLE
10;PARAGUARI;141;YAGUARON;5868;YAGUARON
10;PARAGUARI;141;YAGUARON;5869;CURUPAYTY
10;PARAGUARI;141;YAGUARON;5870;MBARITY
10;PARAGUARI;141;YAGUARON;5871;POTRERO
10;PARAGUARI;141;YAGUARON;5872;TACUARINDY
10;PARAGUARI;141;YAGUARON;5873;ÑANDUA
10;PARAGUARI;141;YAGUARON;5874;ÑUATI GUAZU
11;ALTO PARANA;142;HERNANDARIAS;3298;PUERTO STAMATO
11;ALTO PARANA;142;HERNANDARIAS;3299;PUERTO TACURUPUCU
11;ALTO PARANA;142;HERNANDARIAS;3300;PUERTO TRES TIMBO
11;ALTO PARANA;142;HERNANDARIAS;3301;RANCHO POTRERO
11;ALTO PARANA;142;HERNANDARIAS;3302;ROMERO CUE
11;ALTO PARANA;142;HERNANDARIAS;3303;SALVADORA
11;ALTO PARANA;142;HERNANDARIAS;3304;SAN ISIDRO
11;ALTO PARANA;142;HERNANDARIAS;3305;SAN JUAN RUGUA
11;ALTO PARANA;142;HERNANDARIAS;3306;SEGUNDA REPRESA TATI-YUPI
11;ALTO PARANA;142;HERNANDARIAS;3307;SOCORRO
11;ALTO PARANA;142;HERNANDARIAS;3308;TAPE PUCU GRAL.DIAZ
11;ALTO PARANA;142;HERNANDARIAS;3309;TATI YUPI
11;ALTO PARANA;142;HERNANDARIAS;3310;TATI YUPI (RESIDENCIAL)
11;ALTO PARANA;142;HERNANDARIAS;3311;VILLA SAN FRANCISCO
11;ALTO PARANA;142;HERNANDARIAS;3312;VIRGEN DE FATIMA
11;ALTO PARANA;142;HERNANDARIAS;3313;VIUDA CUE
11;ALTO PARANA;142;HERNANDARIAS;3314;YBYTU ROCAI
11;ALTO PARANA;142;HERNANDARIAS;4605;NUEVA ESPERANZA
11;ALTO PARANA;142;HERNANDARIAS;5393;HERNANDARIAS
11;ALTO PARANA;142;HERNANDARIAS;5394;COL. ACARAY
11;ALTO PARANA;142;HERNANDARIAS;5395;FAZENDA DE LICO
11;ALTO PARANA;142;HERNANDARIAS;5396;FORTUNA
11;ALTO PARANA;142;HERNANDARIAS;5397;GRAL.DIAZ (TAPYI)
11;ALTO PARANA;142;HERNANDARIAS;5398;GRANJA M. CRISTINA
11;ALTO PARANA;142;HERNANDARIAS;5399;GRANJA NUEVA COREA
11;ALTO PARANA;142;HERNANDARIAS;5400;HERNANDARIAS (MUNICIPIO)
11;ALTO PARANA;142;HERNANDARIAS;5400;HERNANDARIAS (MUNICIPIO)
11;ALTO PARANA;142;HERNANDARIAS;5400;HERNANDARIAS (MUNICIPIO)
11;ALTO PARANA;142;HERNANDARIAS;5400;HERNANDARIAS (MUNICIPIO)
11;ALTO PARANA;142;HERNANDARIAS;5400;HERNANDARIAS (MUNICIPIO)
11;ALTO PARANA;142;HERNANDARIAS;5400;HERNANDARIAS (MUNICIPIO)
11;ALTO PARANA;142;HERNANDARIAS;5400;HERNANDARIAS (MUNICIPIO)
11;ALTO PARANA;142;HERNANDARIAS;5400;HERNANDARIAS (MUNICIPIO)
11;ALTO PARANA;142;HERNANDARIAS;5400;HERNANDARIAS (MUNICIPIO)
11;ALTO PARANA;142;HERNANDARIAS;5400;HERNANDARIAS (MUNICIPIO)
11;ALTO PARANA;142;HERNANDARIAS;5400;HERNANDARIAS (MUNICIPIO)
11;ALTO PARANA;142;HERNANDARIAS;5400;HERNANDARIAS (MUNICIPIO)
11;ALTO PARANA;142;HERNANDARIAS;5400;HERNANDARIAS (MUNICIPIO)
11;ALTO PARANA;142;HERNANDARIAS;5400;HERNANDARIAS (MUNICIPIO)
11;ALTO PARANA;142;HERNANDARIAS;5400;HERNANDARIAS (MUNICIPIO)
11;ALTO PARANA;142;HERNANDARIAS;5400;HERNANDARIAS (MUNICIPIO)
11;ALTO PARANA;142;HERNANDARIAS;5400;HERNANDARIAS (MUNICIPIO)
11;ALTO PARANA;142;HERNANDARIAS;5400;HERNANDARIAS (MUNICIPIO)
11;ALTO PARANA;142;HERNANDARIAS;5401;HIDROELECTRICA ACARAY
11;ALTO PARANA;142;HERNANDARIAS;5402;KILOMETRO 10 GUARANI
11;ALTO PARANA;142;HERNANDARIAS;5403;KILOMETRO 16
11;ALTO PARANA;142;HERNANDARIAS;5404;KILOMETRO 2
11;ALTO PARANA;142;HERNANDARIAS;5405;KILOMETRO 20 SAN MANUEL
11;ALTO PARANA;142;HERNANDARIAS;5406;KILOMETRO 4
11;ALTO PARANA;142;HERNANDARIAS;5407;LINEA GRAL.DIAZ
11;ALTO PARANA;142;HERNANDARIAS;5408;MBARACA RUA
11;ALTO PARANA;142;HERNANDARIAS;5409;MBOI CUA
11;ALTO PARANA;142;HERNANDARIAS;5410;OCAMPO CUE
11;ALTO PARANA;142;HERNANDARIAS;5411;ORLANDO CUE
11;ALTO PARANA;142;HERNANDARIAS;5412;PALMITAL CELSO PARINI
11;ALTO PARANA;142;HERNANDARIAS;5413;PASO FALSO
11;ALTO PARANA;142;HERNANDARIAS;5414;PASO ITA
11;ALTO PARANA;142;HERNANDARIAS;5415;PATRIMONIO PARAGUAZIL
11;ALTO PARANA;142;HERNANDARIAS;5416;PENGO HERNANDARIAS (HERU)
11;ALTO PARANA;142;HERNANDARIAS;5417;PIKYRY
11;ALTO PARANA;142;HERNANDARIAS;5418;PIRA PYTA
11;ALTO PARANA;142;HERNANDARIAS;5419;PLANCHADA TALAVERA
11;ALTO PARANA;142;HERNANDARIAS;5420;PRIMERA REPRESA TATI-YUPI
11;ALTO PARANA;142;HERNANDARIAS;5421;PUERTO ARMITICIO
11;ALTO PARANA;142;HERNANDARIAS;5422;PUERTO CARMEN
11;ALTO PARANA;142;HERNANDARIAS;5423;PUERTO CURUPAYTY
11;ALTO PARANA;142;HERNANDARIAS;5424;PUERTO DORITA
11;ALTO PARANA;142;HERNANDARIAS;5425;PUERTO GRAL.DIAZ
11;ALTO PARANA;142;HERNANDARIAS;5426;PUERTO INDIO
11;ALTO PARANA;142;HERNANDARIAS;5427;PUERTO IRENE
11;ALTO PARANA;142;HERNANDARIAS;5428;PUERTO ITABO
11;ALTO PARANA;142;HERNANDARIAS;5429;PUERTO ITAIPYTE
11;ALTO PARANA;142;HERNANDARIAS;5430;PUERTO LAURA
11;ALTO PARANA;142;HERNANDARIAS;5431;PUERTO LIMOY
11;ALTO PARANA;142;HERNANDARIAS;5432;PUERTO PALMA
11;ALTO PARANA;142;HERNANDARIAS;5433;PUERTO SANTA TERESA
11;ALTO PARANA;142;HERNANDARIAS;5434;PUERTO SAUCE
11;ALTO PARANA;142;HERNANDARIAS;5875;FELIX DE AZARA
11;ALTO PARANA;142;HERNANDARIAS;5876;INDARTE CUE
11;ALTO PARANA;142;HERNANDARIAS;5877;KILOMETRO 3
11;ALTO PARANA;142;HERNANDARIAS;5878;MISION VERBO DIVINO
11;ALTO PARANA;143;DOMINGO MARTINEZ DE IRALA;3315;DOMINGO MARTINEZ DE IRALA
11;ALTO PARANA;143;DOMINGO MARTINEZ DE IRALA;3316;ANGELITO CUE
11;ALTO PARANA;143;DOMINGO MARTINEZ DE IRALA;3317;ARROYO GUAYAQUI
11;ALTO PARANA;143;DOMINGO MARTINEZ DE IRALA;3318;ASERRADERO YTUTI
11;ALTO PARANA;143;DOMINGO MARTINEZ DE IRALA;3319;BUENA VISTA
11;ALTO PARANA;143;DOMINGO MARTINEZ DE IRALA;3320;CAA YOBAI SUR
11;ALTO PARANA;143;DOMINGO MARTINEZ DE IRALA;3321;CAMPO ALEGRE
11;ALTO PARANA;143;DOMINGO MARTINEZ DE IRALA;3322;CAMPO MBOI
11;ALTO PARANA;143;DOMINGO MARTINEZ DE IRALA;3323;CAPILLA
11;ALTO PARANA;143;DOMINGO MARTINEZ DE IRALA;3324;CUCHU I
11;ALTO PARANA;143;DOMINGO MARTINEZ DE IRALA;3325;CUÑA PIRU
11;ALTO PARANA;143;DOMINGO MARTINEZ DE IRALA;3326;DOLORES
11;ALTO PARANA;143;DOMINGO MARTINEZ DE IRALA;3327;DOMINGO M.DE IRALA (MUNICIPIO)
11;ALTO PARANA;143;DOMINGO MARTINEZ DE IRALA;3328;ESTANCIA LAGARZA
11;ALTO PARANA;143;DOMINGO MARTINEZ DE IRALA;3329;FILE CUE
11;ALTO PARANA;143;DOMINGO MARTINEZ DE IRALA;3330;GUEMBE TY GUAZU
11;ALTO PARANA;143;DOMINGO MARTINEZ DE IRALA;3331;GUEMBETY
11;ALTO PARANA;143;DOMINGO MARTINEZ DE IRALA;3332;ITA PYTA
11;ALTO PARANA;143;DOMINGO MARTINEZ DE IRALA;3333;ITA VERA
11;ALTO PARANA;143;DOMINGO MARTINEZ DE IRALA;3334;KILOMETRO 11 - MAROMA
11;ALTO PARANA;143;DOMINGO MARTINEZ DE IRALA;3335;KILOMETRO 17 - DOLORES
11;ALTO PARANA;143;DOMINGO MARTINEZ DE IRALA;3336;KILOMETRO 19 - PARANAMBU
11;ALTO PARANA;143;DOMINGO MARTINEZ DE IRALA;3337;KILOMETRO 28 - PARANAMBU
11;ALTO PARANA;143;DOMINGO MARTINEZ DE IRALA;3338;KILOMETRO 6 - PUERTO FLORES
11;ALTO PARANA;143;DOMINGO MARTINEZ DE IRALA;3339;LOMA PYTA
11;ALTO PARANA;143;DOMINGO MARTINEZ DE IRALA;3340;LOS CEDRALES
11;ALTO PARANA;143;DOMINGO MARTINEZ DE IRALA;3341;MAROMA
11;ALTO PARANA;143;DOMINGO MARTINEZ DE IRALA;3342;PARANAMBU
11;ALTO PARANA;143;DOMINGO MARTINEZ DE IRALA;3343;PASO BABA
11;ALTO PARANA;143;DOMINGO MARTINEZ DE IRALA;3344;PASO ITA (INDIGENA)
11;ALTO PARANA;143;DOMINGO MARTINEZ DE IRALA;3345;PENINSULA
11;ALTO PARANA;143;DOMINGO MARTINEZ DE IRALA;3346;PUERTO 22 DE MAYO
11;ALTO PARANA;143;DOMINGO MARTINEZ DE IRALA;3347;PUERTO BERTONI
11;ALTO PARANA;143;DOMINGO MARTINEZ DE IRALA;3348;PUERTO DOLORES
11;ALTO PARANA;143;DOMINGO MARTINEZ DE IRALA;3349;PUERTO FLORES
11;ALTO PARANA;143;DOMINGO MARTINEZ DE IRALA;3350;PUERTO JIBAJA
11;ALTO PARANA;143;DOMINGO MARTINEZ DE IRALA;3351;PUERTO JIMENEZ
11;ALTO PARANA;143;DOMINGO MARTINEZ DE IRALA;3352;PUERTO MARGARITA
11;ALTO PARANA;143;DOMINGO MARTINEZ DE IRALA;3353;PUERTO MARTIN ORDOÑEZ
11;ALTO PARANA;143;DOMINGO MARTINEZ DE IRALA;3354;PUERTO PIRA PYTA MI
11;ALTO PARANA;143;DOMINGO MARTINEZ DE IRALA;3355;PUERTO SAB ANTONIO
11;ALTO PARANA;143;DOMINGO MARTINEZ DE IRALA;3356;PUERTO SAN PEDRO
11;ALTO PARANA;143;DOMINGO MARTINEZ DE IRALA;3357;PUERTO SARITA
11;ALTO PARANA;143;DOMINGO MARTINEZ DE IRALA;3358;PUERTO SIRENA
11;ALTO PARANA;143;DOMINGO MARTINEZ DE IRALA;3359;PUERTO TABUCAI
11;ALTO PARANA;143;DOMINGO MARTINEZ DE IRALA;3360;PUERTO YBAROTY
11;ALTO PARANA;143;DOMINGO MARTINEZ DE IRALA;3361;PUERTO YTUTI
11;ALTO PARANA;143;DOMINGO MARTINEZ DE IRALA;3362;PUESTO CUE (INDIGENA)
11;ALTO PARANA;143;DOMINGO MARTINEZ DE IRALA;3363;RELOJ CUE
11;ALTO PARANA;143;DOMINGO MARTINEZ DE IRALA;3364;SAN MIGUEL
11;ALTO PARANA;143;DOMINGO MARTINEZ DE IRALA;3365;SANTA LIBRADA
11;ALTO PARANA;143;DOMINGO MARTINEZ DE IRALA;3366;SAPIRE
11;ALTO PARANA;143;DOMINGO MARTINEZ DE IRALA;3367;TACUA PENDE
11;ALTO PARANA;143;DOMINGO MARTINEZ DE IRALA;3368;TOMAS CUE (INDIGENA)
11;ALTO PARANA;143;DOMINGO MARTINEZ DE IRALA;3369;VILLA SAN FRANCISCO
11;ALTO PARANA;143;DOMINGO MARTINEZ DE IRALA;3370;YBAROTY
11;ALTO PARANA;144;ÑACUNDAY;3371;ÑACUNDAY
11;ALTO PARANA;144;ÑACUNDAY;3372;ISLA PARANAMBU
11;ALTO PARANA;144;ÑACUNDAY;3373;ITAIPYTE
11;ALTO PARANA;144;ÑACUNDAY;3374;LOMA VALENTINA
11;ALTO PARANA;144;ÑACUNDAY;3375;OBRAJE BARRA
11;ALTO PARANA;144;ÑACUNDAY;3376;PARANA I
11;ALTO PARANA;144;ÑACUNDAY;3377;PUERTO PARANAMBU
11;ALTO PARANA;144;ÑACUNDAY;3378;SAN ALFREDO
11;ALTO PARANA;144;ÑACUNDAY;3379;TORO CUA
11;ALTO PARANA;144;ÑACUNDAY;3380;TORO CUA I
11;ALTO PARANA;144;ÑACUNDAY;3381;YARARA
11;ALTO PARANA;144;ÑACUNDAY;3382;ÑACUNDAY (MUNICIPIO)
11;ALTO PARANA;145;CIUDAD DEL ESTE;3383;CIUDAD DEL ESTE
11;ALTO PARANA;145;CIUDAD DEL ESTE;3384;2A. REPRESA YGUAZU
11;ALTO PARANA;145;CIUDAD DEL ESTE;3385;5A.REGION MILITAR
11;ALTO PARANA;145;CIUDAD DEL ESTE;3386;AMAMBAY
11;ALTO PARANA;145;CIUDAD DEL ESTE;3387;ARROYO MBY'A
11;ALTO PARANA;145;CIUDAD DEL ESTE;3388;ARROYO MBY'A C-4
11;ALTO PARANA;145;CIUDAD DEL ESTE;3389;BARRIO OBRERO
11;ALTO PARANA;145;CIUDAD DEL ESTE;3390;CALLE 10 ACARAY
11;ALTO PARANA;145;CIUDAD DEL ESTE;3391;CALLE 10 MONDAY
11;ALTO PARANA;145;CIUDAD DEL ESTE;3392;CALLE 12 ACARAY
11;ALTO PARANA;145;CIUDAD DEL ESTE;3393;CALLE 12 MONDAY
11;ALTO PARANA;145;CIUDAD DEL ESTE;3394;CALLE 14 ACARAY
11;ALTO PARANA;145;CIUDAD DEL ESTE;3395;CALLE 14 MONDAY
11;ALTO PARANA;145;CIUDAD DEL ESTE;3396;CALLE 16 ACARAY (RURAL)
11;ALTO PARANA;145;CIUDAD DEL ESTE;3397;CALLE 16 MONDAY (URBANA)
11;ALTO PARANA;145;CIUDAD DEL ESTE;3398;CALLE 18 ACARAY
11;ALTO PARANA;145;CIUDAD DEL ESTE;3399;CALLE 18 MONDAY
11;ALTO PARANA;145;CIUDAD DEL ESTE;3400;CALLE 20 ACARAY
11;ALTO PARANA;145;CIUDAD DEL ESTE;3401;CALLE 20 MONDAY
11;ALTO PARANA;145;CIUDAD DEL ESTE;3402;CALLE 22 ACARAY
11;ALTO PARANA;145;CIUDAD DEL ESTE;3403;CALLE 24 ACARAY
11;ALTO PARANA;145;CIUDAD DEL ESTE;3404;CALLE 24 MONDAY
11;ALTO PARANA;145;CIUDAD DEL ESTE;3405;CALLE 26 ACARAY
11;ALTO PARANA;145;CIUDAD DEL ESTE;3406;CALLE 26 MONDAY
11;ALTO PARANA;145;CIUDAD DEL ESTE;3407;CALLE 28 ACARAY
11;ALTO PARANA;145;CIUDAD DEL ESTE;3408;CALLE 30 ACARAY
11;ALTO PARANA;145;CIUDAD DEL ESTE;3409;CALLE 30 MONDAY
11;ALTO PARANA;145;CIUDAD DEL ESTE;3410;CALLE 8 MONDAY
11;ALTO PARANA;145;CIUDAD DEL ESTE;3411;CALLE 9 ACARAY
11;ALTO PARANA;145;CIUDAD DEL ESTE;3412;CALLE MONDAY
11;ALTO PARANA;145;CIUDAD DEL ESTE;3413;CAMINO 1
11;ALTO PARANA;145;CIUDAD DEL ESTE;3414;CAMINO 15
11;ALTO PARANA;145;CIUDAD DEL ESTE;3415;CAMINO 19
11;ALTO PARANA;145;CIUDAD DEL ESTE;3416;CAMINO 2
11;ALTO PARANA;145;CIUDAD DEL ESTE;3417;CAMINO 6
11;ALTO PARANA;145;CIUDAD DEL ESTE;3418;CAMINO 61
11;ALTO PARANA;145;CIUDAD DEL ESTE;3419;COL.YGUAZU (URBANA)
11;ALTO PARANA;145;CIUDAD DEL ESTE;3420;DON BOSCO
11;ALTO PARANA;145;CIUDAD DEL ESTE;3421;FELIX DE AZARA I
11;ALTO PARANA;145;CIUDAD DEL ESTE;3422;KILOMETRO 31 MBUTUY
11;ALTO PARANA;145;CIUDAD DEL ESTE;3423;KILOMETRO 39 YGUAZU
11;ALTO PARANA;145;CIUDAD DEL ESTE;3424;KILOMETRO 5 (R.I.)
11;ALTO PARANA;145;CIUDAD DEL ESTE;3425;LOMA PIRO Y
11;ALTO PARANA;145;CIUDAD DEL ESTE;3426;MARIO CUE
11;ALTO PARANA;145;CIUDAD DEL ESTE;3427;PENGO STROESSNER
11;ALTO PARANA;145;CIUDAD DEL ESTE;3428;CIUDAD DEL ESTE(PLANTA URBANA)
11;ALTO PARANA;145;CIUDAD DEL ESTE;3428;CIUDAD DEL ESTE(PLANTA URBANA)
11;ALTO PARANA;145;CIUDAD DEL ESTE;3428;CIUDAD DEL ESTE(PLANTA URBANA)
11;ALTO PARANA;145;CIUDAD DEL ESTE;3428;CIUDAD DEL ESTE(PLANTA URBANA)
11;ALTO PARANA;145;CIUDAD DEL ESTE;3428;CIUDAD DEL ESTE(PLANTA URBANA)
11;ALTO PARANA;145;CIUDAD DEL ESTE;3428;CIUDAD DEL ESTE(PLANTA URBANA)
11;ALTO PARANA;145;CIUDAD DEL ESTE;3428;CIUDAD DEL ESTE(PLANTA URBANA)
11;ALTO PARANA;145;CIUDAD DEL ESTE;3428;CIUDAD DEL ESTE(PLANTA URBANA)
11;ALTO PARANA;145;CIUDAD DEL ESTE;3428;CIUDAD DEL ESTE(PLANTA URBANA)
11;ALTO PARANA;145;CIUDAD DEL ESTE;3428;CIUDAD DEL ESTE(PLANTA URBANA)
11;ALTO PARANA;145;CIUDAD DEL ESTE;3428;CIUDAD DEL ESTE(PLANTA URBANA)
11;ALTO PARANA;145;CIUDAD DEL ESTE;3428;CIUDAD DEL ESTE(PLANTA URBANA)
11;ALTO PARANA;145;CIUDAD DEL ESTE;3428;CIUDAD DEL ESTE(PLANTA URBANA)
11;ALTO PARANA;145;CIUDAD DEL ESTE;3428;CIUDAD DEL ESTE(PLANTA URBANA)
11;ALTO PARANA;145;CIUDAD DEL ESTE;3428;CIUDAD DEL ESTE(PLANTA URBANA)
11;ALTO PARANA;145;CIUDAD DEL ESTE;3428;CIUDAD DEL ESTE(PLANTA URBANA)
11;ALTO PARANA;145;CIUDAD DEL ESTE;3428;CIUDAD DEL ESTE(PLANTA URBANA)
11;ALTO PARANA;145;CIUDAD DEL ESTE;3428;CIUDAD DEL ESTE(PLANTA URBANA)
11;ALTO PARANA;145;CIUDAD DEL ESTE;3428;CIUDAD DEL ESTE(PLANTA URBANA)
11;ALTO PARANA;145;CIUDAD DEL ESTE;3428;CIUDAD DEL ESTE(PLANTA URBANA)
11;ALTO PARANA;145;CIUDAD DEL ESTE;3428;CIUDAD DEL ESTE(PLANTA URBANA)
11;ALTO PARANA;145;CIUDAD DEL ESTE;3428;CIUDAD DEL ESTE(PLANTA URBANA)
11;ALTO PARANA;145;CIUDAD DEL ESTE;3428;CIUDAD DEL ESTE(PLANTA URBANA)
11;ALTO PARANA;145;CIUDAD DEL ESTE;3428;CIUDAD DEL ESTE(PLANTA URBANA)
11;ALTO PARANA;145;CIUDAD DEL ESTE;3428;CIUDAD DEL ESTE(PLANTA URBANA)
11;ALTO PARANA;145;CIUDAD DEL ESTE;3428;CIUDAD DEL ESTE(PLANTA URBANA)
11;ALTO PARANA;145;CIUDAD DEL ESTE;3429;PUERTO ESPERANZA
11;ALTO PARANA;145;CIUDAD DEL ESTE;3430;PUERTO LEGUIZA
11;ALTO PARANA;145;CIUDAD DEL ESTE;3431;PUERTO PTE. FRANCO
11;ALTO PARANA;145;CIUDAD DEL ESTE;3432;PUERTO PTE.STROESSNER (MUNIC)
11;ALTO PARANA;145;CIUDAD DEL ESTE;3433;SAN RAFAEL
11;ALTO PARANA;145;CIUDAD DEL ESTE;3434;SANTA TERESITA
11;ALTO PARANA;145;CIUDAD DEL ESTE;6379;CALLE 22 MONDAY
11;ALTO PARANA;145;CIUDAD DEL ESTE;6380;CALLE 28 MONDAY
11;ALTO PARANA;145;CIUDAD DEL ESTE;6381;CALLE 9 MONDAY
11;ALTO PARANA;145;CIUDAD DEL ESTE;6382;CAMINO 4
11;ALTO PARANA;145;CIUDAD DEL ESTE;6383;FLOR DE LIZ
11;ALTO PARANA;145;CIUDAD DEL ESTE;6384;KILOMETRO 6 MONDAY
11;ALTO PARANA;145;CIUDAD DEL ESTE;6385;PUERTO LEGUIZAMON
11;ALTO PARANA;145;CIUDAD DEL ESTE;6386;VILLA 23 DE OCTUBRE
11;ALTO PARANA;146;JUAN LEON MALLORQUIN;3435;JUAN LEON MALLORQUIN
11;ALTO PARANA;146;JUAN LEON MALLORQUIN;3436;3 DE MAYO
11;ALTO PARANA;146;JUAN LEON MALLORQUIN;3437;8 DE DICIEMBRE
11;ALTO PARANA;146;JUAN LEON MALLORQUIN;3438;AHOYU
11;ALTO PARANA;146;JUAN LEON MALLORQUIN;3439;ASERRADERO MONDAY
11;ALTO PARANA;146;JUAN LEON MALLORQUIN;3440;CAMINO 20
11;ALTO PARANA;146;JUAN LEON MALLORQUIN;3441;CAMINO 23
11;ALTO PARANA;146;JUAN LEON MALLORQUIN;3442;CARANDAYTY
11;ALTO PARANA;146;JUAN LEON MALLORQUIN;3443;COL. JUAN L. MALLORQUIN
11;ALTO PARANA;146;JUAN LEON MALLORQUIN;3444;JHYECUE YERE
11;ALTO PARANA;146;JUAN LEON MALLORQUIN;3445;LA VICTORIA-MONDAY
11;ALTO PARANA;146;JUAN LEON MALLORQUIN;3446;LA VICTORIA YGUAZU
11;ALTO PARANA;146;JUAN LEON MALLORQUIN;3447;LOMA TAVY
11;ALTO PARANA;146;JUAN LEON MALLORQUIN;3448;PUESTO LEGUIZA
11;ALTO PARANA;146;JUAN LEON MALLORQUIN;3449;PUESTO SAN LUIS
11;ALTO PARANA;146;JUAN LEON MALLORQUIN;3450;ROJAS SILVA
11;ALTO PARANA;146;JUAN LEON MALLORQUIN;3451;SAN MIGUEL
11;ALTO PARANA;146;JUAN LEON MALLORQUIN;3452;SAN VICENTE
11;ALTO PARANA;146;JUAN LEON MALLORQUIN;3453;SANTO DOMINGO
11;ALTO PARANA;146;JUAN LEON MALLORQUIN;3454;SANTO DOMINGO I
11;ALTO PARANA;146;JUAN LEON MALLORQUIN;3455;TATA RE
11;ALTO PARANA;146;JUAN LEON MALLORQUIN;3456;VENECIA
11;ALTO PARANA;146;JUAN LEON MALLORQUIN;3457;VENECIA GUAZU
11;ALTO PARANA;146;JUAN LEON MALLORQUIN;3458;VENECIA I
11;ALTO PARANA;146;JUAN LEON MALLORQUIN;3459;Y JHOVY
11;ALTO PARANA;146;JUAN LEON MALLORQUIN;3460;YUQUERI
11;ALTO PARANA;146;JUAN LEON MALLORQUIN;5744;JUAN L.MALLORQUIN CAARENDY.MUN
11;ALTO PARANA;146;JUAN LEON MALLORQUIN;5744;JUAN L.MALLORQUIN CAARENDY.MUN
11;ALTO PARANA;146;JUAN LEON MALLORQUIN;5744;JUAN L.MALLORQUIN CAARENDY.MUN
11;ALTO PARANA;146;JUAN LEON MALLORQUIN;5744;JUAN L.MALLORQUIN CAARENDY.MUN
11;ALTO PARANA;146;JUAN LEON MALLORQUIN;6387;CAARENDY GUAZU
11;ALTO PARANA;147;ITAKYRY;3461;ITAQUYRY
11;ALTO PARANA;147;ITAKYRY;3461;ITAQUYRY
11;ALTO PARANA;147;ITAKYRY;3462;AGUA-PE
11;ALTO PARANA;147;ITAKYRY;3463;AGUADA
11;ALTO PARANA;147;ITAKYRY;3464;AGUARA
11;ALTO PARANA;147;ITAKYRY;3465;ARAUJO -CUE
11;ALTO PARANA;147;ITAKYRY;3466;ARROYO 1A.
11;ALTO PARANA;147;ITAKYRY;3467;ARROYO CARUMBEY
11;ALTO PARANA;147;ITAKYRY;3468;ARROYO DOS HERMANAS
11;ALTO PARANA;147;ITAKYRY;3469;ARROYO GRACIELA
11;ALTO PARANA;147;ITAKYRY;3470;ARROYO MARCELINA
11;ALTO PARANA;147;ITAKYRY;3471;ARROYO MOROTI
11;ALTO PARANA;147;ITAKYRY;3472;ARROYO YARARA
11;ALTO PARANA;147;ITAKYRY;3473;BARRO NEGRO
11;ALTO PARANA;147;ITAKYRY;3474;BOCA ARROYO ITAQUYRY
11;ALTO PARANA;147;ITAKYRY;3475;CAAGUAZU
11;ALTO PARANA;147;ITAKYRY;3476;CACIQUE
11;ALTO PARANA;147;ITAKYRY;3477;CACIQUE TUYA
11;ALTO PARANA;147;ITAKYRY;3478;CAMPO LIMPIO
11;ALTO PARANA;147;ITAKYRY;3479;CAMPO REDONDO
11;ALTO PARANA;147;ITAKYRY;3480;CAPIIBARY
11;ALTO PARANA;147;ITAKYRY;3481;PUESTO YBYRA PIRU
11;ALTO PARANA;147;ITAKYRY;3482;RANCHO DORITA
11;ALTO PARANA;147;ITAKYRY;3483;RANCHO GUAYAKI
11;ALTO PARANA;147;ITAKYRY;3484;ROBLEDO CUE
11;ALTO PARANA;147;ITAKYRY;3485;ROLON CUE
11;ALTO PARANA;147;ITAKYRY;3486;SAN JUAN (EX 3A.)
11;ALTO PARANA;147;ITAKYRY;3487;SANTA TERESA (EX JHUGUAI)
11;ALTO PARANA;147;ITAKYRY;3488;SECADERO KILOMETRO 3
11;ALTO PARANA;147;ITAKYRY;3489;TACUARA
11;ALTO PARANA;147;ITAKYRY;3490;TATU PIRE
11;ALTO PARANA;147;ITAKYRY;3491;TORORO
11;ALTO PARANA;147;ITAKYRY;3492;TUNA
11;ALTO PARANA;147;ITAKYRY;3493;TUNI CUE
11;ALTO PARANA;147;ITAKYRY;3494;VILLAR CUE
11;ALTO PARANA;147;ITAKYRY;3495;YAGUARETE CANGUE
11;ALTO PARANA;147;ITAKYRY;3496;YAGUARETE MANSO
11;ALTO PARANA;147;ITAKYRY;3497;YAGUATIYMI
11;ALTO PARANA;147;ITAKYRY;3498;YAJHAPE
11;ALTO PARANA;147;ITAKYRY;3499;YAIBE CUE
11;ALTO PARANA;147;ITAKYRY;3500;YARARA
11;ALTO PARANA;147;ITAKYRY;3501;YATE I
11;ALTO PARANA;147;ITAKYRY;3502;YAYBERE CUE
11;ALTO PARANA;147;ITAKYRY;3503;Y B U
11;ALTO PARANA;147;ITAKYRY;3504;Y T U
11;ALTO PARANA;147;ITAKYRY;3505;ZANJA JHU
11;ALTO PARANA;147;ITAKYRY;3506;ZONA GRAL.DIAZ
11;ALTO PARANA;148;JUAN E.O'LEARY;3507;JUAN E.O'LEARY
11;ALTO PARANA;148;JUAN E.O'LEARY;3508;BARRIO MARIA AUXILIADORA
11;ALTO PARANA;148;JUAN E.O'LEARY;3509;BARRIO VIRGEN DEL ROSARIO
11;ALTO PARANA;148;JUAN E.O'LEARY;3510;CA'A YOVAI
11;ALTO PARANA;148;JUAN E.O'LEARY;3511;COSTA GUAZU
11;ALTO PARANA;148;JUAN E.O'LEARY;3512;J.E.O'LEARY CHEIRO CUE(MUNIC.)
11;ALTO PARANA;148;JUAN E.O'LEARY;3513;PUESTO LEGUIZA
11;ALTO PARANA;148;JUAN E.O'LEARY;3514;SAN AGUSTIN
11;ALTO PARANA;148;JUAN E.O'LEARY;3515;SAN FRANCISCO
11;ALTO PARANA;148;JUAN E.O'LEARY;3516;SAN ISIDRO
11;ALTO PARANA;148;JUAN E.O'LEARY;3517;SAN PABLO
11;ALTO PARANA;148;JUAN E.O'LEARY;3518;TACUARO
11;ALTO PARANA;148;JUAN E.O'LEARY;3519;TOCAI
11;ALTO PARANA;148;JUAN E.O'LEARY;3520;VILLA LAS MERCEDES
11;ALTO PARANA;149;PRESIDENTE FRANCO;3521;PRESIDENTE FRANCO
11;ALTO PARANA;149;PRESIDENTE FRANCO;3521;PRESIDENTE FRANCO
11;ALTO PARANA;149;PRESIDENTE FRANCO;3521;PRESIDENTE FRANCO
11;ALTO PARANA;149;PRESIDENTE FRANCO;3521;PRESIDENTE FRANCO
11;ALTO PARANA;149;PRESIDENTE FRANCO;3521;PRESIDENTE FRANCO
11;ALTO PARANA;149;PRESIDENTE FRANCO;3521;PRESIDENTE FRANCO
11;ALTO PARANA;149;PRESIDENTE FRANCO;3521;PRESIDENTE FRANCO
11;ALTO PARANA;149;PRESIDENTE FRANCO;3521;PRESIDENTE FRANCO
11;ALTO PARANA;149;PRESIDENTE FRANCO;3521;PRESIDENTE FRANCO
11;ALTO PARANA;149;PRESIDENTE FRANCO;3521;PRESIDENTE FRANCO
11;ALTO PARANA;149;PRESIDENTE FRANCO;3521;PRESIDENTE FRANCO
11;ALTO PARANA;149;PRESIDENTE FRANCO;3521;PRESIDENTE FRANCO
11;ALTO PARANA;149;PRESIDENTE FRANCO;3521;PRESIDENTE FRANCO
11;ALTO PARANA;149;PRESIDENTE FRANCO;3521;PRESIDENTE FRANCO
11;ALTO PARANA;149;PRESIDENTE FRANCO;3521;PRESIDENTE FRANCO
11;ALTO PARANA;149;PRESIDENTE FRANCO;3521;PRESIDENTE FRANCO
11;ALTO PARANA;149;PRESIDENTE FRANCO;3521;PRESIDENTE FRANCO
11;ALTO PARANA;149;PRESIDENTE FRANCO;3522;ARROYO ITA COTY
11;ALTO PARANA;149;PRESIDENTE FRANCO;3523;ARROYO SALTITO
11;ALTO PARANA;149;PRESIDENTE FRANCO;3524;ARROYO YACARE
11;ALTO PARANA;149;PRESIDENTE FRANCO;3525;BARRIO SAN MIGUEL
11;ALTO PARANA;149;PRESIDENTE FRANCO;3526;CAPILLA SANTA INES
11;ALTO PARANA;149;PRESIDENTE FRANCO;3527;CORAZON DE JESUS
11;ALTO PARANA;149;PRESIDENTE FRANCO;3528;ESCUELA
11;ALTO PARANA;149;PRESIDENTE FRANCO;3529;PENINSULA
11;ALTO PARANA;149;PRESIDENTE FRANCO;3530;PTO.BERTONI
11;ALTO PARANA;149;PRESIDENTE FRANCO;3531;PTO.FLORES
11;ALTO PARANA;149;PRESIDENTE FRANCO;3532;PTO.GIMENEZ
11;ALTO PARANA;149;PRESIDENTE FRANCO;3533;PTO.ORDONEZ
11;ALTO PARANA;149;PRESIDENTE FRANCO;3534;TRES FRONTERAS
11;ALTO PARANA;150;YGUAZU;3535;YGUAZU
11;ALTO PARANA;150;YGUAZU;3536;COL.YGUAZU
11;ALTO PARANA;150;YGUAZU;3537;COLONIA
11;ALTO PARANA;150;YGUAZU;3538;MUNICIPIO
11;ALTO PARANA;150;YGUAZU;3539;NUEVA  ESPERANZA
11;ALTO PARANA;151;SAN CRISTOBAL;3540;SAN CRISTOBAL
11;ALTO PARANA;151;SAN CRISTOBAL;3541;CAMPO ALEGRE
11;ALTO PARANA;151;SAN CRISTOBAL;3542;COL.SAN ANTONIO
11;ALTO PARANA;151;SAN CRISTOBAL;3543;COLONIA
11;ALTO PARANA;151;SAN CRISTOBAL;3544;CRUCE SAPIRE
11;ALTO PARANA;151;SAN CRISTOBAL;3545;CURUZU
11;ALTO PARANA;151;SAN CRISTOBAL;3546;KILOMETRO 56
11;ALTO PARANA;151;SAN CRISTOBAL;3547;LA ESPERANZA
11;ALTO PARANA;151;SAN CRISTOBAL;3548;MUNICIPIO
11;ALTO PARANA;151;SAN CRISTOBAL;3549;PALMITAL
11;ALTO PARANA;151;SAN CRISTOBAL;3550;PTO.CA'A YOBAI
11;ALTO PARANA;151;SAN CRISTOBAL;3551;PTO.SAN MIGUEL
11;ALTO PARANA;151;SAN CRISTOBAL;3552;SAN MIGUEL
11;ALTO PARANA;151;SAN CRISTOBAL;3553;SAPIRE
11;ALTO PARANA;151;SAN CRISTOBAL;3554;TATU CUA
11;ALTO PARANA;151;SAN CRISTOBAL;3555;TUYUTI
11;ALTO PARANA;209;SANTA RITA;3556;SANTA RITA
11;ALTO PARANA;209;SANTA RITA;3556;SANTA RITA
11;ALTO PARANA;209;SANTA RITA;3556;SANTA RITA
11;ALTO PARANA;209;SANTA RITA;3556;SANTA RITA
11;ALTO PARANA;209;SANTA RITA;3556;SANTA RITA
11;ALTO PARANA;209;SANTA RITA;3556;SANTA RITA
11;ALTO PARANA;209;SANTA RITA;3556;SANTA RITA
11;ALTO PARANA;209;SANTA RITA;3556;SANTA RITA
11;ALTO PARANA;209;SANTA RITA;3556;SANTA RITA
11;ALTO PARANA;209;SANTA RITA;5734;CURUPAYTY
11;ALTO PARANA;209;SANTA RITA;5735;JOEL ESTIGARRIBIA
11;ALTO PARANA;209;SANTA RITA;5736;PATRICIO COLMAN
11;ALTO PARANA;209;SANTA RITA;5737;SANTA LUCIA
11;ALTO PARANA;210;MINGA GUAZU;3557;MINGA GUAZU
11;ALTO PARANA;210;MINGA GUAZU;3557;MINGA GUAZU
11;ALTO PARANA;210;MINGA GUAZU;3557;MINGA GUAZU
11;ALTO PARANA;210;MINGA GUAZU;3557;MINGA GUAZU
11;ALTO PARANA;210;MINGA GUAZU;3557;MINGA GUAZU
11;ALTO PARANA;210;MINGA GUAZU;3557;MINGA GUAZU
11;ALTO PARANA;210;MINGA GUAZU;3557;MINGA GUAZU
11;ALTO PARANA;210;MINGA GUAZU;3557;MINGA GUAZU
11;ALTO PARANA;210;MINGA GUAZU;3557;MINGA GUAZU
11;ALTO PARANA;211;LOS CEDRALES;5695;LOS CEDRALES
11;ALTO PARANA;211;LOS CEDRALES;5695;LOS CEDRALES
11;ALTO PARANA;211;LOS CEDRALES;5695;LOS CEDRALES
11;ALTO PARANA;211;LOS CEDRALES;5695;LOS CEDRALES
11;ALTO PARANA;211;LOS CEDRALES;5695;LOS CEDRALES
11;ALTO PARANA;211;LOS CEDRALES;5716;CIA. ITA
11;ALTO PARANA;211;LOS CEDRALES;5717;PUERTO 22 DE MAYO
11;ALTO PARANA;211;LOS CEDRALES;5896;CIA. YTUTI
11;ALTO PARANA;212;SAN ALBERTO;5692;SAN ALBERTO
11;ALTO PARANA;212;SAN ALBERTO;5742;AGROPECO
11;ALTO PARANA;212;SAN ALBERTO;5743;SILO
11;ALTO PARANA;213;MINGA PORA;5696;MINGA PORA
11;ALTO PARANA;213;MINGA PORA;5696;MINGA PORA
11;ALTO PARANA;213;MINGA PORA;5718;COL. SANTA MARIA
11;ALTO PARANA;213;MINGA PORA;5719;COL. SAN FRANCISCO
11;ALTO PARANA;213;MINGA PORA;5720;SAN RAMON
11;ALTO PARANA;215;NARANJAL;5694;NARANJAL
11;ALTO PARANA;215;NARANJAL;5741;PALMITAL
11;ALTO PARANA;215;NARANJAL;5902;3 DE MAYO
11;ALTO PARANA;216;SANTA ROSA DEL MONDAY;5693;TAVAPY
11;ALTO PARANA;216;SANTA ROSA DEL MONDAY;5738;TAVAPY II
11;ALTO PARANA;216;SANTA ROSA DEL MONDAY;5739;TAVAPY III
11;ALTO PARANA;216;SANTA ROSA DEL MONDAY;5740;TAVAPY IV
11;ALTO PARANA;216;SANTA ROSA DEL MONDAY;5901;TAVAPY I
11;ALTO PARANA;216;SANTA ROSA DEL MONDAY;6421;SANTA ROSA DEL MONDAY NORTE
11;ALTO PARANA;216;SANTA ROSA DEL MONDAY;6422;SANTA ROSA DEL MONDAY SUR
11;ALTO PARANA;217;IRUÑA;5699;COLONIA IRUÑA
11;ALTO PARANA;217;IRUÑA;5724;CONSUELO
11;ALTO PARANA;217;IRUÑA;5725;JUAN PABLO II
11;ALTO PARANA;217;IRUÑA;5726;SAN CARLOS
11;ALTO PARANA;217;IRUÑA;5727;SAN JOSE
11;ALTO PARANA;217;IRUÑA;5728;SAN ROQUE
11;ALTO PARANA;217;IRUÑA;5729;SAN JUAN
11;ALTO PARANA;217;IRUÑA;5730;SAN PEDRO
11;ALTO PARANA;217;IRUÑA;5731;SAN MIGUEL
11;ALTO PARANA;217;IRUÑA;5732;SANTA LUCIA
11;ALTO PARANA;217;IRUÑA;5733;SAN MARCOS
11;ALTO PARANA;217;IRUÑA;5898;DOS HERMANOS
11;ALTO PARANA;217;IRUÑA;5899;SANTA TERESITA
11;ALTO PARANA;217;IRUÑA;5900;PARINVEST
11;ALTO PARANA;219;MBARACAYU;5697;MBARACAYU
11;ALTO PARANA;219;MBARACAYU;5721;CIA. CABAYU
11;ALTO PARANA;219;MBARACAYU;5722;CIA. GRAL. DIAZ
11;ALTO PARANA;219;MBARACAYU;5723;CIA. ITALO
11;ALTO PARANA;219;MBARACAYU;5897;BARRIO BLANCO
11;ALTO PARANA;239;SANTA FE DEL PARANA;4604;SANTA FE DEL PARANA
11;ALTO PARANA;240;NUEVA ESPERANZA;5497;NUEVA ESPERANZA
11;ALTO PARANA;269;TAVAPY;;
11;ALTO PARANA;273;DR. RAUL PEÑA;;
12;CENTRAL;152;AREGUA;3558;AREGUA
12;CENTRAL;152;AREGUA;3559;AREGUA (MUNICIPIO)
12;CENTRAL;152;AREGUA;3559;AREGUA (MUNICIPIO)
12;CENTRAL;152;AREGUA;3559;AREGUA (MUNICIPIO)
12;CENTRAL;152;AREGUA;3559;AREGUA (MUNICIPIO)
12;CENTRAL;152;AREGUA;3560;CAACUPE MI
12;CENTRAL;152;AREGUA;3561;COCUE GUAZU 1A.
12;CENTRAL;152;AREGUA;3562;COCUE GUAZU 2A
12;CENTRAL;152;AREGUA;3563;ESTACION YUQUYRY
12;CENTRAL;152;AREGUA;3564;ESTANZUELA
12;CENTRAL;152;AREGUA;3565;ISLA VALLE
12;CENTRAL;152;AREGUA;3566;PINDOLO
12;CENTRAL;152;AREGUA;3567;VALLE PUCU
12;CENTRAL;152;AREGUA;5745;COSTA FLEITAS
12;CENTRAL;152;AREGUA;5746;YUQUYTY
12;CENTRAL;153;CAPIATA;3568;CAPIATA
12;CENTRAL;153;CAPIATA;3568;CAPIATA
12;CENTRAL;153;CAPIATA;3568;CAPIATA
12;CENTRAL;153;CAPIATA;3568;CAPIATA
12;CENTRAL;153;CAPIATA;3568;CAPIATA
12;CENTRAL;153;CAPIATA;3568;CAPIATA
12;CENTRAL;153;CAPIATA;3568;CAPIATA
12;CENTRAL;153;CAPIATA;3568;CAPIATA
12;CENTRAL;153;CAPIATA;3568;CAPIATA
12;CENTRAL;153;CAPIATA;3568;CAPIATA
12;CENTRAL;153;CAPIATA;3568;CAPIATA
12;CENTRAL;153;CAPIATA;3568;CAPIATA
12;CENTRAL;153;CAPIATA;3568;CAPIATA
12;CENTRAL;153;CAPIATA;3568;CAPIATA
12;CENTRAL;153;CAPIATA;3568;CAPIATA
12;CENTRAL;153;CAPIATA;3568;CAPIATA
12;CENTRAL;153;CAPIATA;3568;CAPIATA
12;CENTRAL;153;CAPIATA;3568;CAPIATA
12;CENTRAL;153;CAPIATA;3568;CAPIATA
12;CENTRAL;153;CAPIATA;3568;CAPIATA
12;CENTRAL;153;CAPIATA;3568;CAPIATA
12;CENTRAL;153;CAPIATA;3568;CAPIATA
12;CENTRAL;153;CAPIATA;3568;CAPIATA
12;CENTRAL;153;CAPIATA;3568;CAPIATA
12;CENTRAL;153;CAPIATA;3568;CAPIATA
12;CENTRAL;153;CAPIATA;3568;CAPIATA
12;CENTRAL;153;CAPIATA;3568;CAPIATA
12;CENTRAL;153;CAPIATA;3568;CAPIATA
12;CENTRAL;153;CAPIATA;3568;CAPIATA
12;CENTRAL;153;CAPIATA;3568;CAPIATA
12;CENTRAL;153;CAPIATA;3568;CAPIATA
12;CENTRAL;153;CAPIATA;3568;CAPIATA
12;CENTRAL;153;CAPIATA;3568;CAPIATA
12;CENTRAL;153;CAPIATA;3568;CAPIATA
12;CENTRAL;153;CAPIATA;3568;CAPIATA
12;CENTRAL;153;CAPIATA;3568;CAPIATA
12;CENTRAL;153;CAPIATA;3569;ALDANA CAÑADA
12;CENTRAL;153;CAPIATA;3570;COSTA SALINAS
12;CENTRAL;153;CAPIATA;3571;COLONIA MILITAR
12;CENTRAL;153;CAPIATA;3572;COMPAÑIA 14
12;CENTRAL;153;CAPIATA;3573;COMPAÑIA 15
12;CENTRAL;153;CAPIATA;3574;COSTA POI
12;CENTRAL;153;CAPIATA;3575;LOMA BARRETO
12;CENTRAL;153;CAPIATA;3576;NARANJA TY
12;CENTRAL;153;CAPIATA;3577;POSTA YBYCUA
12;CENTRAL;153;CAPIATA;3578;YBYCUA
12;CENTRAL;153;CAPIATA;3579;ROJAS CAÑADA
12;CENTRAL;153;CAPIATA;3580;SALINARES
12;CENTRAL;153;CAPIATA;3581;TOLEDO CAÑADA
12;CENTRAL;153;CAPIATA;3582;YBYRARO 2A.
12;CENTRAL;153;CAPIATA;3583;YBYRARO 4A.
12;CENTRAL;153;CAPIATA;3584;YATAITY
12;CENTRAL;153;CAPIATA;3585;YUQUYRY
12;CENTRAL;153;CAPIATA;5747;CAÑADITA
12;CENTRAL;153;CAPIATA;5748;LAURELTY
12;CENTRAL;153;CAPIATA;5749;POSTA YBYRARO
12;CENTRAL;153;CAPIATA;5750;YBYRARO 3A.
12;CENTRAL;154;FERNANDO DE LA MORA;5044;FERNANDO DE LA MORA
12;CENTRAL;154;FERNANDO DE LA MORA;5044;FERNANDO DE LA MORA
12;CENTRAL;154;FERNANDO DE LA MORA;5044;FERNANDO DE LA MORA
12;CENTRAL;154;FERNANDO DE LA MORA;5044;FERNANDO DE LA MORA
12;CENTRAL;154;FERNANDO DE LA MORA;5044;FERNANDO DE LA MORA
12;CENTRAL;154;FERNANDO DE LA MORA;5044;FERNANDO DE LA MORA
12;CENTRAL;154;FERNANDO DE LA MORA;5044;FERNANDO DE LA MORA
12;CENTRAL;154;FERNANDO DE LA MORA;5044;FERNANDO DE LA MORA
12;CENTRAL;154;FERNANDO DE LA MORA;5044;FERNANDO DE LA MORA
12;CENTRAL;154;FERNANDO DE LA MORA;5044;FERNANDO DE LA MORA
12;CENTRAL;154;FERNANDO DE LA MORA;5044;FERNANDO DE LA MORA
12;CENTRAL;154;FERNANDO DE LA MORA;5044;FERNANDO DE LA MORA
12;CENTRAL;154;FERNANDO DE LA MORA;5044;FERNANDO DE LA MORA
12;CENTRAL;154;FERNANDO DE LA MORA;5044;FERNANDO DE LA MORA
12;CENTRAL;154;FERNANDO DE LA MORA;5044;FERNANDO DE LA MORA
12;CENTRAL;154;FERNANDO DE LA MORA;5045;4 VIENTOS
12;CENTRAL;154;FERNANDO DE LA MORA;5046;CALLE PUCU
12;CENTRAL;154;FERNANDO DE LA MORA;5047;CALLE ULTIMA
12;CENTRAL;154;FERNANDO DE LA MORA;5048;CAPIIPERY
12;CENTRAL;154;FERNANDO DE LA MORA;5049;COCUE GUAZU
12;CENTRAL;154;FERNANDO DE LA MORA;5050;GRAL.CABALLERO
12;CENTRAL;154;FERNANDO DE LA MORA;5051;LAGUNA GRANDE
12;CENTRAL;154;FERNANDO DE LA MORA;5052;ORILLA DEL CAMPO GRANDE
12;CENTRAL;154;FERNANDO DE LA MORA;5053;PITIANTUTA
12;CENTRAL;154;FERNANDO DE LA MORA;5846;BARRIO STA.MARIA
12;CENTRAL;154;FERNANDO DE LA MORA;5847;ITA CAAGUY
12;CENTRAL;155;GUARAMBARE;5054;GUARAMBARE
12;CENTRAL;155;GUARAMBARE;5054;GUARAMBARE
12;CENTRAL;155;GUARAMBARE;5054;GUARAMBARE
12;CENTRAL;155;GUARAMBARE;5054;GUARAMBARE
12;CENTRAL;155;GUARAMBARE;5055;CAYGUA
12;CENTRAL;155;GUARAMBARE;5056;RINCON LOMA
12;CENTRAL;155;GUARAMBARE;5057;TYPYCHATY
12;CENTRAL;155;GUARAMBARE;5058;TYPYRATY
12;CENTRAL;155;GUARAMBARE;5848;RINCON
12;CENTRAL;156;ITA;5059;ARAÑA 1
12;CENTRAL;156;ITA;5060;AVEIRO
12;CENTRAL;156;ITA;5061;BARRIO PARANAMBU
12;CENTRAL;156;ITA;5062;CAAGUAZU (TAVY YOVAI)
12;CENTRAL;156;ITA;5063;CALLE YVATE
12;CENTRAL;156;ITA;5064;CARAGUATAITY
12;CENTRAL;156;ITA;5065;CURUPICAYTY 1A.
12;CENTRAL;156;ITA;5066;CURUPICAYTY
12;CENTRAL;156;ITA;5067;ITA POTRERO
12;CENTRAL;156;ITA;5068;LAS PIEDRAS 1A.
12;CENTRAL;156;ITA;5069;LAS PIEDRAS 2A.
12;CENTRAL;156;ITA;5070;OCULTO
12;CENTRAL;156;ITA;5071;POSTA GAONA
12;CENTRAL;156;ITA;5072;POSTA GAONA 1A.
12;CENTRAL;156;ITA;5073;POTRERO POI
12;CENTRAL;156;ITA;5074;POTRERO POI 2A.
12;CENTRAL;156;ITA;5075;Y JHOVY 2A.
12;CENTRAL;156;ITA;5076;YAGUA ÑARO
12;CENTRAL;156;ITA;5077;YAGUA ÑARO 1A.
12;CENTRAL;156;ITA;5849;ITA
12;CENTRAL;156;ITA;5849;ITA
12;CENTRAL;156;ITA;5849;ITA
12;CENTRAL;156;ITA;5849;ITA
12;CENTRAL;156;ITA;5850;CAAGUZU
12;CENTRAL;156;ITA;5851;CHIRCATY (AVEIRO)
12;CENTRAL;156;ITA;5852;PEGUAJHO
12;CENTRAL;156;ITA;5853;Y JHOVY
12;CENTRAL;157;ITAUGUA;5078;ALDANA CAÑADA
12;CENTRAL;157;ITAUGUA;5079;ALDANA CAÑADA 2A.
12;CENTRAL;157;ITAUGUA;5080;ARROYO ESTRELLA
12;CENTRAL;157;ITAUGUA;5081;CAÑADITA
12;CENTRAL;157;ITAUGUA;5854;ITAUGUA
12;CENTRAL;157;ITAUGUA;5854;ITAUGUA
12;CENTRAL;157;ITAUGUA;5854;ITAUGUA
12;CENTRAL;157;ITAUGUA;5854;ITAUGUA
12;CENTRAL;157;ITAUGUA;5854;ITAUGUA
12;CENTRAL;157;ITAUGUA;5854;ITAUGUA
12;CENTRAL;157;ITAUGUA;5854;ITAUGUA
12;CENTRAL;157;ITAUGUA;5854;ITAUGUA
12;CENTRAL;157;ITAUGUA;5854;ITAUGUA
12;CENTRAL;157;ITAUGUA;5854;ITAUGUA
12;CENTRAL;157;ITAUGUA;5854;ITAUGUA
12;CENTRAL;157;ITAUGUA;5854;ITAUGUA
12;CENTRAL;157;ITAUGUA;5854;ITAUGUA
12;CENTRAL;157;ITAUGUA;5854;ITAUGUA
12;CENTRAL;157;ITAUGUA;5854;ITAUGUA
12;CENTRAL;157;ITAUGUA;5854;ITAUGUA
12;CENTRAL;157;ITAUGUA;5914;CERRITO
12;CENTRAL;157;ITAUGUA;5915;ESTANZUELA
12;CENTRAL;157;ITAUGUA;5916;GUAYAYVITY
12;CENTRAL;157;ITAUGUA;5917;GUAZU VIRA
12;CENTRAL;157;ITAUGUA;5918;ITAUGUA GUAZU
12;CENTRAL;157;ITAUGUA;5919;ITAUGUA GUAZU 1A.
12;CENTRAL;157;ITAUGUA;5920;JHUGUA JHU
12;CENTRAL;157;ITAUGUA;5921;JHUGUA POTI
12;CENTRAL;157;ITAUGUA;5922;MBOI Y
12;CENTRAL;157;ITAUGUA;5923;MBOCAYATY DEL NORTE
12;CENTRAL;157;ITAUGUA;5924;MBOCAYATY DEL SUR
12;CENTRAL;157;ITAUGUA;5925;PATIÑO
12;CENTRAL;157;ITAUGUA;5926;POTRERO
12;CENTRAL;157;ITAUGUA;5927;POTRERO GUAZU
12;CENTRAL;157;ITAUGUA;5928;PUENTE
12;CENTRAL;157;ITAUGUA;5929;PUENTE ALEGRE
12;CENTRAL;157;ITAUGUA;5930;VALLE CARE
12;CENTRAL;157;ITAUGUA;5931;VILLA ALTA
12;CENTRAL;157;ITAUGUA;5932;YBYRA TY
12;CENTRAL;157;ITAUGUA;5933;ÑU POI
12;CENTRAL;158;LIMPIO;5934;LIMPIO
12;CENTRAL;158;LIMPIO;5935;AGUAPEY
12;CENTRAL;158;LIMPIO;5936;COL.J.DE ZALAZAR
12;CENTRAL;158;LIMPIO;5937;COSTA I
12;CENTRAL;158;LIMPIO;5938;ISLA ARANDA
12;CENTRAL;158;LIMPIO;5939;ISLA AVEIRO
12;CENTRAL;158;LIMPIO;5940;LIMPIO (MUNICIPIO)
12;CENTRAL;158;LIMPIO;5940;LIMPIO (MUNICIPIO)
12;CENTRAL;158;LIMPIO;5940;LIMPIO (MUNICIPIO)
12;CENTRAL;158;LIMPIO;5940;LIMPIO (MUNICIPIO)
12;CENTRAL;158;LIMPIO;5940;LIMPIO (MUNICIPIO)
12;CENTRAL;158;LIMPIO;5940;LIMPIO (MUNICIPIO)
12;CENTRAL;158;LIMPIO;5940;LIMPIO (MUNICIPIO)
12;CENTRAL;158;LIMPIO;5940;LIMPIO (MUNICIPIO)
12;CENTRAL;158;LIMPIO;5940;LIMPIO (MUNICIPIO)
12;CENTRAL;158;LIMPIO;5940;LIMPIO (MUNICIPIO)
12;CENTRAL;158;LIMPIO;5940;LIMPIO (MUNICIPIO)
12;CENTRAL;158;LIMPIO;5940;LIMPIO (MUNICIPIO)
12;CENTRAL;158;LIMPIO;5940;LIMPIO (MUNICIPIO)
12;CENTRAL;158;LIMPIO;5940;LIMPIO (MUNICIPIO)
12;CENTRAL;158;LIMPIO;5940;LIMPIO (MUNICIPIO)
12;CENTRAL;158;LIMPIO;5940;LIMPIO (MUNICIPIO)
12;CENTRAL;158;LIMPIO;5940;LIMPIO (MUNICIPIO)
12;CENTRAL;158;LIMPIO;5940;LIMPIO (MUNICIPIO)
12;CENTRAL;158;LIMPIO;5940;LIMPIO (MUNICIPIO)
12;CENTRAL;158;LIMPIO;5940;LIMPIO (MUNICIPIO)
12;CENTRAL;158;LIMPIO;5940;LIMPIO (MUNICIPIO)
12;CENTRAL;158;LIMPIO;5940;LIMPIO (MUNICIPIO)
12;CENTRAL;158;LIMPIO;5940;LIMPIO (MUNICIPIO)
12;CENTRAL;158;LIMPIO;5941;MBAYU'E
12;CENTRAL;158;LIMPIO;5942;MONTAÑA ALTA
12;CENTRAL;158;LIMPIO;5943;PIQUETE CUE
12;CENTRAL;158;LIMPIO;5944;RINCON DEL PEÑON
12;CENTRAL;158;LIMPIO;5945;SALADO 1
12;CENTRAL;159;LUQUE;5946;LUQUE
12;CENTRAL;159;LUQUE;5946;LUQUE
12;CENTRAL;159;LUQUE;5946;LUQUE
12;CENTRAL;159;LUQUE;5946;LUQUE
12;CENTRAL;159;LUQUE;5946;LUQUE
12;CENTRAL;159;LUQUE;5946;LUQUE
12;CENTRAL;159;LUQUE;5946;LUQUE
12;CENTRAL;159;LUQUE;5946;LUQUE
12;CENTRAL;159;LUQUE;5946;LUQUE
12;CENTRAL;159;LUQUE;5946;LUQUE
12;CENTRAL;159;LUQUE;5946;LUQUE
12;CENTRAL;159;LUQUE;5946;LUQUE
12;CENTRAL;159;LUQUE;5946;LUQUE
12;CENTRAL;159;LUQUE;5946;LUQUE
12;CENTRAL;159;LUQUE;5946;LUQUE
12;CENTRAL;159;LUQUE;5946;LUQUE
12;CENTRAL;159;LUQUE;5946;LUQUE
12;CENTRAL;159;LUQUE;5946;LUQUE
12;CENTRAL;159;LUQUE;5946;LUQUE
12;CENTRAL;159;LUQUE;5946;LUQUE
12;CENTRAL;159;LUQUE;5946;LUQUE
12;CENTRAL;159;LUQUE;5946;LUQUE
12;CENTRAL;159;LUQUE;5946;LUQUE
12;CENTRAL;159;LUQUE;5946;LUQUE
12;CENTRAL;159;LUQUE;5946;LUQUE
12;CENTRAL;159;LUQUE;5946;LUQUE
12;CENTRAL;159;LUQUE;5946;LUQUE
12;CENTRAL;159;LUQUE;5946;LUQUE
12;CENTRAL;159;LUQUE;5946;LUQUE
12;CENTRAL;159;LUQUE;5946;LUQUE
12;CENTRAL;159;LUQUE;5946;LUQUE
12;CENTRAL;159;LUQUE;5946;LUQUE
12;CENTRAL;159;LUQUE;5946;LUQUE
12;CENTRAL;159;LUQUE;5946;LUQUE
12;CENTRAL;159;LUQUE;5946;LUQUE
12;CENTRAL;159;LUQUE;5946;LUQUE
12;CENTRAL;159;LUQUE;5946;LUQUE
12;CENTRAL;159;LUQUE;5946;LUQUE
12;CENTRAL;159;LUQUE;5946;LUQUE
12;CENTRAL;159;LUQUE;5946;LUQUE
12;CENTRAL;159;LUQUE;5946;LUQUE
12;CENTRAL;159;LUQUE;5946;LUQUE
12;CENTRAL;159;LUQUE;5946;LUQUE
12;CENTRAL;159;LUQUE;5946;LUQUE
12;CENTRAL;159;LUQUE;5946;LUQUE
12;CENTRAL;159;LUQUE;5946;LUQUE
12;CENTRAL;159;LUQUE;5946;LUQUE
12;CENTRAL;159;LUQUE;5946;LUQUE
12;CENTRAL;159;LUQUE;5946;LUQUE
12;CENTRAL;159;LUQUE;5946;LUQUE
12;CENTRAL;159;LUQUE;5946;LUQUE
12;CENTRAL;159;LUQUE;5946;LUQUE
12;CENTRAL;159;LUQUE;5946;LUQUE
12;CENTRAL;159;LUQUE;5946;LUQUE
12;CENTRAL;159;LUQUE;5947;AGUAPEY
12;CENTRAL;159;LUQUE;5948;AEROPUERTO
12;CENTRAL;159;LUQUE;5949;CAMPO GRANDE
12;CENTRAL;159;LUQUE;5950;CIA.AGUADEY
12;CENTRAL;159;LUQUE;5951;CIA.COSTA RUGUA
12;CENTRAL;159;LUQUE;5952;CIA.DIAZ MARIN CAAGUY
12;CENTRAL;159;LUQUE;5953;CIA.ITA ANGUA
12;CENTRAL;159;LUQUE;5954;CIA.ISLA ARANDA
12;CENTRAL;159;LUQUE;5955;CIA.ISLA BOGADO
12;CENTRAL;159;LUQUE;5956;CIA.MACA'I
12;CENTRAL;159;LUQUE;5957;CIA.SAN RAFAEL
12;CENTRAL;159;LUQUE;5958;CIA.SAN ROQUE
12;CENTRAL;159;LUQUE;5959;CIA.TARUMANDY
12;CENTRAL;159;LUQUE;5960;CIA.Y CA'A
12;CENTRAL;159;LUQUE;5961;CIA.YCUA CARANDAY
12;CENTRAL;159;LUQUE;5962;JHUGUA DE SEDA
12;CENTRAL;159;LUQUE;5963;LAURELTY
12;CENTRAL;159;LUQUE;5964;ZARATE ISLA
12;CENTRAL;160;MARIANO ROQUE ALONSO;5965;MARIANO ROQUE ALONSO
12;CENTRAL;160;MARIANO ROQUE ALONSO;5966;ARECAYA (MUNICIPIO)
12;CENTRAL;160;MARIANO ROQUE ALONSO;5967;CAAGUY CUPE
12;CENTRAL;160;MARIANO ROQUE ALONSO;5968;CORUMBA CUE (MUNICIPIO)
12;CENTRAL;160;MARIANO ROQUE ALONSO;5969;LA INMACULADA
12;CENTRAL;160;MARIANO ROQUE ALONSO;5970;MARIANO R.ALONSO (MUNICIPIO)
12;CENTRAL;160;MARIANO ROQUE ALONSO;5970;MARIANO R.ALONSO (MUNICIPIO)
12;CENTRAL;160;MARIANO ROQUE ALONSO;5970;MARIANO R.ALONSO (MUNICIPIO)
12;CENTRAL;160;MARIANO ROQUE ALONSO;5970;MARIANO R.ALONSO (MUNICIPIO)
12;CENTRAL;160;MARIANO ROQUE ALONSO;5970;MARIANO R.ALONSO (MUNICIPIO)
12;CENTRAL;160;MARIANO ROQUE ALONSO;5970;MARIANO R.ALONSO (MUNICIPIO)
12;CENTRAL;160;MARIANO ROQUE ALONSO;5970;MARIANO R.ALONSO (MUNICIPIO)
12;CENTRAL;160;MARIANO ROQUE ALONSO;5970;MARIANO R.ALONSO (MUNICIPIO)
12;CENTRAL;160;MARIANO ROQUE ALONSO;5970;MARIANO R.ALONSO (MUNICIPIO)
12;CENTRAL;160;MARIANO ROQUE ALONSO;5970;MARIANO R.ALONSO (MUNICIPIO)
12;CENTRAL;160;MARIANO ROQUE ALONSO;5970;MARIANO R.ALONSO (MUNICIPIO)
12;CENTRAL;160;MARIANO ROQUE ALONSO;5970;MARIANO R.ALONSO (MUNICIPIO)
12;CENTRAL;160;MARIANO ROQUE ALONSO;5970;MARIANO R.ALONSO (MUNICIPIO)
12;CENTRAL;160;MARIANO ROQUE ALONSO;5970;MARIANO R.ALONSO (MUNICIPIO)
12;CENTRAL;160;MARIANO ROQUE ALONSO;5970;MARIANO R.ALONSO (MUNICIPIO)
12;CENTRAL;160;MARIANO ROQUE ALONSO;5970;MARIANO R.ALONSO (MUNICIPIO)
12;CENTRAL;160;MARIANO ROQUE ALONSO;5970;MARIANO R.ALONSO (MUNICIPIO)
12;CENTRAL;160;MARIANO ROQUE ALONSO;5971;ROJAS CUE (MUNICIPIO)
12;CENTRAL;160;MARIANO ROQUE ALONSO;5972;ROJAS CUE 2A.(MUNICIPIO)
12;CENTRAL;160;MARIANO ROQUE ALONSO;5973;SAN BLAS (MUNICIPIO)
12;CENTRAL;160;MARIANO ROQUE ALONSO;5974;SAN RAMON (MUNICIPIO)
12;CENTRAL;161;ÑEMBY;5975;ÑEMBY
12;CENTRAL;161;ÑEMBY;5975;ÑEMBY
12;CENTRAL;161;ÑEMBY;5975;ÑEMBY
12;CENTRAL;161;ÑEMBY;5975;ÑEMBY
12;CENTRAL;161;ÑEMBY;5975;ÑEMBY
12;CENTRAL;161;ÑEMBY;5975;ÑEMBY
12;CENTRAL;161;ÑEMBY;5975;ÑEMBY
12;CENTRAL;161;ÑEMBY;5975;ÑEMBY
12;CENTRAL;161;ÑEMBY;5975;ÑEMBY
12;CENTRAL;161;ÑEMBY;5975;ÑEMBY
12;CENTRAL;161;ÑEMBY;5975;ÑEMBY
12;CENTRAL;161;ÑEMBY;5975;ÑEMBY
12;CENTRAL;161;ÑEMBY;5975;ÑEMBY
12;CENTRAL;161;ÑEMBY;5975;ÑEMBY
12;CENTRAL;161;ÑEMBY;5975;ÑEMBY
12;CENTRAL;161;ÑEMBY;5975;ÑEMBY
12;CENTRAL;161;ÑEMBY;5976;ARROYO SECO
12;CENTRAL;161;ÑEMBY;5977;CERRO ÑEMBY
12;CENTRAL;161;ÑEMBY;5978;CIA.RINCON
12;CENTRAL;161;ÑEMBY;5979;PA'I ÑU
12;CENTRAL;162;NUEVA ITALIA;5980;NUEVA ITALIA
12;CENTRAL;162;NUEVA ITALIA;5981;BARRIO LAS MERCEDES
12;CENTRAL;162;NUEVA ITALIA;5982;BARRIO SAN ANTONIO
12;CENTRAL;162;NUEVA ITALIA;5983;BARRIO SAN LORENZO
12;CENTRAL;162;NUEVA ITALIA;5984;BARRIO SAN ROQUE
12;CENTRAL;162;NUEVA ITALIA;5985;CALLE 1A.TACUARAS
12;CENTRAL;162;NUEVA ITALIA;5986;CALLE 2A.TACUARAS
12;CENTRAL;162;NUEVA ITALIA;5987;CALLE 3
12;CENTRAL;162;NUEVA ITALIA;5988;CALLE 3A.TACUARAS
12;CENTRAL;162;NUEVA ITALIA;5989;CALLE 4
12;CENTRAL;162;NUEVA ITALIA;5990;CALLE 4A.TACUARAS
12;CENTRAL;162;NUEVA ITALIA;5991;CALLE 5
12;CENTRAL;162;NUEVA ITALIA;5992;CALLE 5A.TACUARAS
12;CENTRAL;162;NUEVA ITALIA;5993;CALLE 6
12;CENTRAL;162;NUEVA ITALIA;5994;CALLE 8
12;CENTRAL;162;NUEVA ITALIA;5995;CALLE CORAZON DE JESUS
12;CENTRAL;162;NUEVA ITALIA;5996;CERRO PE (ISLA GUAVIRA)
12;CENTRAL;162;NUEVA ITALIA;5997;ESTANCIA CASTOR CUE
12;CENTRAL;162;NUEVA ITALIA;5998;ISLA GUAVIRA
12;CENTRAL;162;NUEVA ITALIA;5999;NUEVA ITALIA (MUNICIPIO)
12;CENTRAL;162;NUEVA ITALIA;5999;NUEVA ITALIA (MUNICIPIO)
12;CENTRAL;162;NUEVA ITALIA;5999;NUEVA ITALIA (MUNICIPIO)
12;CENTRAL;162;NUEVA ITALIA;5999;NUEVA ITALIA (MUNICIPIO)
12;CENTRAL;162;NUEVA ITALIA;6000;SAN ANTONIO
12;CENTRAL;162;NUEVA ITALIA;6001;SANTA LIBRADA
12;CENTRAL;162;NUEVA ITALIA;6002;SANTA ROSA
12;CENTRAL;163;SAN ANTONIO;6003;SAN ANTONIO
12;CENTRAL;163;SAN ANTONIO;6004;ACHUCARRO MUNICIPIO
12;CENTRAL;163;SAN ANTONIO;6005;BANCO SAN ANTONIO (MUNICIPIO)
12;CENTRAL;163;SAN ANTONIO;6006;MBOCAYATY (MUNICIPIO)
12;CENTRAL;163;SAN ANTONIO;6007;OLMEDO (MUNICIPIO)
12;CENTRAL;163;SAN ANTONIO;6008;SAN ANTONIO (MUNICIPIO)
12;CENTRAL;163;SAN ANTONIO;6008;SAN ANTONIO (MUNICIPIO)
12;CENTRAL;163;SAN ANTONIO;6008;SAN ANTONIO (MUNICIPIO)
12;CENTRAL;163;SAN ANTONIO;6008;SAN ANTONIO (MUNICIPIO)
12;CENTRAL;163;SAN ANTONIO;6008;SAN ANTONIO (MUNICIPIO)
12;CENTRAL;163;SAN ANTONIO;6008;SAN ANTONIO (MUNICIPIO)
12;CENTRAL;163;SAN ANTONIO;6008;SAN ANTONIO (MUNICIPIO)
12;CENTRAL;163;SAN ANTONIO;6008;SAN ANTONIO (MUNICIPIO)
12;CENTRAL;163;SAN ANTONIO;6008;SAN ANTONIO (MUNICIPIO)
12;CENTRAL;163;SAN ANTONIO;6008;SAN ANTONIO (MUNICIPIO)
12;CENTRAL;163;SAN ANTONIO;6008;SAN ANTONIO (MUNICIPIO)
12;CENTRAL;163;SAN ANTONIO;6008;SAN ANTONIO (MUNICIPIO)
12;CENTRAL;163;SAN ANTONIO;6008;SAN ANTONIO (MUNICIPIO)
12;CENTRAL;163;SAN ANTONIO;6008;SAN ANTONIO (MUNICIPIO)
12;CENTRAL;163;SAN ANTONIO;6008;SAN ANTONIO (MUNICIPIO)
12;CENTRAL;163;SAN ANTONIO;6009;SAN ANTONIO I (MUNICIPIO)
12;CENTRAL;164;SAN LORENZO;5903;KILOMETRO 9
12;CENTRAL;164;SAN LORENZO;5904;ORILLA DEL CAMPO GRANDE
12;CENTRAL;164;SAN LORENZO;5905;SAN ISIDRO
12;CENTRAL;164;SAN LORENZO;5906;TAYASUAPE
12;CENTRAL;164;SAN LORENZO;5907;YSATY
12;CENTRAL;164;SAN LORENZO;6010;SAN LORENZO
12;CENTRAL;164;SAN LORENZO;6010;SAN LORENZO
12;CENTRAL;164;SAN LORENZO;6010;SAN LORENZO
12;CENTRAL;164;SAN LORENZO;6010;SAN LORENZO
12;CENTRAL;164;SAN LORENZO;6010;SAN LORENZO
12;CENTRAL;164;SAN LORENZO;6010;SAN LORENZO
12;CENTRAL;164;SAN LORENZO;6010;SAN LORENZO
12;CENTRAL;164;SAN LORENZO;6010;SAN LORENZO
12;CENTRAL;164;SAN LORENZO;6010;SAN LORENZO
12;CENTRAL;164;SAN LORENZO;6010;SAN LORENZO
12;CENTRAL;164;SAN LORENZO;6010;SAN LORENZO
12;CENTRAL;164;SAN LORENZO;6010;SAN LORENZO
12;CENTRAL;164;SAN LORENZO;6010;SAN LORENZO
12;CENTRAL;164;SAN LORENZO;6010;SAN LORENZO
12;CENTRAL;164;SAN LORENZO;6010;SAN LORENZO
12;CENTRAL;164;SAN LORENZO;6010;SAN LORENZO
12;CENTRAL;164;SAN LORENZO;6010;SAN LORENZO
12;CENTRAL;164;SAN LORENZO;6010;SAN LORENZO
12;CENTRAL;164;SAN LORENZO;6010;SAN LORENZO
12;CENTRAL;164;SAN LORENZO;6010;SAN LORENZO
12;CENTRAL;164;SAN LORENZO;6010;SAN LORENZO
12;CENTRAL;164;SAN LORENZO;6010;SAN LORENZO
12;CENTRAL;164;SAN LORENZO;6010;SAN LORENZO
12;CENTRAL;164;SAN LORENZO;6010;SAN LORENZO
12;CENTRAL;164;SAN LORENZO;6010;SAN LORENZO
12;CENTRAL;164;SAN LORENZO;6010;SAN LORENZO
12;CENTRAL;164;SAN LORENZO;6010;SAN LORENZO
12;CENTRAL;164;SAN LORENZO;6010;SAN LORENZO
12;CENTRAL;164;SAN LORENZO;6010;SAN LORENZO
12;CENTRAL;164;SAN LORENZO;6010;SAN LORENZO
12;CENTRAL;164;SAN LORENZO;6010;SAN LORENZO
12;CENTRAL;164;SAN LORENZO;6010;SAN LORENZO
12;CENTRAL;164;SAN LORENZO;6010;SAN LORENZO
12;CENTRAL;164;SAN LORENZO;6010;SAN LORENZO
12;CENTRAL;164;SAN LORENZO;6010;SAN LORENZO
12;CENTRAL;164;SAN LORENZO;6010;SAN LORENZO
12;CENTRAL;164;SAN LORENZO;6010;SAN LORENZO
12;CENTRAL;164;SAN LORENZO;6010;SAN LORENZO
12;CENTRAL;164;SAN LORENZO;6010;SAN LORENZO
12;CENTRAL;164;SAN LORENZO;6010;SAN LORENZO
12;CENTRAL;164;SAN LORENZO;6010;SAN LORENZO
12;CENTRAL;164;SAN LORENZO;6010;SAN LORENZO
12;CENTRAL;164;SAN LORENZO;6010;SAN LORENZO
12;CENTRAL;164;SAN LORENZO;6010;SAN LORENZO
12;CENTRAL;164;SAN LORENZO;6010;SAN LORENZO
12;CENTRAL;164;SAN LORENZO;6010;SAN LORENZO
12;CENTRAL;164;SAN LORENZO;6010;SAN LORENZO
12;CENTRAL;164;SAN LORENZO;6010;SAN LORENZO
12;CENTRAL;164;SAN LORENZO;6010;SAN LORENZO
12;CENTRAL;164;SAN LORENZO;6010;SAN LORENZO
12;CENTRAL;164;SAN LORENZO;6010;SAN LORENZO
12;CENTRAL;164;SAN LORENZO;6010;SAN LORENZO
12;CENTRAL;164;SAN LORENZO;6011;ARECO PAU
12;CENTRAL;164;SAN LORENZO;6012;BAJADA CUE
12;CENTRAL;164;SAN LORENZO;6013;BARCEQUILLO
12;CENTRAL;164;SAN LORENZO;6014;BARRIO DOROTEA C. CAMPOS
12;CENTRAL;164;SAN LORENZO;6015;BOGADO
12;CENTRAL;164;SAN LORENZO;6016;CAMPAMENTO
12;CENTRAL;164;SAN LORENZO;6017;CAMPO GRANDE
12;CENTRAL;164;SAN LORENZO;6018;CAMPO CERVERA
12;CENTRAL;164;SAN LORENZO;6019;CAPELLANIA
12;CENTRAL;164;SAN LORENZO;6020;CAPI'I PE RY
12;CENTRAL;164;SAN LORENZO;6021;CAPILLA CUE
12;CENTRAL;164;SAN LORENZO;6022;CAÑADA LAGUNA GRANDE
12;CENTRAL;164;SAN LORENZO;6023;CAÑADA SOLINS Y OTROS
12;CENTRAL;164;SAN LORENZO;6024;COCUERE
12;CENTRAL;164;SAN LORENZO;6025;COLEGIO
12;CENTRAL;164;SAN LORENZO;6026;CIA.DE LAS TRES LAGUNAS
12;CENTRAL;164;SAN LORENZO;6027;CORDILLERITA
12;CENTRAL;164;SAN LORENZO;6028;CURUZU MBOCAYA
12;CENTRAL;164;SAN LORENZO;6029;LAUREL GRANDE
12;CENTRAL;164;SAN LORENZO;6030;LAGUNA MBOIJHAPY
12;CENTRAL;164;SAN LORENZO;6031;LAURELTY
12;CENTRAL;164;SAN LORENZO;6032;LOMA
12;CENTRAL;164;SAN LORENZO;6033;ORILLA DEL PUERTO
12;CENTRAL;164;SAN LORENZO;6034;POTRERO POI
12;CENTRAL;164;SAN LORENZO;6035;RECLUTA
12;CENTRAL;164;SAN LORENZO;6036;REDUCTO
12;CENTRAL;164;SAN LORENZO;6037;RINCON
12;CENTRAL;164;SAN LORENZO;6038;SAN ANTONIO
12;CENTRAL;164;SAN LORENZO;6039;SAN JOSE
12;CENTRAL;164;SAN LORENZO;6040;SAN LORENZO (MUNICIPIO)
12;CENTRAL;164;SAN LORENZO;6040;SAN LORENZO (MUNICIPIO)
12;CENTRAL;164;SAN LORENZO;6040;SAN LORENZO (MUNICIPIO)
12;CENTRAL;164;SAN LORENZO;6040;SAN LORENZO (MUNICIPIO)
12;CENTRAL;164;SAN LORENZO;6041;SAN MIGUEL
12;CENTRAL;164;SAN LORENZO;6042;SUBURBIO
12;CENTRAL;164;SAN LORENZO;6043;YATAITY
12;CENTRAL;164;SAN LORENZO;6044;YBAPURUNDY
12;CENTRAL;164;SAN LORENZO;6045;YCUA POI
12;CENTRAL;164;SAN LORENZO;6046;YPE YCUA
12;CENTRAL;164;SAN LORENZO;6047;ZABALAS CUE
12;CENTRAL;164;SAN LORENZO;6048;ZANGUINA GRANDE
12;CENTRAL;165;VILLA ELISA;5908;ARROYO SECO (MUNICIPIO)
12;CENTRAL;165;VILLA ELISA;6049;VILLA ELISA
12;CENTRAL;165;VILLA ELISA;6050;CALLE ULTIMA (MUNICIPIO)
12;CENTRAL;165;VILLA ELISA;6051;MBOCAYATY (MUNICIPIO)
12;CENTRAL;165;VILLA ELISA;6052;PICADA (MUNICIPIO)
12;CENTRAL;165;VILLA ELISA;6053;REMANSO (MUNCIPIO)
12;CENTRAL;165;VILLA ELISA;6054;VILLA ELISA (MUNCIPIO)
12;CENTRAL;165;VILLA ELISA;6054;VILLA ELISA (MUNCIPIO)
12;CENTRAL;165;VILLA ELISA;6054;VILLA ELISA (MUNCIPIO)
12;CENTRAL;165;VILLA ELISA;6054;VILLA ELISA (MUNCIPIO)
12;CENTRAL;165;VILLA ELISA;6054;VILLA ELISA (MUNCIPIO)
12;CENTRAL;165;VILLA ELISA;6054;VILLA ELISA (MUNCIPIO)
12;CENTRAL;165;VILLA ELISA;6054;VILLA ELISA (MUNCIPIO)
12;CENTRAL;165;VILLA ELISA;6054;VILLA ELISA (MUNCIPIO)
12;CENTRAL;165;VILLA ELISA;6054;VILLA ELISA (MUNCIPIO)
12;CENTRAL;165;VILLA ELISA;6054;VILLA ELISA (MUNCIPIO)
12;CENTRAL;165;VILLA ELISA;6054;VILLA ELISA (MUNCIPIO)
12;CENTRAL;165;VILLA ELISA;6054;VILLA ELISA (MUNCIPIO)
12;CENTRAL;165;VILLA ELISA;6054;VILLA ELISA (MUNCIPIO)
12;CENTRAL;165;VILLA ELISA;6054;VILLA ELISA (MUNCIPIO)
12;CENTRAL;165;VILLA ELISA;6054;VILLA ELISA (MUNCIPIO)
12;CENTRAL;165;VILLA ELISA;6054;VILLA ELISA (MUNCIPIO)
12;CENTRAL;165;VILLA ELISA;6055;YPATI (MUNICIPIO)
12;CENTRAL;166;VILLETA;5909;VILLETA
12;CENTRAL;166;VILLETA;5910;BUEY RODEO
12;CENTRAL;166;VILLETA;5911;GUAZU CORA
12;CENTRAL;166;VILLETA;5912;PUERTO ANGOSTURA
12;CENTRAL;166;VILLETA;5913;SURUBI Y
12;CENTRAL;166;VILLETA;6056;AVAY
12;CENTRAL;166;VILLETA;6057;BANCO LOBATO
12;CENTRAL;166;VILLETA;6058;BANCO SANTA ROSA
12;CENTRAL;166;VILLETA;6059;TACUATY RUGUA
12;CENTRAL;166;VILLETA;6060;TACURY TY
12;CENTRAL;166;VILLETA;6061;CUMBARITY
12;CENTRAL;166;VILLETA;6062;ESTANCIA GUYRA TI
12;CENTRAL;166;VILLETA;6063;ITA YBATE
12;CENTRAL;166;VILLETA;6064;ITA YBATE 1A.
12;CENTRAL;166;VILLETA;6065;LOMA PERO
12;CENTRAL;166;VILLETA;6066;LOMAS VALENTINA
12;CENTRAL;166;VILLETA;6067;PUERTO GUYRA TI
12;CENTRAL;166;VILLETA;6068;PUERTO SANTA ROSA
12;CENTRAL;166;VILLETA;6069;PUERTO SARA
12;CENTRAL;166;VILLETA;6070;RETIRO CAMALOTAL
12;CENTRAL;166;VILLETA;6071;SANJA PYTA
12;CENTRAL;166;VILLETA;6072;SENDA
12;CENTRAL;166;VILLETA;6073;TACUATY
12;CENTRAL;166;VILLETA;6074;VILLETA (MUNICIPIO)
12;CENTRAL;166;VILLETA;6074;VILLETA (MUNICIPIO)
12;CENTRAL;166;VILLETA;6074;VILLETA (MUNICIPIO)
12;CENTRAL;166;VILLETA;6074;VILLETA (MUNICIPIO)
12;CENTRAL;166;VILLETA;6074;VILLETA (MUNICIPIO)
12;CENTRAL;166;VILLETA;6074;VILLETA (MUNICIPIO)
12;CENTRAL;166;VILLETA;6075;YPE CU
12;CENTRAL;167;YPACARAI;6076;YPACARAI
12;CENTRAL;167;YPACARAI;6076;YPACARAI
12;CENTRAL;167;YPACARAI;6076;YPACARAI
12;CENTRAL;167;YPACARAI;6076;YPACARAI
12;CENTRAL;167;YPACARAI;6077;ARROYO ESTRELLA
12;CENTRAL;167;YPACARAI;6078;ARROYO Y PUCU
12;CENTRAL;167;YPACARAI;6079;CERRO GUY
12;CENTRAL;167;YPACARAI;6080;CERRO PERO
12;CENTRAL;167;YPACARAI;6081;CERRITO
12;CENTRAL;167;YPACARAI;6082;ITA PYTAGUA
12;CENTRAL;167;YPACARAI;6083;JHUGUA JHU
12;CENTRAL;167;YPACARAI;6084;JHUGUA JHU 1A.
12;CENTRAL;167;YPACARAI;6085;MBOCAYATY
12;CENTRAL;167;YPACARAI;6086;PASO PUENTE
12;CENTRAL;167;YPACARAI;6087;PEDRO ROJAS
12;CENTRAL;167;YPACARAI;6088;PEDROZO
12;CENTRAL;167;YPACARAI;6089;PUENTE ACA
12;CENTRAL;167;YPACARAI;6090;POTRERO GUAZU
12;CENTRAL;167;YPACARAI;6091;YAGUA RESA
12;CENTRAL;167;YPACARAI;6092;YSATY
12;CENTRAL;168;YPANE;6093;YPANE
12;CENTRAL;168;YPANE;6093;YPANE
12;CENTRAL;168;YPANE;6093;YPANE
12;CENTRAL;168;YPANE;6093;YPANE
12;CENTRAL;168;YPANE;6093;YPANE
12;CENTRAL;168;YPANE;6094;CAÑADITA
12;CENTRAL;168;YPANE;6095;CHACO I
12;CENTRAL;168;YPANE;6096;COLONIA THOMPSON 1A.
12;CENTRAL;168;YPANE;6097;COSTA
12;CENTRAL;168;YPANE;6098;PASO DE ORO
12;CENTRAL;168;YPANE;6099;POTRERITO 1A.
12;CENTRAL;168;YPANE;6100;POTRERITO 2A.
12;CENTRAL;168;YPANE;6101;ROSADO GUAZU
12;CENTRAL;168;YPANE;6102;THOMPSON 2A.
12;CENTRAL;168;YPANE;6103;YPANE ÑU
12;CENTRAL;168;YPANE;6104;YTORORO
12;CENTRAL;168;YPANE;6105;YTORORO 2A.
12;CENTRAL;169;LAMBARE;6106;LAMBARE
12;CENTRAL;169;LAMBARE;6106;LAMBARE
12;CENTRAL;169;LAMBARE;6106;LAMBARE
12;CENTRAL;169;LAMBARE;6106;LAMBARE
12;CENTRAL;169;LAMBARE;6106;LAMBARE
12;CENTRAL;169;LAMBARE;6106;LAMBARE
12;CENTRAL;169;LAMBARE;6106;LAMBARE
12;CENTRAL;169;LAMBARE;6106;LAMBARE
12;CENTRAL;169;LAMBARE;6106;LAMBARE
12;CENTRAL;169;LAMBARE;6106;LAMBARE
12;CENTRAL;169;LAMBARE;6106;LAMBARE
12;CENTRAL;169;LAMBARE;6106;LAMBARE
12;CENTRAL;169;LAMBARE;6106;LAMBARE
12;CENTRAL;169;LAMBARE;6106;LAMBARE
12;CENTRAL;169;LAMBARE;6106;LAMBARE
12;CENTRAL;169;LAMBARE;6106;LAMBARE
12;CENTRAL;169;LAMBARE;6106;LAMBARE
12;CENTRAL;169;LAMBARE;6106;LAMBARE
12;CENTRAL;169;LAMBARE;6106;LAMBARE
12;CENTRAL;169;LAMBARE;6106;LAMBARE
12;CENTRAL;169;LAMBARE;6106;LAMBARE
12;CENTRAL;169;LAMBARE;6106;LAMBARE
12;CENTRAL;169;LAMBARE;6106;LAMBARE
12;CENTRAL;169;LAMBARE;6106;LAMBARE
12;CENTRAL;169;LAMBARE;6106;LAMBARE
12;CENTRAL;169;LAMBARE;6107;BARRIO PTE.KENNEDY 1A.
12;CENTRAL;169;LAMBARE;6108;BARRIO PTE.KENNEDY 2A.
12;CENTRAL;169;LAMBARE;6109;BAÑADO SUR
12;CENTRAL;169;LAMBARE;6110;BARRIO SANTA ANA
12;CENTRAL;169;LAMBARE;6111;CAÑADA
12;CENTRAL;169;LAMBARE;6112;ITA ENRAMADA
12;CENTRAL;169;LAMBARE;6113;LAMBARE (MUNICIPIO)
12;CENTRAL;169;LAMBARE;6114;MBACHI0
12;CENTRAL;169;LAMBARE;6115;MBACHIO BAJO
12;CENTRAL;169;LAMBARE;6116;MBACHIO 2A.
12;CENTRAL;169;LAMBARE;6117;PALOMAR 1A.
12;CENTRAL;169;LAMBARE;6118;PALOMAR 2A.
12;CENTRAL;169;LAMBARE;6119;PALOMAR 3A.
12;CENTRAL;169;LAMBARE;6120;PUERTO PABLA
12;CENTRAL;169;LAMBARE;6121;REPUBLICANO
12;CENTRAL;169;LAMBARE;6122;RUTA JOSE FELIX BOGADO
12;CENTRAL;169;LAMBARE;6123;SAN MIGUEL
12;CENTRAL;169;LAMBARE;6124;SAN RAFAEL
12;CENTRAL;169;LAMBARE;6125;SAN ISIDRO
12;CENTRAL;169;LAMBARE;6126;VALLE APUA
12;CENTRAL;169;LAMBARE;6127;VALLE APUA 2A.
12;CENTRAL;169;LAMBARE;6128;VALLE APUA 3A.
12;CENTRAL;169;LAMBARE;6129;VALLE YBATE
12;CENTRAL;169;LAMBARE;6130;VILLA CERRO CORA
12;CENTRAL;169;LAMBARE;6131;YUQUYTY 2
12;CENTRAL;169;LAMBARE;6132;YUQUYTY
12;CENTRAL;169;LAMBARE;6133;YSATY
12;CENTRAL;170;J.AUGUSTO SALDIVAR;6134;J.AUGUSTO SALDIVAR
12;CENTRAL;170;J.AUGUSTO SALDIVAR;6134;J.AUGUSTO SALDIVAR
12;CENTRAL;170;J.AUGUSTO SALDIVAR;6135;POSTA LEIVA
12;CENTRAL;277;LOMA PYTA;6428;LOMA PYTA
13;NEEMBUCU;171;PILAR;5435;YATAITY (2A.CIA)
13;NEEMBUCU;171;PILAR;5436;YATAITY (3A.CIA)
13;NEEMBUCU;171;PILAR;6136;PILAR
13;NEEMBUCU;171;PILAR;6137;ARARA'A
13;NEEMBUCU;171;PILAR;6138;AVIACION 1A.CIA.
13;NEEMBUCU;171;PILAR;6139;BARRIO 12 DE OCTUBRE
13;NEEMBUCU;171;PILAR;6140;BARRIO BANCO NRO.1
13;NEEMBUCU;171;PILAR;6141;BARRIO LOMA CLAVEL
13;NEEMBUCU;171;PILAR;6142;BARRIO OBRERO
13;NEEMBUCU;171;PILAR;6143;CABALLERO PASO
13;NEEMBUCU;171;PILAR;6144;ESTANCIA LUIS DELPINO
13;NEEMBUCU;171;PILAR;6145;ESTANCIA MEDINA
13;NEEMBUCU;171;PILAR;6146;ESTANCIA SAN MARTIN
13;NEEMBUCU;171;PILAR;6147;ESTANCIA SANTA TERESA
13;NEEMBUCU;171;PILAR;6148;ISLA
13;NEEMBUCU;171;PILAR;6149;ISLA YUQUERI
13;NEEMBUCU;171;PILAR;6150;MEDINA
13;NEEMBUCU;171;PILAR;6151;PILAR (MUNICIPIO)
13;NEEMBUCU;171;PILAR;6151;PILAR (MUNICIPIO)
13;NEEMBUCU;171;PILAR;6151;PILAR (MUNICIPIO)
13;NEEMBUCU;171;PILAR;6151;PILAR (MUNICIPIO)
13;NEEMBUCU;171;PILAR;6151;PILAR (MUNICIPIO)
13;NEEMBUCU;171;PILAR;6151;PILAR (MUNICIPIO)
13;NEEMBUCU;171;PILAR;6151;PILAR (MUNICIPIO)
13;NEEMBUCU;171;PILAR;6151;PILAR (MUNICIPIO)
13;NEEMBUCU;171;PILAR;6151;PILAR (MUNICIPIO)
13;NEEMBUCU;171;PILAR;6151;PILAR (MUNICIPIO)
13;NEEMBUCU;171;PILAR;6151;PILAR (MUNICIPIO)
13;NEEMBUCU;171;PILAR;6151;PILAR (MUNICIPIO)
13;NEEMBUCU;171;PILAR;6151;PILAR (MUNICIPIO)
13;NEEMBUCU;171;PILAR;6151;PILAR (MUNICIPIO)
13;NEEMBUCU;171;PILAR;6152;VALLE APUA
13;NEEMBUCU;171;PILAR;6153;VILLA PASO
13;NEEMBUCU;172;ALBERDI;5437;ALBERDI
13;NEEMBUCU;172;ALBERDI;5438;ALBERDI (MUNICIPIO)
13;NEEMBUCU;172;ALBERDI;5439;ALBERDI VIEJO
13;NEEMBUCU;172;ALBERDI;5440;BANCO CURUZU
13;NEEMBUCU;172;ALBERDI;5441;BANCO PALOMAR
13;NEEMBUCU;172;ALBERDI;5442;ESTERO CORA
13;NEEMBUCU;172;ALBERDI;5443;ISLA LEON
13;NEEMBUCU;172;ALBERDI;5444;LOMA
13;NEEMBUCU;172;ALBERDI;5445;MOÑAI CUARE
13;NEEMBUCU;172;ALBERDI;5446;TARUMA VUELTA
13;NEEMBUCU;173;CERRITO;5447;CERRITO
13;NEEMBUCU;173;CERRITO;5448;BARRIO OBRERO 1A.
13;NEEMBUCU;173;CERRITO;5449;BARRIO OBRERO 2A.
13;NEEMBUCU;173;CERRITO;5450;CAAGUY JHOVY
13;NEEMBUCU;173;CERRITO;5451;CERRO ÑU
13;NEEMBUCU;173;CERRITO;5452;COSTA 1
13;NEEMBUCU;173;CERRITO;5453;COSTA 1 2A.
13;NEEMBUCU;173;CERRITO;5454;CURUZU ABA 1A.
13;NEEMBUCU;173;CERRITO;5455;CURUZU ABA 2A.
13;NEEMBUCU;173;CERRITO;5456;ISLA ROY
13;NEEMBUCU;173;CERRITO;5457;ITA PUNTA
13;NEEMBUCU;173;CERRITO;5458;JHUGUA YARE
13;NEEMBUCU;173;CERRITO;5459;POTRERO VILLALBA 1A.
13;NEEMBUCU;173;CERRITO;5460;POTRERO VILLALBA 2A.
13;NEEMBUCU;173;CERRITO;5461;TACURUTY
13;NEEMBUCU;174;DESMOCHADOS;5462;DESMOCHADOS
13;NEEMBUCU;174;DESMOCHADOS;5463;CAPILLITA
13;NEEMBUCU;174;DESMOCHADOS;5464;COSTA PO'I
13;NEEMBUCU;174;DESMOCHADOS;5465;DESMOCHADO (MUNICIPIO)
13;NEEMBUCU;174;DESMOCHADOS;5466;FLORA PUNTA
13;NEEMBUCU;174;DESMOCHADOS;5467;MANANTIALES
13;NEEMBUCU;174;DESMOCHADOS;5468;POTRERO
13;NEEMBUCU;174;DESMOCHADOS;5469;POTRERO SAN JUAN
13;NEEMBUCU;174;DESMOCHADOS;5470;POTRERO ZARZA
13;NEEMBUCU;174;DESMOCHADOS;5471;SAN ANTONIO
13;NEEMBUCU;174;DESMOCHADOS;5472;SAN ROQUE
13;NEEMBUCU;174;DESMOCHADOS;5473;SANTA MARIA
13;NEEMBUCU;175;GUAZU CUA;5483;GUAZU CUA
13;NEEMBUCU;175;GUAZU CUA;5484;CARANDAYTY
13;NEEMBUCU;175;GUAZU CUA;5485;GUAZU CUA
13;NEEMBUCU;175;GUAZU CUA;5486;PASO PINDO
13;NEEMBUCU;175;GUAZU CUA;5487;PASO TYPY
13;NEEMBUCU;175;GUAZU CUA;5488;POTRERO PIRU
13;NEEMBUCU;175;GUAZU CUA;5489;POTRERO YBYRAI
13;NEEMBUCU;175;GUAZU CUA;5490;PUNTA DIAMANTE
13;NEEMBUCU;175;GUAZU CUA;5491;YBABIYU
13;NEEMBUCU;176;HUMAITA;4094;ESTANCIA PARAISO
13;NEEMBUCU;176;HUMAITA;4095;ESTANCIA ROMAGUERA
13;NEEMBUCU;176;HUMAITA;4096;ISLA CURUZU
13;NEEMBUCU;176;HUMAITA;4097;NARANJITO
13;NEEMBUCU;176;HUMAITA;4098;PASO CORNELIO
13;NEEMBUCU;176;HUMAITA;4099;PASO PUCU
13;NEEMBUCU;176;HUMAITA;4100;PUERTO ARROCERA
13;NEEMBUCU;176;HUMAITA;4101;TUYU CUE
13;NEEMBUCU;176;HUMAITA;5492;HUMAITA
13;NEEMBUCU;176;HUMAITA;5493;ARROYO HONDO
13;NEEMBUCU;176;HUMAITA;5494;BOGARIN CUE
13;NEEMBUCU;176;HUMAITA;5495;ESTANCIA CURUPAYTY
13;NEEMBUCU;176;HUMAITA;5789;HUMAITA (MUNICIPIO)
13;NEEMBUCU;176;HUMAITA;5789;HUMAITA (MUNICIPIO)
13;NEEMBUCU;176;HUMAITA;5789;HUMAITA (MUNICIPIO)
13;NEEMBUCU;176;HUMAITA;5789;HUMAITA (MUNICIPIO)
13;NEEMBUCU;176;HUMAITA;5790;TACURUTY
13;NEEMBUCU;177;ISLA UMBU;4102;ISLA UMBU
13;NEEMBUCU;177;ISLA UMBU;4103;BOQUERON
13;NEEMBUCU;177;ISLA UMBU;4104;CAMBA CUA
13;NEEMBUCU;177;ISLA UMBU;4105;ESTACION PEREZ
13;NEEMBUCU;177;ISLA UMBU;4106;ESTACION SANTA MARIA
13;NEEMBUCU;177;ISLA UMBU;4107;ISLA UMBU (MUNICIPIO)
13;NEEMBUCU;177;ISLA UMBU;4108;ISLERIA
13;NEEMBUCU;177;ISLA UMBU;4109;LOMA CLAVEL
13;NEEMBUCU;177;ISLA UMBU;4110;NARANJITO
13;NEEMBUCU;177;ISLA UMBU;4111;TACURU PYTA
13;NEEMBUCU;177;ISLA UMBU;4112;VALLE POI
13;NEEMBUCU;177;ISLA UMBU;5791;COSTA PUCU
13;NEEMBUCU;178;LAURELES;4113;LAURELES
13;NEEMBUCU;178;LAURELES;4114;APIPE
13;NEEMBUCU;178;LAURELES;4115;CAAROGUE
13;NEEMBUCU;178;LAURELES;4116;CASTILLO CUE
13;NEEMBUCU;178;LAURELES;4117;COSTA PUCU
13;NEEMBUCU;178;LAURELES;4118;ESPINILLO
13;NEEMBUCU;178;LAURELES;4119;ISLA CABRERA
13;NEEMBUCU;178;LAURELES;4120;ISLA LOMA
13;NEEMBUCU;178;LAURELES;4121;ISLA SOLA
13;NEEMBUCU;178;LAURELES;4122;ISLA YRYBU
13;NEEMBUCU;178;LAURELES;4123;ISLERIA
13;NEEMBUCU;178;LAURELES;4124;LAURELES
13;NEEMBUCU;178;LAURELES;4125;PASO FLOR
13;NEEMBUCU;178;LAURELES;4126;PINDURA
13;NEEMBUCU;178;LAURELES;4127;POTRERO ESTECHE
13;NEEMBUCU;178;LAURELES;4128;POTRERO POI
13;NEEMBUCU;178;LAURELES;4129;SAN ANTONIO
13;NEEMBUCU;178;LAURELES;4130;YATAITY
13;NEEMBUCU;178;LAURELES;4131;ÑEEMBUCU MI
13;NEEMBUCU;179;PASO DE PATRIA;4132;PASO DE PATRIA
13;NEEMBUCU;179;PASO DE PATRIA;4133;COSTA PARANA
13;NEEMBUCU;179;PASO DE PATRIA;4134;ITA PIRU
13;NEEMBUCU;179;PASO DE PATRIA;4135;PASO CANOA
13;NEEMBUCU;179;PASO DE PATRIA;4136;PASO DE PATRIA (MUNICIPIO)
13;NEEMBUCU;180;MAYOR J.D.MARTINEZ;4137;MAYOR J.D.MARTINEZ
13;NEEMBUCU;180;MAYOR J.D.MARTINEZ;4138;1A.CIA.(CABRERA CUE)
13;NEEMBUCU;180;MAYOR J.D.MARTINEZ;4139;ALARCON
13;NEEMBUCU;180;MAYOR J.D.MARTINEZ;4140;CURUZU CUATIA GUAZU
13;NEEMBUCU;180;MAYOR J.D.MARTINEZ;4141;CURUZU CUATIA I
13;NEEMBUCU;180;MAYOR J.D.MARTINEZ;4142;ISLA CORA
13;NEEMBUCU;180;MAYOR J.D.MARTINEZ;4143;ISLA CORA 1A.
13;NEEMBUCU;180;MAYOR J.D.MARTINEZ;4144;ISLA CORA 2A.
13;NEEMBUCU;180;MAYOR J.D.MARTINEZ;4145;ISLA ROY
13;NEEMBUCU;180;MAYOR J.D.MARTINEZ;4146;LOMA I
13;NEEMBUCU;180;MAYOR J.D.MARTINEZ;4147;MAYOR MARTINEZ (MUNICIPIO)
13;NEEMBUCU;180;MAYOR J.D.MARTINEZ;4148;YATAITY
13;NEEMBUCU;181;SAN JUAN DE ÑEEMBUCU;4149;SAN JUAN DE ÑEEMBUCU
13;NEEMBUCU;181;SAN JUAN DE ÑEEMBUCU;4150;AGUIRRE
13;NEEMBUCU;181;SAN JUAN DE ÑEEMBUCU;4151;ALAMBRADO POI
13;NEEMBUCU;181;SAN JUAN DE ÑEEMBUCU;4152;CAMBA CUA
13;NEEMBUCU;181;SAN JUAN DE ÑEEMBUCU;4153;CARANDAYTY
13;NEEMBUCU;181;SAN JUAN DE ÑEEMBUCU;4154;CIUDAD NUEVA
13;NEEMBUCU;181;SAN JUAN DE ÑEEMBUCU;4155;CIA.OTAZU
13;NEEMBUCU;181;SAN JUAN DE ÑEEMBUCU;4156;COSTA PINDO
13;NEEMBUCU;181;SAN JUAN DE ÑEEMBUCU;4157;COSTA ROSADO
13;NEEMBUCU;181;SAN JUAN DE ÑEEMBUCU;4158;CUERVO BLANCO
13;NEEMBUCU;181;SAN JUAN DE ÑEEMBUCU;4159;ESTANCIA CIERVO BLANCO
13;NEEMBUCU;181;SAN JUAN DE ÑEEMBUCU;4160;ESTANCIA PIRITY (MASSEY)
13;NEEMBUCU;181;SAN JUAN DE ÑEEMBUCU;4161;ESTANCIA POTRERO PEREIRA
13;NEEMBUCU;181;SAN JUAN DE ÑEEMBUCU;4162;ESTANCIA ANGULO
13;NEEMBUCU;181;SAN JUAN DE ÑEEMBUCU;4163;ESTANCIA LOMA
13;NEEMBUCU;181;SAN JUAN DE ÑEEMBUCU;4164;ESTANCIA LOMITA
13;NEEMBUCU;181;SAN JUAN DE ÑEEMBUCU;4165;ESTANCIA SAN ANTONIO
13;NEEMBUCU;181;SAN JUAN DE ÑEEMBUCU;4166;ESTANCIA SAN FELIPE
13;NEEMBUCU;181;SAN JUAN DE ÑEEMBUCU;4167;ESTANCIA YACARE
13;NEEMBUCU;181;SAN JUAN DE ÑEEMBUCU;4168;ESTERO CAMBA
13;NEEMBUCU;181;SAN JUAN DE ÑEEMBUCU;4169;LAGUNA ITA
13;NEEMBUCU;181;SAN JUAN DE ÑEEMBUCU;4170;LOMA EIRA
13;NEEMBUCU;181;SAN JUAN DE ÑEEMBUCU;4171;PARAISO
13;NEEMBUCU;181;SAN JUAN DE ÑEEMBUCU;4172;POTRERO CABALLERO
13;NEEMBUCU;181;SAN JUAN DE ÑEEMBUCU;4173;POTRERO GONZALEZ
13;NEEMBUCU;181;SAN JUAN DE ÑEEMBUCU;4174;POTRERO TATAYYBA
13;NEEMBUCU;181;SAN JUAN DE ÑEEMBUCU;4175;PUESTO SAN JOSE
13;NEEMBUCU;181;SAN JUAN DE ÑEEMBUCU;4176;PUESTO 2A.CUE
13;NEEMBUCU;181;SAN JUAN DE ÑEEMBUCU;4177;PUESTO ALVARENGA
13;NEEMBUCU;181;SAN JUAN DE ÑEEMBUCU;4178;PUESTO BARRANQUERITA
13;NEEMBUCU;181;SAN JUAN DE ÑEEMBUCU;4179;PUESTO BENJAMIN
13;NEEMBUCU;181;SAN JUAN DE ÑEEMBUCU;4180;PUESTO CANTERO CUE
13;NEEMBUCU;181;SAN JUAN DE ÑEEMBUCU;4181;PUESTO JAVIELITO
13;NEEMBUCU;181;SAN JUAN DE ÑEEMBUCU;4182;PUESTO LIMA
13;NEEMBUCU;181;SAN JUAN DE ÑEEMBUCU;4183;PUESTO MALICHA (BLANCO CUE)
13;NEEMBUCU;181;SAN JUAN DE ÑEEMBUCU;4184;PUESTO MANDI'O
13;NEEMBUCU;181;SAN JUAN DE ÑEEMBUCU;4185;PUESTO OLAZAR
13;NEEMBUCU;181;SAN JUAN DE ÑEEMBUCU;4186;PUESTO RAMIREZ CUE
13;NEEMBUCU;181;SAN JUAN DE ÑEEMBUCU;4187;PUESTO REDONDO
13;NEEMBUCU;181;SAN JUAN DE ÑEEMBUCU;4188;PUESTO SAN BERNARDO
13;NEEMBUCU;181;SAN JUAN DE ÑEEMBUCU;4189;PUESTO SAN CARLOS
13;NEEMBUCU;181;SAN JUAN DE ÑEEMBUCU;4190;PUESTO SAN JOSE
13;NEEMBUCU;181;SAN JUAN DE ÑEEMBUCU;4191;PUESTO SANJITA
13;NEEMBUCU;181;SAN JUAN DE ÑEEMBUCU;4192;PUESTO YBAJHAI
13;NEEMBUCU;181;SAN JUAN DE ÑEEMBUCU;4193;PUESTO ÑU PYAJHU
13;NEEMBUCU;181;SAN JUAN DE ÑEEMBUCU;4194;PUESTO SAN JOSE
13;NEEMBUCU;181;SAN JUAN DE ÑEEMBUCU;4195;SAN JUAN ÑEEMBUCU (MUNICIPIO)
13;NEEMBUCU;182;TACUARAS;4196;TACUARAS
13;NEEMBUCU;182;TACUARAS;4197;BANCO CARRIZAL
13;NEEMBUCU;182;TACUARAS;4198;CAMPO MARTINEZ
13;NEEMBUCU;182;TACUARAS;4199;ESTACION CARLOS CUE
13;NEEMBUCU;182;TACUARAS;4200;POTRERO YBYÑAI
13;NEEMBUCU;183;VILLA OLIVA;4201;VILLA OLIVA
13;NEEMBUCU;183;VILLA OLIVA;4202;ALBADON
13;NEEMBUCU;183;VILLA OLIVA;4203;BEDOYA
13;NEEMBUCU;183;VILLA OLIVA;4204;BOTERETE
13;NEEMBUCU;183;VILLA OLIVA;4205;CUATRO VIENTO
13;NEEMBUCU;183;VILLA OLIVA;4206;DERLI CUE
13;NEEMBUCU;183;VILLA OLIVA;4207;ESTACION ISLA GUAZU
13;NEEMBUCU;183;VILLA OLIVA;4208;MONTERO
13;NEEMBUCU;183;VILLA OLIVA;4209;PUERTO MARIANITO
13;NEEMBUCU;183;VILLA OLIVA;4210;PUERTO MARITE
13;NEEMBUCU;183;VILLA OLIVA;4211;PUERTO PARAISO
13;NEEMBUCU;183;VILLA OLIVA;4212;PUERTO VICTORIA
13;NEEMBUCU;183;VILLA OLIVA;4213;VALLE PUCU
13;NEEMBUCU;183;VILLA OLIVA;4214;VILLA OLIVA (MUNICIPIO)
13;NEEMBUCU;183;VILLA OLIVA;4215;YBY ATA
13;NEEMBUCU;183;VILLA OLIVA;4216;YBYRA PYTA
13;NEEMBUCU;184;VILLALBIN;4239;VILLALBIN
13;NEEMBUCU;184;VILLALBIN;4240;CIA.ISLA YRYBU
13;NEEMBUCU;184;VILLALBIN;4241;CIA.POTRERO
13;NEEMBUCU;184;VILLALBIN;4242;ESTERO BELLACO
13;NEEMBUCU;184;VILLALBIN;4243;ESTERO CENIZALES
13;NEEMBUCU;184;VILLALBIN;4244;ESTERO PIKYRY
13;NEEMBUCU;184;VILLALBIN;4245;ESTERO VACAPI
13;NEEMBUCU;184;VILLALBIN;4246;ISLA CADENA
13;NEEMBUCU;184;VILLALBIN;4247;MANANTIALES
13;NEEMBUCU;184;VILLALBIN;5795;CIA.SAN SEBASTIAN MI
13;NEEMBUCU;184;VILLALBIN;5796;ISLA LATRADERO
13;NEEMBUCU;203;GRAL.JOSE EDUVIGIS DIAZ;5474;GRAL.JOSE EDUVIGIS DIAZ
13;NEEMBUCU;203;GRAL.JOSE EDUVIGIS DIAZ;5475;CAMPAMENTO CUE
13;NEEMBUCU;203;GRAL.JOSE EDUVIGIS DIAZ;5476;CARRIZAL
13;NEEMBUCU;203;GRAL.JOSE EDUVIGIS DIAZ;5477;ESTERO BELLACO
13;NEEMBUCU;203;GRAL.JOSE EDUVIGIS DIAZ;5478;GRAL.DIAZ (MUNICIPIO)
13;NEEMBUCU;203;GRAL.JOSE EDUVIGIS DIAZ;5478;GRAL.DIAZ (MUNICIPIO)
13;NEEMBUCU;203;GRAL.JOSE EDUVIGIS DIAZ;5478;GRAL.DIAZ (MUNICIPIO)
13;NEEMBUCU;203;GRAL.JOSE EDUVIGIS DIAZ;5478;GRAL.DIAZ (MUNICIPIO)
13;NEEMBUCU;203;GRAL.JOSE EDUVIGIS DIAZ;5479;LOMA GUAZU
13;NEEMBUCU;203;GRAL.JOSE EDUVIGIS DIAZ;5480;LOMA 1
13;NEEMBUCU;203;GRAL.JOSE EDUVIGIS DIAZ;5481;PUESTO TORRES
13;NEEMBUCU;203;GRAL.JOSE EDUVIGIS DIAZ;5482;YUQUERI
13;NEEMBUCU;205;VILLA FRANCA;4217;VILLA FRANCA
13;NEEMBUCU;205;VILLA FRANCA;4218;BANCO PARAGUAY
13;NEEMBUCU;205;VILLA FRANCA;4219;BANCO PIRAY
13;NEEMBUCU;205;VILLA FRANCA;4220;BANCO TATUCUA
13;NEEMBUCU;205;VILLA FRANCA;4221;ESTANCIA AGATAPE
13;NEEMBUCU;205;VILLA FRANCA;4222;ESTANCIA CAMBUCHI
13;NEEMBUCU;205;VILLA FRANCA;4223;ESTANCIA FERRARO
13;NEEMBUCU;205;VILLA FRANCA;4224;ESTANCIA HERRADURA
13;NEEMBUCU;205;VILLA FRANCA;4225;ESTANCIA LA ESPERANZA
13;NEEMBUCU;205;VILLA FRANCA;4226;ESTANCIA MCAL.LOPEZ
13;NEEMBUCU;205;VILLA FRANCA;4227;ESTANCIA PUNTA ELENA
13;NEEMBUCU;205;VILLA FRANCA;4228;ESTANCIA SAN JOSE
13;NEEMBUCU;205;VILLA FRANCA;4229;MARTA CUE
13;NEEMBUCU;205;VILLA FRANCA;4230;PLATERO CUE
13;NEEMBUCU;205;VILLA FRANCA;4231;POTRERO BANCO
13;NEEMBUCU;205;VILLA FRANCA;4232;POTRERO VARGAS
13;NEEMBUCU;205;VILLA FRANCA;4233;PUERTO VICTORIA
13;NEEMBUCU;205;VILLA FRANCA;4234;RETIRO CAMPINCHO CUA
13;NEEMBUCU;205;VILLA FRANCA;4235;ROI CUE
13;NEEMBUCU;205;VILLA FRANCA;4236;SANTA TERESA
13;NEEMBUCU;205;VILLA FRANCA;4237;VILLA FRANCA (MUNICIPIO)
13;NEEMBUCU;205;VILLA FRANCA;4238;VISCAYA
13;NEEMBUCU;205;VILLA FRANCA;5792;ISLA REAL
13;NEEMBUCU;205;VILLA FRANCA;5793;PUERTO TARUMA
13;NEEMBUCU;205;VILLA FRANCA;5794;SEBASTIAN GABOTO
13;NEEMBUCU;230;VILLA FRANCA;4596;CARANDAYTY
13;NEEMBUCU;231;VILLALBIN;4597;TENIENTE SANCHEZ
14;AMAMBAY;185;PEDRO JUAN CABALLERO;2306;COL.SAN VICENTE
14;AMAMBAY;185;PEDRO JUAN CABALLERO;2307;COL.VICTORIA GUAZU
14;AMAMBAY;185;PEDRO JUAN CABALLERO;2308;CIA.INDUSTRIAL AQUIDABAN
14;AMAMBAY;185;PEDRO JUAN CABALLERO;2309;CONSUELO
14;AMAMBAY;185;PEDRO JUAN CABALLERO;2310;CORRALITO
14;AMAMBAY;185;PEDRO JUAN CABALLERO;2311;CUCHARA
14;AMAMBAY;185;PEDRO JUAN CABALLERO;2312;CURURU
14;AMAMBAY;185;PEDRO JUAN CABALLERO;2313;CURUZU-I
14;AMAMBAY;185;PEDRO JUAN CABALLERO;2314;ESTABLECIMIENTO ÑU PORA
14;AMAMBAY;185;PEDRO JUAN CABALLERO;2315;ESTANCIA LAGUNA PORA
14;AMAMBAY;185;PEDRO JUAN CABALLERO;2316;ESTANCIA PIRA POTRERO
14;AMAMBAY;185;PEDRO JUAN CABALLERO;2317;ESTANCIA RUIZ
14;AMAMBAY;185;PEDRO JUAN CABALLERO;2318;ESTANCIA SAN LUIS
14;AMAMBAY;185;PEDRO JUAN CABALLERO;2319;ESTANCIA Y PYTA
14;AMAMBAY;185;PEDRO JUAN CABALLERO;2320;ESTANCIA ÑANDEYARA PASO
14;AMAMBAY;185;PEDRO JUAN CABALLERO;2321;ESTRELLA TUYA
14;AMAMBAY;185;PEDRO JUAN CABALLERO;2322;EXCOMBATIENTE
14;AMAMBAY;185;PEDRO JUAN CABALLERO;2323;EXCOMBATIENTE 2A.Y 3A.ZONA
14;AMAMBAY;185;PEDRO JUAN CABALLERO;2324;FADEMA
14;AMAMBAY;185;PEDRO JUAN CABALLERO;2325;FORTUNA GUAZU
14;AMAMBAY;185;PEDRO JUAN CABALLERO;2326;GAZORY
14;AMAMBAY;185;PEDRO JUAN CABALLERO;2327;GUAVIRA 3A.ZONA
14;AMAMBAY;185;PEDRO JUAN CABALLERO;2328;GUAYAIBI
14;AMAMBAY;185;PEDRO JUAN CABALLERO;2329;GUAYAIBI (1A.)
14;AMAMBAY;185;PEDRO JUAN CABALLERO;2330;ITAKYRY
14;AMAMBAY;185;PEDRO JUAN CABALLERO;2331;ITA BOZA-I
14;AMAMBAY;185;PEDRO JUAN CABALLERO;2332;ITA POPO
14;AMAMBAY;185;PEDRO JUAN CABALLERO;2333;KOCOE
14;AMAMBAY;185;PEDRO JUAN CABALLERO;2334;LAGUANA PORA
14;AMAMBAY;185;PEDRO JUAN CABALLERO;2335;LOTE 4 WEAVER
14;AMAMBAY;185;PEDRO JUAN CABALLERO;2336;MAFUCCI I
14;AMAMBAY;185;PEDRO JUAN CABALLERO;2337;MARANGATU
14;AMAMBAY;185;PEDRO JUAN CABALLERO;2338;MOROTINGUE
14;AMAMBAY;185;PEDRO JUAN CABALLERO;2339;NARANJATY
14;AMAMBAY;185;PEDRO JUAN CABALLERO;2340;NUEVA AURORA
14;AMAMBAY;185;PEDRO JUAN CABALLERO;2341;OCULTO
14;AMAMBAY;185;PEDRO JUAN CABALLERO;2342;PARQUE NACIONAL CERRO CORA
14;AMAMBAY;185;PEDRO JUAN CABALLERO;2343;PASO AQUIDABAN
14;AMAMBAY;185;PEDRO JUAN CABALLERO;2344;PASO JHU
14;AMAMBAY;185;PEDRO JUAN CABALLERO;2345;PASO ÑANDEYARA
14;AMAMBAY;185;PEDRO JUAN CABALLERO;2346;PATRICIA
14;AMAMBAY;185;PEDRO JUAN CABALLERO;2347;PEDRO JUAN CABALLERO (MUNIC.)
14;AMAMBAY;185;PEDRO JUAN CABALLERO;2347;PEDRO JUAN CABALLERO (MUNIC.)
14;AMAMBAY;185;PEDRO JUAN CABALLERO;2347;PEDRO JUAN CABALLERO (MUNIC.)
14;AMAMBAY;185;PEDRO JUAN CABALLERO;2347;PEDRO JUAN CABALLERO (MUNIC.)
14;AMAMBAY;185;PEDRO JUAN CABALLERO;2347;PEDRO JUAN CABALLERO (MUNIC.)
14;AMAMBAY;185;PEDRO JUAN CABALLERO;2347;PEDRO JUAN CABALLERO (MUNIC.)
14;AMAMBAY;185;PEDRO JUAN CABALLERO;2347;PEDRO JUAN CABALLERO (MUNIC.)
14;AMAMBAY;185;PEDRO JUAN CABALLERO;2347;PEDRO JUAN CABALLERO (MUNIC.)
14;AMAMBAY;185;PEDRO JUAN CABALLERO;2347;PEDRO JUAN CABALLERO (MUNIC.)
14;AMAMBAY;185;PEDRO JUAN CABALLERO;2347;PEDRO JUAN CABALLERO (MUNIC.)
14;AMAMBAY;185;PEDRO JUAN CABALLERO;2347;PEDRO JUAN CABALLERO (MUNIC.)
14;AMAMBAY;185;PEDRO JUAN CABALLERO;2347;PEDRO JUAN CABALLERO (MUNIC.)
14;AMAMBAY;185;PEDRO JUAN CABALLERO;2347;PEDRO JUAN CABALLERO (MUNIC.)
14;AMAMBAY;185;PEDRO JUAN CABALLERO;2347;PEDRO JUAN CABALLERO (MUNIC.)
14;AMAMBAY;185;PEDRO JUAN CABALLERO;2348;PIKY
14;AMAMBAY;185;PEDRO JUAN CABALLERO;2349;PIKY CUA
14;AMAMBAY;185;PEDRO JUAN CABALLERO;2350;PIKYSYRY
14;AMAMBAY;185;PEDRO JUAN CABALLERO;2351;PINDOTY
14;AMAMBAY;185;PEDRO JUAN CABALLERO;2352;PIRAY POTRERO
14;AMAMBAY;185;PEDRO JUAN CABALLERO;2353;PORTERA ORTIZ
14;AMAMBAY;185;PEDRO JUAN CABALLERO;2354;POTRERO-I CALLE 1A.
14;AMAMBAY;185;PEDRO JUAN CABALLERO;2355;POTRERO-I CALLE 2A.
14;AMAMBAY;185;PEDRO JUAN CABALLERO;2356;POTRERO CURURU
14;AMAMBAY;185;PEDRO JUAN CABALLERO;2357;POTRERO LAGUANA PYTA
14;AMAMBAY;185;PEDRO JUAN CABALLERO;2358;POTRERO MAFUCCI
14;AMAMBAY;185;PEDRO JUAN CABALLERO;2359;POTRERO SANTIAGO
14;AMAMBAY;185;PEDRO JUAN CABALLERO;2360;POTRERO SUR
14;AMAMBAY;185;PEDRO JUAN CABALLERO;2361;PUNTA PORA ÑU
14;AMAMBAY;185;PEDRO JUAN CABALLERO;2362;PUNTA VACAPI
14;AMAMBAY;185;PEDRO JUAN CABALLERO;2363;REPUBLICA
14;AMAMBAY;185;PEDRO JUAN CABALLERO;2364;RETIRO CAPIIBARY CABECERA
14;AMAMBAY;185;PEDRO JUAN CABALLERO;2365;RETIRO
14;AMAMBAY;185;PEDRO JUAN CABALLERO;2366;RINCON ZENON ORTIZ
14;AMAMBAY;185;PEDRO JUAN CABALLERO;2367;RINCON DE JULIO
14;AMAMBAY;185;PEDRO JUAN CABALLERO;2368;SAN FRANCISCO
14;AMAMBAY;185;PEDRO JUAN CABALLERO;2369;SAN JUAN
14;AMAMBAY;185;PEDRO JUAN CABALLERO;2370;SAN LUIS
14;AMAMBAY;185;PEDRO JUAN CABALLERO;2371;SANTA MARIA I
14;AMAMBAY;185;PEDRO JUAN CABALLERO;2372;SAPUCAI
14;AMAMBAY;185;PEDRO JUAN CABALLERO;2373;SERENO
14;AMAMBAY;185;PEDRO JUAN CABALLERO;2374;SINDICATURA
14;AMAMBAY;185;PEDRO JUAN CABALLERO;2375;TACUARA RAPO
14;AMAMBAY;185;PEDRO JUAN CABALLERO;2376;TABARE CUE
14;AMAMBAY;185;PEDRO JUAN CABALLERO;2377;TAYY
14;AMAMBAY;185;PEDRO JUAN CABALLERO;2378;TERCERA-I
14;AMAMBAY;185;PEDRO JUAN CABALLERO;2379;TEYU POTRERO
14;AMAMBAY;185;PEDRO JUAN CABALLERO;2380;TORORO
14;AMAMBAY;185;PEDRO JUAN CABALLERO;2381;TRABAJADO YBY YAU
14;AMAMBAY;185;PEDRO JUAN CABALLERO;2382;VACARAY
14;AMAMBAY;185;PEDRO JUAN CABALLERO;2383;VICTORIA I
14;AMAMBAY;185;PEDRO JUAN CABALLERO;2384;VICTORIA I CALLE 1A.
14;AMAMBAY;185;PEDRO JUAN CABALLERO;2385;YAGUARY
14;AMAMBAY;185;PEDRO JUAN CABALLERO;2386;YAGUA VARA
14;AMAMBAY;185;PEDRO JUAN CABALLERO;2387;YAMBUE
14;AMAMBAY;185;PEDRO JUAN CABALLERO;2388;YATEBU-I
14;AMAMBAY;185;PEDRO JUAN CABALLERO;2389;YBY PYTA
14;AMAMBAY;185;PEDRO JUAN CABALLERO;2390;YBY ATAI(TIMBO-I)
14;AMAMBAY;185;PEDRO JUAN CABALLERO;2391;YBYRARAPO
14;AMAMBAY;185;PEDRO JUAN CABALLERO;2392;YBY YAU
14;AMAMBAY;185;PEDRO JUAN CABALLERO;2393;YBY YU
14;AMAMBAY;185;PEDRO JUAN CABALLERO;2394;YERBAL CERRITO
14;AMAMBAY;185;PEDRO JUAN CABALLERO;2395;YHAGUY
14;AMAMBAY;185;PEDRO JUAN CABALLERO;2396;YSAU
14;AMAMBAY;185;PEDRO JUAN CABALLERO;2397;YU AMBUE
14;AMAMBAY;185;PEDRO JUAN CABALLERO;2398;ZANJA PYTA
14;AMAMBAY;185;PEDRO JUAN CABALLERO;2399;ZENON ORTIZ
14;AMAMBAY;185;PEDRO JUAN CABALLERO;2400;ÑANDEYARA
14;AMAMBAY;185;PEDRO JUAN CABALLERO;2401;ÑATIA CAÑADA
14;AMAMBAY;185;PEDRO JUAN CABALLERO;4248;PEDRO JUAN CABALLERO
14;AMAMBAY;185;PEDRO JUAN CABALLERO;4249;1A. ADMINISTRACION
14;AMAMBAY;185;PEDRO JUAN CABALLERO;4250;2A.(YBY YAU)
14;AMAMBAY;185;PEDRO JUAN CABALLERO;4251;2A.ADMINISTRACION PIRE
14;AMAMBAY;185;PEDRO JUAN CABALLERO;4252;2A.ZONA DE MOROTINGUE
14;AMAMBAY;185;PEDRO JUAN CABALLERO;4253;2A.Y 3A.ZONA DE PYKY
14;AMAMBAY;185;PEDRO JUAN CABALLERO;4254;4A.CERRO MOJON
14;AMAMBAY;185;PEDRO JUAN CABALLERO;4255;5A.ADMINISTRACION TATU PIRE
14;AMAMBAY;185;PEDRO JUAN CABALLERO;4256;5A.ZONA CALLE MOJON
14;AMAMBAY;185;PEDRO JUAN CABALLERO;4257;ADMINISTRACION MASSON
14;AMAMBAY;185;PEDRO JUAN CABALLERO;4258;AÑARETA
14;AMAMBAY;185;PEDRO JUAN CABALLERO;4259;BEATO ROQUE GONZALEZ
14;AMAMBAY;185;PEDRO JUAN CABALLERO;4260;CABECERA AQUIDABAN
14;AMAMBAY;185;PEDRO JUAN CABALLERO;4261;CABECERA PASO JHU
14;AMAMBAY;185;PEDRO JUAN CABALLERO;4262;CABECERITA
14;AMAMBAY;185;PEDRO JUAN CABALLERO;4263;CAFETAL AMARO CUE
14;AMAMBAY;185;PEDRO JUAN CABALLERO;4264;CAFETAL BRASIL
14;AMAMBAY;185;PEDRO JUAN CABALLERO;4265;CAFETAL ESTRELLA
14;AMAMBAY;185;PEDRO JUAN CABALLERO;4266;CAFETAL PABLISTA
14;AMAMBAY;185;PEDRO JUAN CABALLERO;4267;CAFETAL RINCON DE JULIO
14;AMAMBAY;185;PEDRO JUAN CABALLERO;4268;CAFETAL SAN ANTONIO
14;AMAMBAY;185;PEDRO JUAN CABALLERO;4269;CAFETAL 3 PALOS
14;AMAMBAY;185;PEDRO JUAN CABALLERO;4270;CAFETAL URUGUAYA (DEL NORTE)
14;AMAMBAY;185;PEDRO JUAN CABALLERO;4271;CAFETAL VIRGINIA
14;AMAMBAY;185;PEDRO JUAN CABALLERO;4272;CALLE 1A.
14;AMAMBAY;185;PEDRO JUAN CABALLERO;4273;CALLEJON 1A.
14;AMAMBAY;185;PEDRO JUAN CABALLERO;4274;CALLEJON 25
14;AMAMBAY;185;PEDRO JUAN CABALLERO;4275;CALLEJON BRASIL
14;AMAMBAY;185;PEDRO JUAN CABALLERO;4276;CALLEJON GRAL.GENES
14;AMAMBAY;185;PEDRO JUAN CABALLERO;4277;CALLEJON PIKYSYRY
14;AMAMBAY;185;PEDRO JUAN CABALLERO;4278;CALLEJON SANTA MARIA
14;AMAMBAY;185;PEDRO JUAN CABALLERO;4279;CALLEJON SANTA ROSA
14;AMAMBAY;185;PEDRO JUAN CABALLERO;4280;CAMPO FLOR
14;AMAMBAY;185;PEDRO JUAN CABALLERO;4281;CANADIENSE
14;AMAMBAY;185;PEDRO JUAN CABALLERO;4282;CAPIIBARY
14;AMAMBAY;185;PEDRO JUAN CABALLERO;4283;CARPINTERIA CUE
14;AMAMBAY;185;PEDRO JUAN CABALLERO;4284;CAI JHA
14;AMAMBAY;185;PEDRO JUAN CABALLERO;4285;CAI MEMBY
14;AMAMBAY;185;PEDRO JUAN CABALLERO;4286;CAÑADA AQUIDABAN
14;AMAMBAY;185;PEDRO JUAN CABALLERO;4287;CAÑADA SAN ANTONIO
14;AMAMBAY;185;PEDRO JUAN CABALLERO;4288;CERRO ACEITE B-1-4
14;AMAMBAY;185;PEDRO JUAN CABALLERO;4289;CERRO AYGATA
14;AMAMBAY;185;PEDRO JUAN CABALLERO;4290;CERRO BOBO
14;AMAMBAY;185;PEDRO JUAN CABALLERO;4291;CERRO BOBO I
14;AMAMBAY;185;PEDRO JUAN CABALLERO;4292;CERRO CORA
14;AMAMBAY;185;PEDRO JUAN CABALLERO;4293;CERRO CUA
14;AMAMBAY;185;PEDRO JUAN CABALLERO;4294;CERRO GUY
14;AMAMBAY;185;PEDRO JUAN CABALLERO;4295;CERRO LIBERAL
14;AMAMBAY;185;PEDRO JUAN CABALLERO;4296;CERRO LORITO
14;AMAMBAY;185;PEDRO JUAN CABALLERO;4297;CERRO MEMBY
14;AMAMBAY;185;PEDRO JUAN CABALLERO;4298;CERRO MOJON
14;AMAMBAY;185;PEDRO JUAN CABALLERO;4299;CERRO PERO
14;AMAMBAY;185;PEDRO JUAN CABALLERO;4300;CERRO PIKYSYRY
14;AMAMBAY;185;PEDRO JUAN CABALLERO;4301;CHACURRU
14;AMAMBAY;185;PEDRO JUAN CABALLERO;4302;CHIRIGUELO I 2A.ZONA
14;AMAMBAY;185;PEDRO JUAN CABALLERO;4303;CHIRIGUELO
14;AMAMBAY;185;PEDRO JUAN CABALLERO;4304;CHIRIGUELO I 1A.ZONA
14;AMAMBAY;185;PEDRO JUAN CABALLERO;4305;CIERVO
14;AMAMBAY;185;PEDRO JUAN CABALLERO;4306;COGOE-I
14;AMAMBAY;185;PEDRO JUAN CABALLERO;4307;COL.AMARO CUE
14;AMAMBAY;185;PEDRO JUAN CABALLERO;4308;COL.AQUIDABAN
14;AMAMBAY;185;PEDRO JUAN CABALLERO;4309;COL.CERRO APUA
14;AMAMBAY;185;PEDRO JUAN CABALLERO;4310;COL.CERRO CORA M-A
14;AMAMBAY;185;PEDRO JUAN CABALLERO;4311;COL.CERRO CORA M-B-1
14;AMAMBAY;185;PEDRO JUAN CABALLERO;4312;COL.CERRO CORA M-B-2
14;AMAMBAY;185;PEDRO JUAN CABALLERO;4313;COL.CERRO CORA M-C
14;AMAMBAY;185;PEDRO JUAN CABALLERO;4314;COL.EXCOMBATIENTES 2A.ZONA
14;AMAMBAY;185;PEDRO JUAN CABALLERO;4315;COL. GUAVIRA
14;AMAMBAY;185;PEDRO JUAN CABALLERO;4316;COL.JAPONESA
14;AMAMBAY;185;PEDRO JUAN CABALLERO;4317;COL.NARANJA JHAI
14;AMAMBAY;185;PEDRO JUAN CABALLERO;4318;COL.PROSPERIDAD
14;AMAMBAY;185;PEDRO JUAN CABALLERO;4319;COL.PUNTA PORA
14;AMAMBAY;185;PEDRO JUAN CABALLERO;4320;COL.SAN JUAN
14;AMAMBAY;185;PEDRO JUAN CABALLERO;5797;2A.ZONA COLONIA NEA
14;AMAMBAY;185;PEDRO JUAN CABALLERO;5798;ADMINISTRACION FORTUNA I
14;AMAMBAY;185;PEDRO JUAN CABALLERO;5799;CACHIMBO
14;AMAMBAY;185;PEDRO JUAN CABALLERO;5800;CAFETAL PARACANUSE
14;AMAMBAY;185;PEDRO JUAN CABALLERO;6315;COL.VICE PTE.SANCHEZ
14;AMAMBAY;185;PEDRO JUAN CABALLERO;6316;CUMBRE
14;AMAMBAY;186;BELLA VISTA;2402;BELLA VISTA
14;AMAMBAY;186;BELLA VISTA;2403;ARROYO CAA
14;AMAMBAY;186;BELLA VISTA;2404;ARROYO LEON
14;AMAMBAY;186;BELLA VISTA;2405;ARROYO YBYGUY
14;AMAMBAY;186;BELLA VISTA;2406;AYALA CUE
14;AMAMBAY;186;BELLA VISTA;2407;BELLA VISTA (MUNICIPIO)
14;AMAMBAY;186;BELLA VISTA;2407;BELLA VISTA (MUNICIPIO)
14;AMAMBAY;186;BELLA VISTA;2407;BELLA VISTA (MUNICIPIO)
14;AMAMBAY;186;BELLA VISTA;2407;BELLA VISTA (MUNICIPIO)
14;AMAMBAY;186;BELLA VISTA;2407;BELLA VISTA (MUNICIPIO)
14;AMAMBAY;186;BELLA VISTA;2407;BELLA VISTA (MUNICIPIO)
14;AMAMBAY;186;BELLA VISTA;2408;CABAYU Y
14;AMAMBAY;186;BELLA VISTA;2409;CASUALIDAD
14;AMAMBAY;186;BELLA VISTA;2410;COL.CERRO POI
14;AMAMBAY;186;BELLA VISTA;2411;COL.CERRO TRANQUERITA
14;AMAMBAY;186;BELLA VISTA;2412;COL.SARGENTO DURE
14;AMAMBAY;186;BELLA VISTA;2413;ESTANCIA APAMI
14;AMAMBAY;186;BELLA VISTA;2414;ESTANCIA ARAMBURU
14;AMAMBAY;186;BELLA VISTA;2415;ESTANCIA ARROYO 1A.
14;AMAMBAY;186;BELLA VISTA;2416;ESTANCIA BARRERO
14;AMAMBAY;186;BELLA VISTA;2417;ESTANCIA BEDOYA
14;AMAMBAY;186;BELLA VISTA;2418;ESTANCIA CARMEN DE LA SIERRA
14;AMAMBAY;186;BELLA VISTA;2419;ESTANCIA CIERVO
14;AMAMBAY;186;BELLA VISTA;2420;ESTANCIA DUARTE CUE
14;AMAMBAY;186;BELLA VISTA;2421;ESTANCIA GUARANI
14;AMAMBAY;186;BELLA VISTA;2422;ESTANCIA LAS MERCEDES
14;AMAMBAY;186;BELLA VISTA;2423;ESTANCIA LOMA
14;AMAMBAY;186;BELLA VISTA;2424;ESTANCIA PINDURACUE
14;AMAMBAY;186;BELLA VISTA;2425;ESTANCIA POSITO
14;AMAMBAY;186;BELLA VISTA;2426;ESTANCIA SAN ALFREDO
14;AMAMBAY;186;BELLA VISTA;2427;ESTANCIA SAN CARLOS
14;AMAMBAY;186;BELLA VISTA;2428;ESTANCIA SAN JOSE
14;AMAMBAY;186;BELLA VISTA;2429;ESTANCIA SAN JUAN (NORTE)
14;AMAMBAY;186;BELLA VISTA;2430;ESTANCIA SAN LORENZO
14;AMAMBAY;186;BELLA VISTA;2431;ESTANCIA SAN ROQUE
14;AMAMBAY;186;BELLA VISTA;2432;ESTANCIA SAN VICTOR
14;AMAMBAY;186;BELLA VISTA;2433;ESTANCIA SANTA AMALIA
14;AMAMBAY;186;BELLA VISTA;2434;ESTANCIA SANTA LINA
14;AMAMBAY;186;BELLA VISTA;2435;ESTANCIA SANTA NIDIA
14;AMAMBAY;186;BELLA VISTA;2436;ESTANCIA YBU MI
14;AMAMBAY;186;BELLA VISTA;2437;ESTANCIA ZEPELLO
14;AMAMBAY;186;BELLA VISTA;2438;ESTANCIA ÑU POI
14;AMAMBAY;186;BELLA VISTA;2439;INVERNADA YATEBU
14;AMAMBAY;186;BELLA VISTA;2440;ISLA ALTA
14;AMAMBAY;186;BELLA VISTA;2441;OBRAJE ZUBIZARRETA
14;AMAMBAY;186;BELLA VISTA;2442;OVELAR CUE
14;AMAMBAY;186;BELLA VISTA;2443;PUENTE KYJHA
14;AMAMBAY;186;BELLA VISTA;2444;PUESTO SANTA RITA
14;AMAMBAY;186;BELLA VISTA;2445;ESTANCIA TOLDO CUE
14;AMAMBAY;186;BELLA VISTA;2446;RETIRO ALEGRIA
14;AMAMBAY;186;BELLA VISTA;2447;RETIRO APA MI
14;AMAMBAY;186;BELLA VISTA;2448;RETIRO CERRO ACANGUE
14;AMAMBAY;186;BELLA VISTA;2449;RETIRO CHAMIZO
14;AMAMBAY;186;BELLA VISTA;2450;RETIRO LOMA I
14;AMAMBAY;186;BELLA VISTA;2451;RETIRO LOMA PORA
14;AMAMBAY;186;BELLA VISTA;2452;RETIRO LOMA PORA 2A.
14;AMAMBAY;186;BELLA VISTA;2453;RETIRO MARGARITA
14;AMAMBAY;186;BELLA VISTA;2454;RETIRO NAPEGUE
14;AMAMBAY;186;BELLA VISTA;2455;RETIRO NOAGA
14;AMAMBAY;186;BELLA VISTA;2456;RETIRO OLIVA
14;AMAMBAY;186;BELLA VISTA;2457;RETIRO PAÑUELO
14;AMAMBAY;186;BELLA VISTA;2458;RETIRO PEGUAJHO
14;AMAMBAY;186;BELLA VISTA;2459;RETIRO PENSAMIENTO
14;AMAMBAY;186;BELLA VISTA;2460;RETIRO PYPUCU
14;AMAMBAY;186;BELLA VISTA;2461;RETIRO PYSYRY
14;AMAMBAY;186;BELLA VISTA;2462;RETIRO RINCONADA
14;AMAMBAY;186;BELLA VISTA;2463;RETIRO RUDA
14;AMAMBAY;186;BELLA VISTA;2464;RETIRO SAN PABLO
14;AMAMBAY;186;BELLA VISTA;2465;RETIRO SANTA LUISA
14;AMAMBAY;186;BELLA VISTA;2466;RETIRO SANTA RITA
14;AMAMBAY;186;BELLA VISTA;2467;RETIRO SUCIA
14;AMAMBAY;186;BELLA VISTA;2468;RETIRO TORO PASO
14;AMAMBAY;186;BELLA VISTA;2469;RETIRO TRANQUERITA
14;AMAMBAY;186;BELLA VISTA;2470;SAN JOSE
14;AMAMBAY;186;BELLA VISTA;2471;SANTA ELISA
14;AMAMBAY;186;BELLA VISTA;2472;SANTA TERESA
14;AMAMBAY;186;BELLA VISTA;2473;SANTO DOMINGO
14;AMAMBAY;186;BELLA VISTA;2474;SOBERANA
14;AMAMBAY;186;BELLA VISTA;2475;YARAGUA
14;AMAMBAY;186;BELLA VISTA;2476;YUGO PENGUE
14;AMAMBAY;186;BELLA VISTA;6317;ESTANCIA SAN JUAN (SUR)
14;AMAMBAY;186;BELLA VISTA;6318;ESTANCIA SANTA VICTORIA
14;AMAMBAY;186;BELLA VISTA;6319;LA MILAGROSA
14;AMAMBAY;186;BELLA VISTA;6320;RANCHO ALEGRE
14;AMAMBAY;186;BELLA VISTA;6321;RETIRO FAUSTINO CUE
14;AMAMBAY;186;BELLA VISTA;6322;RETIRO NARZISA
14;AMAMBAY;186;BELLA VISTA;6323;RETIRO PILETA
14;AMAMBAY;186;BELLA VISTA;6324;RETIRO SAN NICOLAS
14;AMAMBAY;186;BELLA VISTA;6325;RODEO TAPE
14;AMAMBAY;187;CAPITAN BADO;2477;CAPITAN BADO
14;AMAMBAY;187;CAPITAN BADO;2478;6 DE DICIEMBRE
14;AMAMBAY;187;CAPITAN BADO;2479;ACUTI
14;AMAMBAY;187;CAPITAN BADO;2480;AGUAPEY
14;AMAMBAY;187;CAPITAN BADO;2481;AGUARA
14;AMAMBAY;187;CAPITAN BADO;2482;ARROYITO
14;AMAMBAY;187;CAPITAN BADO;2483;ASERRADERO CANECA
14;AMAMBAY;187;CAPITAN BADO;2484;BONANZA
14;AMAMBAY;187;CAPITAN BADO;2485;BOQUERON
14;AMAMBAY;187;CAPITAN BADO;2486;CA'A POTY
14;AMAMBAY;187;CAPITAN BADO;2487;CAAGUY POTY
14;AMAMBAY;187;CAPITAN BADO;2488;CAAZAPAMI PARAGUAY
14;AMAMBAY;187;CAPITAN BADO;2489;CABECERA CURUPAY
14;AMAMBAY;187;CAPITAN BADO;2490;CABEZADITA
14;AMAMBAY;187;CAPITAN BADO;2491;CAFETAL ASSAMI
14;AMAMBAY;187;CAPITAN BADO;2492;CAFETAL CARRERO
14;AMAMBAY;187;CAPITAN BADO;2493;CAFETAL CERRO CUATIA
14;AMAMBAY;187;CAPITAN BADO;2494;CAFETAL DEL CERRO
14;AMAMBAY;187;CAPITAN BADO;2495;CAMPAÑA I
14;AMAMBAY;187;CAPITAN BADO;2496;CAMPO WUIS
14;AMAMBAY;187;CAPITAN BADO;2497;CAPITAN BADO (MUNICIPIO)
14;AMAMBAY;187;CAPITAN BADO;2497;CAPITAN BADO (MUNICIPIO)
14;AMAMBAY;187;CAPITAN BADO;2497;CAPITAN BADO (MUNICIPIO)
14;AMAMBAY;187;CAPITAN BADO;2497;CAPITAN BADO (MUNICIPIO)
14;AMAMBAY;187;CAPITAN BADO;2497;CAPITAN BADO (MUNICIPIO)
14;AMAMBAY;187;CAPITAN BADO;2498;CARAYA
14;AMAMBAY;187;CAPITAN BADO;2499;CARRILLO CUE
14;AMAMBAY;187;CAPITAN BADO;2500;CAI MEMBY
14;AMAMBAY;187;CAPITAN BADO;2501;CERRITO ITA CORA
14;AMAMBAY;187;CAPITAN BADO;2502;CERRO MBOCAVI
14;AMAMBAY;187;CAPITAN BADO;2503;CHACO I
14;AMAMBAY;187;CAPITAN BADO;2504;CIERVO ÑU
14;AMAMBAY;187;CAPITAN BADO;2505;COCUERE
14;AMAMBAY;187;CAPITAN BADO;2506;COL.DUTRA
14;AMAMBAY;187;CAPITAN BADO;2507;COL.JAPONESA
14;AMAMBAY;187;CAPITAN BADO;2508;COL.MARISCAL LOPEZ
14;AMAMBAY;187;CAPITAN BADO;2509;COL.NACIMIENTO
14;AMAMBAY;187;CAPITAN BADO;2510;COL.YPANE MI
14;AMAMBAY;187;CAPITAN BADO;2511;COLO O
14;AMAMBAY;187;CAPITAN BADO;2512;COLO O I
14;AMAMBAY;187;CAPITAN BADO;2513;CORRALON
14;AMAMBAY;187;CAPITAN BADO;2514;CRISTINO POTRERO
14;AMAMBAY;187;CAPITAN BADO;2515;CUAREPOTI
14;AMAMBAY;187;CAPITAN BADO;2516;CURUPAY
14;AMAMBAY;187;CAPITAN BADO;2517;CURE SOBRADO
14;AMAMBAY;187;CAPITAN BADO;2518;DESVIO 88
14;AMAMBAY;187;CAPITAN BADO;2519;DESVIO SAN FERNANDO
14;AMAMBAY;187;CAPITAN BADO;2520;ESCALANTE CUE
14;AMAMBAY;187;CAPITAN BADO;2521;ESTABLECIMIENTO CARUMBEY
14;AMAMBAY;187;CAPITAN BADO;2522;ESTABLECIMIENTO GUARANI
14;AMAMBAY;187;CAPITAN BADO;2523;ESTABLECIMIENTO LAGUNITO
14;AMAMBAY;187;CAPITAN BADO;2524;ESTABLECIMIENTO LAGUNITA
14;AMAMBAY;187;CAPITAN BADO;2525;ESTABLECIMIENTO SALMO 23
14;AMAMBAY;187;CAPITAN BADO;2526;ESTABLECIMIENTO SAN ANTONIO
14;AMAMBAY;187;CAPITAN BADO;2527;ESTABLECIMIENTO SAN FERNANDO
14;AMAMBAY;187;CAPITAN BADO;2528;ESTABLECIMIENTO TRABUCO
14;AMAMBAY;187;CAPITAN BADO;2529;ESTABLECIMIENTO YUKYRY MI
14;AMAMBAY;187;CAPITAN BADO;2530;ESTABLECIMIENTO ZAPALLO
14;AMAMBAY;187;CAPITAN BADO;2531;ESTANCIA ITAPUA I
14;AMAMBAY;187;CAPITAN BADO;2532;ESTANCIA NUEVA FRANCA
14;AMAMBAY;187;CAPITAN BADO;2533;ESTANCIA PAULO
14;AMAMBAY;187;CAPITAN BADO;2534;FAZENDA CHIKI MATI
14;AMAMBAY;187;CAPITAN BADO;2535;FAZENDA DEL TUE
14;AMAMBAY;187;CAPITAN BADO;2536;FAZENDA JOAQUINCIÑO
14;AMAMBAY;187;CAPITAN BADO;2537;FAZENDA LOYIADA
14;AMAMBAY;187;CAPITAN BADO;2538;FAZENDA MAGNOLIA
14;AMAMBAY;187;CAPITAN BADO;2539;FAZENDA NUEVA ESPERANZA
14;AMAMBAY;187;CAPITAN BADO;2540;FAZENDA SANTA ADELIA
14;AMAMBAY;187;CAPITAN BADO;2541;FAZENDA SANTA FE
14;AMAMBAY;187;CAPITAN BADO;2542;FAZENDA YBYPE
14;AMAMBAY;187;CAPITAN BADO;2543;FRANCO CUE
14;AMAMBAY;187;CAPITAN BADO;2544;GUAIGUI TAPERE
14;AMAMBAY;187;CAPITAN BADO;2545;GUARANI
14;AMAMBAY;187;CAPITAN BADO;2546;GUAZU ARI
14;AMAMBAY;187;CAPITAN BADO;2547;GUYRA KEJHA
14;AMAMBAY;187;CAPITAN BADO;2548;HACIENDA SANTA CRUZ
14;AMAMBAY;187;CAPITAN BADO;2549;ITA BOZA
14;AMAMBAY;187;CAPITAN BADO;2550;ITA CUI
14;AMAMBAY;187;CAPITAN BADO;2551;ITA GUARANI
14;AMAMBAY;187;CAPITAN BADO;2552;ITA POPO
14;AMAMBAY;187;CAPITAN BADO;2553;J.S.GODOY (TORIN)
14;AMAMBAY;187;CAPITAN BADO;2554;KO-E PYAJHU
14;AMAMBAY;187;CAPITAN BADO;2555;KUI
14;AMAMBAY;187;CAPITAN BADO;2556;LOTE-I
14;AMAMBAY;187;CAPITAN BADO;2557;MARTINEZ CUE
14;AMAMBAY;187;CAPITAN BADO;2558;MBOCAYATY
14;AMAMBAY;187;CAPITAN BADO;2559;MECA
14;AMAMBAY;187;CAPITAN BADO;2560;MIRI-I
14;AMAMBAY;187;CAPITAN BADO;2561;MIRI GUAZU
14;AMAMBAY;187;CAPITAN BADO;2562;MONTE POTRERO
14;AMAMBAY;187;CAPITAN BADO;2563;NUEVA VIRGINIA
14;AMAMBAY;187;CAPITAN BADO;2564;OBRAJE PUENDY
14;AMAMBAY;187;CAPITAN BADO;2565;OBRAJE SALAMANCA
14;AMAMBAY;187;CAPITAN BADO;2566;OCULTO POTY
14;AMAMBAY;187;CAPITAN BADO;2567;PASO HISTORIA
14;AMAMBAY;187;CAPITAN BADO;2568;PASO ITA
14;AMAMBAY;187;CAPITAN BADO;2569;PASO SAN DANIEL
14;AMAMBAY;187;CAPITAN BADO;2570;PASO TUNA
14;AMAMBAY;187;CAPITAN BADO;2571;PASO DE LOS TOROS
14;AMAMBAY;187;CAPITAN BADO;2572;PAYESA-I
14;AMAMBAY;187;CAPITAN BADO;2573;PITAY
14;AMAMBAY;187;CAPITAN BADO;2574;PIÑA
14;AMAMBAY;187;CAPITAN BADO;2575;POTRERITO
14;AMAMBAY;187;CAPITAN BADO;2576;POTRERO CIERVO ÑU
14;AMAMBAY;187;CAPITAN BADO;2577;POTRERO NOVILLO
14;AMAMBAY;187;CAPITAN BADO;2578;POTRERO OCULTO
14;AMAMBAY;187;CAPITAN BADO;2579;POTRERO OCULTO KYHA
14;AMAMBAY;187;CAPITAN BADO;2580;POTRERO OMBU
14;AMAMBAY;187;CAPITAN BADO;2581;POTRERO TACUARATY
14;AMAMBAY;187;CAPITAN BADO;2582;POTRERO YAJHAPEMI
14;AMAMBAY;187;CAPITAN BADO;2583;POTRERO-I
14;AMAMBAY;187;CAPITAN BADO;2584;PUENTE CAPI-I
14;AMAMBAY;187;CAPITAN BADO;2585;PUENTE DE TABLA
14;AMAMBAY;187;CAPITAN BADO;2586;PUERTO MARGARITA
14;AMAMBAY;187;CAPITAN BADO;2587;PUERTO MARTITA
14;AMAMBAY;187;CAPITAN BADO;2588;PUERTO PANADERO
14;AMAMBAY;187;CAPITAN BADO;2589;QUINTANA CUE
14;AMAMBAY;187;CAPITAN BADO;2590;RANCHO TUYUTI
14;AMAMBAY;187;CAPITAN BADO;2591;RANCHO YEGUA
14;AMAMBAY;187;CAPITAN BADO;2592;RETIRO MBOI YAGUA
14;AMAMBAY;187;CAPITAN BADO;3586;RETIRO NA.1 BUEN AMIGO
14;AMAMBAY;187;CAPITAN BADO;3587;RINCON PARAGUAY
14;AMAMBAY;187;CAPITAN BADO;3588;SAN RAMON
14;AMAMBAY;187;CAPITAN BADO;3589;SANTA CECILIA
14;AMAMBAY;187;CAPITAN BADO;3590;SANTA ELISA
14;AMAMBAY;187;CAPITAN BADO;3591;SANTA MARIA
14;AMAMBAY;187;CAPITAN BADO;3592;TACUARATY
14;AMAMBAY;187;CAPITAN BADO;3593;TAPYTA CURUPAY
14;AMAMBAY;187;CAPITAN BADO;3594;TARACA
14;AMAMBAY;187;CAPITAN BADO;3595;TOTORA
14;AMAMBAY;187;CAPITAN BADO;3596;TRABUCO
14;AMAMBAY;187;CAPITAN BADO;3597;TRIGAL TARACA
14;AMAMBAY;187;CAPITAN BADO;3598;TUYU PE
14;AMAMBAY;187;CAPITAN BADO;3599;TUYU CUE
14;AMAMBAY;187;CAPITAN BADO;3600;VERON CUE
14;AMAMBAY;187;CAPITAN BADO;3601;YAGUARUNDI GUAZU
14;AMAMBAY;187;CAPITAN BADO;3602;YAGUA PO
14;AMAMBAY;187;CAPITAN BADO;3603;YBYPE-I
14;AMAMBAY;187;CAPITAN BADO;3604;YBYCUI
14;AMAMBAY;187;CAPITAN BADO;3605;YUYGUY
14;AMAMBAY;187;CAPITAN BADO;3606;YZOZO
14;AMAMBAY;187;CAPITAN BADO;3607;ZANJA JHU
14;AMAMBAY;187;CAPITAN BADO;3608;ÑU APY
14;AMAMBAY;187;CAPITAN BADO;5751;RETIRO SANTA MARIA
14;AMAMBAY;187;CAPITAN BADO;5752;SEÑORITA
14;AMAMBAY;187;CAPITAN BADO;5753;TRABAJADO ZUZUKI
14;AMAMBAY;187;CAPITAN BADO;5754;YAGUARUNDI-I
14;AMAMBAY;187;CAPITAN BADO;5755;YUKY POTRERO
14;AMAMBAY;187;CAPITAN BADO;6326;RETIRO CARAPA-I
14;AMAMBAY;278;KARAPAI;6429;KARAPAI
14;AMAMBAY;279;ZANJA PYTA;;
15;PTE. HAYES;188;VILLA HAYES;3609;VILLA HAYES
15;PTE. HAYES;188;VILLA HAYES;3609;VILLA HAYES
15;PTE. HAYES;188;VILLA HAYES;3609;VILLA HAYES
15;PTE. HAYES;188;VILLA HAYES;3609;VILLA HAYES
15;PTE. HAYES;188;VILLA HAYES;3610;14 DE MAYO
15;PTE. HAYES;188;VILLA HAYES;3611;25 LEGUAS
15;PTE. HAYES;188;VILLA HAYES;3612;3 DE MAYO
15;PTE. HAYES;188;VILLA HAYES;3613;4
15;PTE. HAYES;188;VILLA HAYES;3614;7 BOCAS
15;PTE. HAYES;188;VILLA HAYES;3615;ALBORADA
15;PTE. HAYES;188;VILLA HAYES;3616;ALEGRE
15;PTE. HAYES;188;VILLA HAYES;3617;AMALIA
15;PTE. HAYES;188;VILLA HAYES;3618;ARAZA
15;PTE. HAYES;188;VILLA HAYES;3619;AVALOS SANCHEZ
15;PTE. HAYES;188;VILLA HAYES;3620;BETTY
15;PTE. HAYES;188;VILLA HAYES;3621;BOCA-I
15;PTE. HAYES;188;VILLA HAYES;3622;BOQUERON
15;PTE. HAYES;188;VILLA HAYES;3623;CABO 1RO.CANO
15;PTE. HAYES;188;VILLA HAYES;3624;CADETE OTAZU
15;PTE. HAYES;188;VILLA HAYES;3625;CADETE PASTOR PANDO
15;PTE. HAYES;188;VILLA HAYES;3626;CAMPO 48
15;PTE. HAYES;188;VILLA HAYES;3627;CAMPO ESPERANZA
15;PTE. HAYES;188;VILLA HAYES;3628;CAMPO FLORES
15;PTE. HAYES;188;VILLA HAYES;3629;CAMPO LATA
15;PTE. HAYES;188;VILLA HAYES;3630;CAMPO LEON
15;PTE. HAYES;188;VILLA HAYES;3631;CARA-U
15;PTE. HAYES;188;VILLA HAYES;3632;CARAMBOLA
15;PTE. HAYES;188;VILLA HAYES;3633;CARLOS SISA
15;PTE. HAYES;188;VILLA HAYES;3634;CARMENCITA
15;PTE. HAYES;188;VILLA HAYES;3635;CASANILLO
15;PTE. HAYES;188;VILLA HAYES;3636;CASUALIDAD
15;PTE. HAYES;188;VILLA HAYES;3637;CEIBO
15;PTE. HAYES;188;VILLA HAYES;3638;CELADA CUE
15;PTE. HAYES;188;VILLA HAYES;3639;CHACO-I
15;PTE. HAYES;188;VILLA HAYES;3640;CNEL.MARTINEZ
15;PTE. HAYES;188;VILLA HAYES;3641;COLONIA
15;PTE. HAYES;188;VILLA HAYES;3642;CMTE.NOWAK
15;PTE. HAYES;188;VILLA HAYES;3643;CORA-I
15;PTE. HAYES;188;VILLA HAYES;3644;CORRALITO
15;PTE. HAYES;188;VILLA HAYES;3645;CORRALON
15;PTE. HAYES;188;VILLA HAYES;3646;COSTA
15;PTE. HAYES;188;VILLA HAYES;3647;COE-YU
15;PTE. HAYES;188;VILLA HAYES;3648;CUATRO CIERVOS
15;PTE. HAYES;188;VILLA HAYES;3649;CURUPAYTY
15;PTE. HAYES;188;VILLA HAYES;3650;CACERES CUE
15;PTE. HAYES;188;VILLA HAYES;3651;DEL MEDIO
15;PTE. HAYES;188;VILLA HAYES;3652;DR.GASPAR R.DE FRANCIA
15;PTE. HAYES;188;VILLA HAYES;3653;ESTANCIA-I
15;PTE. HAYES;188;VILLA HAYES;3654;ESTANCIA BUENA VISTA
15;PTE. HAYES;188;VILLA HAYES;3655;ESTANCIA FORTUNA
15;PTE. HAYES;188;VILLA HAYES;3656;ESTANCIA GUAJHO
15;PTE. HAYES;188;VILLA HAYES;3657;ESTANCIA JOSEFINA
15;PTE. HAYES;188;VILLA HAYES;3658;ESTANCIA LUIS
15;PTE. HAYES;188;VILLA HAYES;3659;ESTANCIA POZO AZUL
15;PTE. HAYES;188;VILLA HAYES;3660;ESTANCIA SAN JOSE
15;PTE. HAYES;188;VILLA HAYES;3661;ESTANCIA SANTA MARIA
15;PTE. HAYES;188;VILLA HAYES;3662;ESTANCIA SANTA ELISA
15;PTE. HAYES;188;VILLA HAYES;3663;ESTRELLA
15;PTE. HAYES;188;VILLA HAYES;3664;FALCON
15;PTE. HAYES;188;VILLA HAYES;3665;FERNANDO SILVA MAGALLANES
15;PTE. HAYES;188;VILLA HAYES;3666;GRAL.BRUGUEZ
15;PTE. HAYES;188;VILLA HAYES;3667;GRAL.CABALLERO
15;PTE. HAYES;188;VILLA HAYES;3668;GRAL.DELGADO
15;PTE. HAYES;188;VILLA HAYES;3669;GRAL.DIAZ
15;PTE. HAYES;188;VILLA HAYES;3670;GUAJHO
15;PTE. HAYES;188;VILLA HAYES;3671;GUARANI
15;PTE. HAYES;188;VILLA HAYES;3672;HORQUETA
15;PTE. HAYES;188;VILLA HAYES;3673;HOTEL RIO NEGRO
15;PTE. HAYES;188;VILLA HAYES;3674;ISLA POI (EX VILLA MILITAR)
15;PTE. HAYES;188;VILLA HAYES;3675;LA ANGELICA
15;PTE. HAYES;188;VILLA HAYES;3676;LA CONCEPCION
15;PTE. HAYES;188;VILLA HAYES;3677;LA CUCA RUBI
15;PTE. HAYES;188;VILLA HAYES;3678;LA ESPERANZA
15;PTE. HAYES;188;VILLA HAYES;3679;LA GOLONDRINA
15;PTE. HAYES;188;VILLA HAYES;3680;LA SELVA
15;PTE. HAYES;188;VILLA HAYES;3681;LA VICTORIA
15;PTE. HAYES;188;VILLA HAYES;3682;LAGUNA BELLA
15;PTE. HAYES;188;VILLA HAYES;3683;LAGUNA PORA
15;PTE. HAYES;188;VILLA HAYES;3684;LAGUNA REY
15;PTE. HAYES;188;VILLA HAYES;3685;LANDS KRCHE
15;PTE. HAYES;188;VILLA HAYES;3686;LAS ISIDORAS
15;PTE. HAYES;188;VILLA HAYES;3687;LAS MELLIZAS
15;PTE. HAYES;188;VILLA HAYES;3688;LAS MOCHAS
15;PTE. HAYES;188;VILLA HAYES;3689;LA PALMAS
15;PTE. HAYES;188;VILLA HAYES;3690;LEOPOLDINA
15;PTE. HAYES;188;VILLA HAYES;3691;LINDA VISTA
15;PTE. HAYES;188;VILLA HAYES;3692;LOCATTI
15;PTE. HAYES;188;VILLA HAYES;3693;LOMA PORA
15;PTE. HAYES;188;VILLA HAYES;3694;LOMAS
15;PTE. HAYES;188;VILLA HAYES;3695;LOS GEMELOS
15;PTE. HAYES;188;VILLA HAYES;3696;MICHI
15;PTE. HAYES;188;VILLA HAYES;3697;MILLON
15;PTE. HAYES;188;VILLA HAYES;3698;MISIONES LA ESPERANZA
15;PTE. HAYES;188;VILLA HAYES;3699;MONTE LINDO
15;PTE. HAYES;188;VILLA HAYES;3700;MONTIEL
15;PTE. HAYES;188;VILLA HAYES;3701;NANATI
15;PTE. HAYES;188;VILLA HAYES;3702;NARANJITO
15;PTE. HAYES;188;VILLA HAYES;3703;NINFA
15;PTE. HAYES;188;VILLA HAYES;3704;OBRAJE 49
15;PTE. HAYES;188;VILLA HAYES;3705;PALCAR
15;PTE. HAYES;188;VILLA HAYES;3706;PALO BLANCO
15;PTE. HAYES;188;VILLA HAYES;3707;PAREDES
15;PTE. HAYES;188;VILLA HAYES;3708;PEDERNAL
15;PTE. HAYES;188;VILLA HAYES;3709;PILAGA
15;PTE. HAYES;188;VILLA HAYES;3710;PILCOMAYO
15;PTE. HAYES;188;VILLA HAYES;3711;POCITO
15;PTE. HAYES;188;VILLA HAYES;3712;POLVORIN
15;PTE. HAYES;188;VILLA HAYES;3713;PORVENIR
15;PTE. HAYES;188;VILLA HAYES;3714;POZO AMARILLO
15;PTE. HAYES;188;VILLA HAYES;3715;PRIMAVERA
15;PTE. HAYES;188;VILLA HAYES;3716;PUERTO GALILEO
15;PTE. HAYES;188;VILLA HAYES;3717;PUESTO CORRALON
15;PTE. HAYES;188;VILLA HAYES;3718;PUESTO FORTUNA
15;PTE. HAYES;188;VILLA HAYES;3719;PUESTO LUIS
15;PTE. HAYES;188;VILLA HAYES;3720;PUSTO POZO AZUL
15;PTE. HAYES;188;VILLA HAYES;3721;PUESTO SANTA MARIA
15;PTE. HAYES;188;VILLA HAYES;3722;RIACHO G
15;PTE. HAYES;188;VILLA HAYES;3723;ROJAS SILVA
15;PTE. HAYES;188;VILLA HAYES;3724;SAN ANTONIO
15;PTE. HAYES;188;VILLA HAYES;3725;SAN BARTOLOME
15;PTE. HAYES;188;VILLA HAYES;3726;SAN BLAS
15;PTE. HAYES;188;VILLA HAYES;3727;SAN JUAN
15;PTE. HAYES;188;VILLA HAYES;3728;SAN LEONARDO
15;PTE. HAYES;188;VILLA HAYES;3729;SAN LUIS
15;PTE. HAYES;188;VILLA HAYES;3730;SAN ONOFRE
15;PTE. HAYES;188;VILLA HAYES;3731;SAN PEDRO
15;PTE. HAYES;188;VILLA HAYES;3732;SAN RAFAEL
15;PTE. HAYES;188;VILLA HAYES;3733;SAN ROQUE
15;PTE. HAYES;188;VILLA HAYES;3734;SOMBRERO JHOVY
15;PTE. HAYES;188;VILLA HAYES;3735;SORPRESA
15;PTE. HAYES;188;VILLA HAYES;3736;STA.ARSENIA
15;PTE. HAYES;188;VILLA HAYES;3737;STA.AURELIA
15;PTE. HAYES;188;VILLA HAYES;3738;STA.CATALINA
15;PTE. HAYES;188;VILLA HAYES;3739;STA.MANUELA
15;PTE. HAYES;188;VILLA HAYES;3740;STA.ROSA
15;PTE. HAYES;188;VILLA HAYES;3741;STA.SOFIA
15;PTE. HAYES;188;VILLA HAYES;3742;STA.TERESA
15;PTE. HAYES;188;VILLA HAYES;3743;TACUARA
15;PTE. HAYES;188;VILLA HAYES;3744;TOJA
15;PTE. HAYES;188;VILLA HAYES;3745;TOLDO CUE
15;PTE. HAYES;188;VILLA HAYES;3746;TOMAS CUE
15;PTE. HAYES;188;VILLA HAYES;3747;TTE.ESTEBAN MARTINEZ
15;PTE. HAYES;188;VILLA HAYES;3748;TTE.ROJAS SILVA
15;PTE. HAYES;188;VILLA HAYES;3749;TUPARENDA
15;PTE. HAYES;188;VILLA HAYES;3750;VALLEJOS
15;PTE. HAYES;188;VILLA HAYES;3751;VERDE
15;PTE. HAYES;188;VILLA HAYES;3752;VILLA ALEGRE
15;PTE. HAYES;188;VILLA HAYES;3753;VILLA REAL
15;PTE. HAYES;188;VILLA HAYES;3754;YETYTY
15;PTE. HAYES;188;VILLA HAYES;3755;YUKYRY
15;PTE. HAYES;188;VILLA HAYES;3756;ÑU PORA
15;PTE. HAYES;188;VILLA HAYES;5756;11 DE JUNIO
15;PTE. HAYES;188;VILLA HAYES;5757;SAN MIGUEL
15;PTE. HAYES;188;VILLA HAYES;5758;SAN SILVESTRE
15;PTE. HAYES;188;VILLA HAYES;5759;STA.EMILIA
15;PTE. HAYES;188;VILLA HAYES;5760;TABLA
15;PTE. HAYES;188;VILLA HAYES;5761;TOLDO GRANDE
15;PTE. HAYES;188;VILLA HAYES;5762;VA Y VIENE
15;PTE. HAYES;188;VILLA HAYES;5763;WINCHESTER
15;PTE. HAYES;189;BENJAMIN ACEVAL(MONTE SOCIEDAD;3757;BENJAMIN ACEVAL(MONTE SOCIEDAD
15;PTE. HAYES;189;BENJAMIN ACEVAL(MONTE SOCIEDAD;3758;ALINA
15;PTE. HAYES;189;BENJAMIN ACEVAL(MONTE SOCIEDAD;3759;BELEN
15;PTE. HAYES;189;BENJAMIN ACEVAL(MONTE SOCIEDAD;3760;CELIA
15;PTE. HAYES;189;BENJAMIN ACEVAL(MONTE SOCIEDAD;3761;CERRITO
15;PTE. HAYES;189;BENJAMIN ACEVAL(MONTE SOCIEDAD;3762;ELVIRA
15;PTE. HAYES;189;BENJAMIN ACEVAL(MONTE SOCIEDAD;3763;PUERTO CARLOS PFANEL
15;PTE. HAYES;189;BENJAMIN ACEVAL(MONTE SOCIEDAD;3764;SAN JAVIER
15;PTE. HAYES;189;BENJAMIN ACEVAL(MONTE SOCIEDAD;3765;SAN RAFAEL
15;PTE. HAYES;189;BENJAMIN ACEVAL(MONTE SOCIEDAD;3766;SANTA ISABEL
15;PTE. HAYES;189;BENJAMIN ACEVAL(MONTE SOCIEDAD;3767;SUSANA
15;PTE. HAYES;189;BENJAMIN ACEVAL(MONTE SOCIEDAD;3768;VICTORIA
15;PTE. HAYES;189;BENJAMIN ACEVAL(MONTE SOCIEDAD;5764;ALEGRIA
15;PTE. HAYES;189;BENJAMIN ACEVAL(MONTE SOCIEDAD;5765;CIERVO
15;PTE. HAYES;189;BENJAMIN ACEVAL(MONTE SOCIEDAD;5766;SAN JUAN
15;PTE. HAYES;189;BENJAMIN ACEVAL(MONTE SOCIEDAD;5767;VILLA REY
15;PTE. HAYES;190;PTO.PINAZCO;3864;PTO.PINAZCO
15;PTE. HAYES;190;PTO.PINAZCO;3865;BELLA VISTA
15;PTE. HAYES;190;PTO.PINAZCO;3866;BRETONA
15;PTE. HAYES;190;PTO.PINAZCO;3867;ESPERANZA
15;PTE. HAYES;190;PTO.PINAZCO;3868;LA NOVIA
15;PTE. HAYES;190;PTO.PINAZCO;3869;LOS TAMARINDOS
15;PTE. HAYES;190;PTO.PINAZCO;3870;MAROMA
15;PTE. HAYES;190;PTO.PINAZCO;3871;PALO SANTO
15;PTE. HAYES;190;PTO.PINAZCO;3872;PTE.COLON
15;PTE. HAYES;190;PTO.PINAZCO;5498;PUERTO ALEGRE.
15;PTE. HAYES;190;PTO.PINAZCO;5499;PUERTO CARAYA VUELTA
15;PTE. HAYES;190;PTO.PINAZCO;5500;PUERTO COOPER
15;PTE. HAYES;190;PTO.PINAZCO;5501;PUERTO SAN JUAN
15;PTE. HAYES;190;PTO.PINAZCO;5502;SAN JOSE
15;PTE. HAYES;190;PTO.PINAZCO;5503;TOLDO
15;PTE. HAYES;190;PTO.PINAZCO;5504;VISTA ALEGRE
15;PTE. HAYES;191;NANAWA;5505;NANAWA
15;PTE. HAYES;191;NANAWA;5505;NANAWA
15;PTE. HAYES;191;NANAWA;5505;NANAWA
15;PTE. HAYES;191;NANAWA;5505;NANAWA
15;PTE. HAYES;191;NANAWA;5505;NANAWA
15;PTE. HAYES;191;NANAWA;5505;NANAWA
15;PTE. HAYES;191;NANAWA;5505;NANAWA
15;PTE. HAYES;191;NANAWA;5505;NANAWA
15;PTE. HAYES;206;POZO COLORADO;3769;POZO COLORADO
15;PTE. HAYES;206;POZO COLORADO;3770;190
15;PTE. HAYES;206;POZO COLORADO;3771;AGUALINDA
15;PTE. HAYES;206;POZO COLORADO;3772;AGUARRICA
15;PTE. HAYES;206;POZO COLORADO;3773;BONANZA
15;PTE. HAYES;206;POZO COLORADO;3774;BOQUERON
15;PTE. HAYES;206;POZO COLORADO;3775;BUENA SUERTE
15;PTE. HAYES;206;POZO COLORADO;3776;CABEZA DE TIGRE
15;PTE. HAYES;206;POZO COLORADO;3777;CAMPO VIA
15;PTE. HAYES;206;POZO COLORADO;3778;CAPITAN FIGARI
15;PTE. HAYES;206;POZO COLORADO;3779;CARIDAD
15;PTE. HAYES;206;POZO COLORADO;3780;CERRITO AMAKERA
15;PTE. HAYES;206;POZO COLORADO;3781;CHICA
15;PTE. HAYES;206;POZO COLORADO;3782;COLON
15;PTE. HAYES;206;POZO COLORADO;3783;DEL CARMEN
15;PTE. HAYES;206;POZO COLORADO;3784;DON MANUEL
15;PTE. HAYES;206;POZO COLORADO;3785;EL BUEN AMIGO
15;PTE. HAYES;206;POZO COLORADO;3786;ESMERALDA
15;PTE. HAYES;206;POZO COLORADO;3787;ESPERANZA
15;PTE. HAYES;206;POZO COLORADO;3788;ESTANCIA AURORA
15;PTE. HAYES;206;POZO COLORADO;3789;ESTANCIA FLORIDA
15;PTE. HAYES;206;POZO COLORADO;3790;ESTRELLA
15;PTE. HAYES;206;POZO COLORADO;3791;FALCON
15;PTE. HAYES;206;POZO COLORADO;3792;FLORIDA
15;PTE. HAYES;206;POZO COLORADO;3793;GONDRA
15;PTE. HAYES;206;POZO COLORADO;3794;GONZALEZ
15;PTE. HAYES;206;POZO COLORADO;3795;GUAZU
15;PTE. HAYES;206;POZO COLORADO;3796;HAITI
15;PTE. HAYES;206;POZO COLORADO;3797;HOTEL PIRAHU
15;PTE. HAYES;206;POZO COLORADO;3798;INGLESA
15;PTE. HAYES;206;POZO COLORADO;3799;ISLA ALTA
15;PTE. HAYES;206;POZO COLORADO;3800;ISLA SOLA
15;PTE. HAYES;206;POZO COLORADO;3801;LA BLANCA NAVIDAD
15;PTE. HAYES;206;POZO COLORADO;3802;LA BONITA
15;PTE. HAYES;206;POZO COLORADO;3803;LA DELICIA
15;PTE. HAYES;206;POZO COLORADO;3804;LA NENA
15;PTE. HAYES;206;POZO COLORADO;3805;LA VICTORIA
15;PTE. HAYES;206;POZO COLORADO;3806;LA VISTA
15;PTE. HAYES;206;POZO COLORADO;3807;LAGUNA SOLA
15;PTE. HAYES;206;POZO COLORADO;3808;LAGUNA VERDE
15;PTE. HAYES;206;POZO COLORADO;3809;LAS PERLAS
15;PTE. HAYES;206;POZO COLORADO;3810;LOMA PYTA
15;PTE. HAYES;206;POZO COLORADO;3811;LOS LAPACHOS
15;PTE. HAYES;206;POZO COLORADO;3812;LOS MILAGROS
15;PTE. HAYES;206;POZO COLORADO;3813;MARLENE
15;PTE. HAYES;206;POZO COLORADO;3814;MCAL.F.S.LOPEZ
15;PTE. HAYES;206;POZO COLORADO;3815;MISION CHICA
15;PTE. HAYES;206;POZO COLORADO;3816;MONTE LINDO
15;PTE. HAYES;206;POZO COLORADO;3817;MORENO
15;PTE. HAYES;206;POZO COLORADO;3818;NUEVA ALEGRIA
15;PTE. HAYES;206;POZO COLORADO;3819;ORIHUELA
15;PTE. HAYES;206;POZO COLORADO;3820;PALERMO
15;PTE. HAYES;206;POZO COLORADO;3821;PARAISO
15;PTE. HAYES;206;POZO COLORADO;3822;PIRIZAL
15;PTE. HAYES;206;POZO COLORADO;3823;PONDEROSA
15;PTE. HAYES;206;POZO COLORADO;3824;PORONGO
15;PTE. HAYES;206;POZO COLORADO;3825;POZO BLANCO
15;PTE. HAYES;206;POZO COLORADO;3826;POZO COLORADO
15;PTE. HAYES;206;POZO COLORADO;3827;POZO INDIO
15;PTE. HAYES;206;POZO COLORADO;3828;POZO VERDE
15;PTE. HAYES;206;POZO COLORADO;3829;PRIMAVERA
15;PTE. HAYES;206;POZO COLORADO;3830;PTE.AYALA (EX NANAWA)
15;PTE. HAYES;206;POZO COLORADO;3831;PUESTO SAN MIGUEL
15;PTE. HAYES;206;POZO COLORADO;3832;LUCY
15;PTE. HAYES;206;POZO COLORADO;3833;QUEBRACHO
15;PTE. HAYES;206;POZO COLORADO;3834;RIACHITO
15;PTE. HAYES;206;POZO COLORADO;3835;RINCON CHARRUA
15;PTE. HAYES;206;POZO COLORADO;3836;RIO VERDE
15;PTE. HAYES;206;POZO COLORADO;3837;SALADO
15;PTE. HAYES;206;POZO COLORADO;3838;SAN CARLOS
15;PTE. HAYES;206;POZO COLORADO;3839;SAN FERNANDO
15;PTE. HAYES;206;POZO COLORADO;3840;SAN LORENZO
15;PTE. HAYES;206;POZO COLORADO;3841;SAN LUIS
15;PTE. HAYES;206;POZO COLORADO;3842;SAN MIGUEL
15;PTE. HAYES;206;POZO COLORADO;3843;SAN RAFAEL
15;PTE. HAYES;206;POZO COLORADO;3844;SAN RAMON
15;PTE. HAYES;206;POZO COLORADO;3845;SAN TIMOTEO
15;PTE. HAYES;206;POZO COLORADO;3846;STA.ANA
15;PTE. HAYES;206;POZO COLORADO;3847;STA.ASUNCION
15;PTE. HAYES;206;POZO COLORADO;3848;STA.CATALINA
15;PTE. HAYES;206;POZO COLORADO;3849;STA.GABRIELA
15;PTE. HAYES;206;POZO COLORADO;3850;STA.JUANITA
15;PTE. HAYES;206;POZO COLORADO;3851;STA.MARIA
15;PTE. HAYES;206;POZO COLORADO;3852;STO.DOMINGO
15;PTE. HAYES;206;POZO COLORADO;3853;TALAVERA
15;PTE. HAYES;206;POZO COLORADO;3854;TANCO
15;PTE. HAYES;206;POZO COLORADO;3855;TATARE
15;PTE. HAYES;206;POZO COLORADO;3856;TOTO BLANCO
15;PTE. HAYES;206;POZO COLORADO;3857;VALINOTTI CUE
15;PTE. HAYES;206;POZO COLORADO;3858;VICTORIA
15;PTE. HAYES;206;POZO COLORADO;3859;YASAWATHASLA
15;PTE. HAYES;206;POZO COLORADO;3860;YUI
15;PTE. HAYES;206;POZO COLORADO;3861;ZALAZAR
15;PTE. HAYES;206;POZO COLORADO;3862;ZENTENO
15;PTE. HAYES;206;POZO COLORADO;3863;ÑU PYAJHU
15;PTE. HAYES;206;POZO COLORADO;5768;ARMONIA
15;PTE. HAYES;206;POZO COLORADO;5769;CABAYU
15;PTE. HAYES;206;POZO COLORADO;5770;CENTRAL
15;PTE. HAYES;206;POZO COLORADO;5771;CUNU-U
15;PTE. HAYES;242;JOSE FALCON;4608;JOSE FALCON
15;PTE. HAYES;261;TTE. 1RO. IRALA FERNANDEZ;;
15;PTE. HAYES;264;TENIENTE ESTEBAN MARTINEZ;;
16;BOQUERON;192;MCAL.ESTIGARRIBIA;5506;MCAL.ESTIGARRIBIA
16;BOQUERON;192;MCAL.ESTIGARRIBIA;5507;AYURA
16;BOQUERON;192;MCAL.ESTIGARRIBIA;5508;BOQUERON
16;BOQUERON;192;MCAL.ESTIGARRIBIA;5509;CAMPO AROMA
16;BOQUERON;192;MCAL.ESTIGARRIBIA;5510;CAMPO LOA
16;BOQUERON;192;MCAL.ESTIGARRIBIA;5511;CAP.DEMATTEI
16;BOQUERON;192;MCAL.ESTIGARRIBIA;5512;CAP.O.SEREBRIAKOF
16;BOQUERON;192;MCAL.ESTIGARRIBIA;5513;CAÑADA CALAIS
16;BOQUERON;192;MCAL.ESTIGARRIBIA;5514;CAÑADA ELISA
16;BOQUERON;192;MCAL.ESTIGARRIBIA;5515;CNEL.HERMOSA (CARAYA)
16;BOQUERON;192;MCAL.ESTIGARRIBIA;5516;COL.FERNHEIN
16;BOQUERON;192;MCAL.ESTIGARRIBIA;5517;COL.MENNO
16;BOQUERON;192;MCAL.ESTIGARRIBIA;5518;COL.NEULAND
16;BOQUERON;192;MCAL.ESTIGARRIBIA;5519;CORRALES
16;BOQUERON;192;MCAL.ESTIGARRIBIA;5520;DOS BANDERAS
16;BOQUERON;192;MCAL.ESTIGARRIBIA;5521;FILADELFIA
16;BOQUERON;192;MCAL.ESTIGARRIBIA;5522;JARA TROCHE
16;BOQUERON;192;MCAL.ESTIGARRIBIA;5523;LOMA PLATA
16;BOQUERON;192;MCAL.ESTIGARRIBIA;5524;POTRERO PALMAS
16;BOQUERON;192;MCAL.ESTIGARRIBIA;5525;POZO GRANDE
16;BOQUERON;192;MCAL.ESTIGARRIBIA;5526;STA.TERESA
16;BOQUERON;192;MCAL.ESTIGARRIBIA;5527;STO.DOMINGO
16;BOQUERON;192;MCAL.ESTIGARRIBIA;5528;TOLEDO
16;BOQUERON;192;MCAL.ESTIGARRIBIA;5529;TTE.C.A.RIVAROLA
16;BOQUERON;192;MCAL.ESTIGARRIBIA;5530;TTE.DENIS ROA
16;BOQUERON;192;MCAL.ESTIGARRIBIA;5531;TTE.F.DELGADO
16;BOQUERON;192;MCAL.ESTIGARRIBIA;5532;YALVE SANGA
16;BOQUERON;192;MCAL.ESTIGARRIBIA;5879;TTE.A.ESPINOLA
16;BOQUERON;193;BOQUERON;5533;BOQUERON
16;BOQUERON;194;PEDRO P.PEÑA;4611;SGTO.1RO.FELIX ZARACHO
16;BOQUERON;194;PEDRO P.PEÑA;4612;STA.ROSA
16;BOQUERON;194;PEDRO P.PEÑA;4613;TRES POZOS
16;BOQUERON;194;PEDRO P.PEÑA;4614;TTE.1RO.ALFREDO STROESSNER
16;BOQUERON;194;PEDRO P.PEÑA;4615;TTE.1RO.ANSELMO ESCOBAR
16;BOQUERON;194;PEDRO P.PEÑA;4616;TTE.1RO.B.RUIZ
16;BOQUERON;194;PEDRO P.PEÑA;4617;TTE.1RO.M.CABELLO
16;BOQUERON;194;PEDRO P.PEÑA;4618;TTE.ACOSTA
16;BOQUERON;194;PEDRO P.PEÑA;4619;TTE.MONTIEL
16;BOQUERON;194;PEDRO P.PEÑA;4620;VICTORIA
16;BOQUERON;194;PEDRO P.PEÑA;4621;VILLANUEVA
16;BOQUERON;194;PEDRO P.PEÑA;4622;YAGUARETE
16;BOQUERON;194;PEDRO P.PEÑA;4623;YTORORO
16;BOQUERON;194;PEDRO P.PEÑA;5534;3 REYES
16;BOQUERON;194;PEDRO P.PEÑA;5535;ALURRALDE
16;BOQUERON;194;PEDRO P.PEÑA;5536;AMARILLO PERICOTE
16;BOQUERON;194;PEDRO P.PEÑA;5537;ATAJADO
16;BOQUERON;194;PEDRO P.PEÑA;5538;BUENOS AIRES
16;BOQUERON;194;PEDRO P.PEÑA;5539;CAMPO AZUL
16;BOQUERON;194;PEDRO P.PEÑA;5540;CAMPO LIMA
16;BOQUERON;194;PEDRO P.PEÑA;5541;CAP.ESCOBAR
16;BOQUERON;194;PEDRO P.PEÑA;5542;CAP.O.R.ORTELLADO
16;BOQUERON;194;PEDRO P.PEÑA;5543;CAP.TORIBIO CASTRO
16;BOQUERON;194;PEDRO P.PEÑA;5544;CASUARINA
16;BOQUERON;194;PEDRO P.PEÑA;5545;CATAN
16;BOQUERON;194;PEDRO P.PEÑA;5546;CODO CONONI
16;BOQUERON;194;PEDRO P.PEÑA;5547;DOS TUCAS
16;BOQUERON;194;PEDRO P.PEÑA;5548;EL QUEBRACHAL
16;BOQUERON;194;PEDRO P.PEÑA;5549;EL RASTRO
16;BOQUERON;194;PEDRO P.PEÑA;5550;ESTABLECIMIENTO MIL
16;BOQUERON;194;PEDRO P.PEÑA;5551;FLORENTIN CUE
16;BOQUERON;194;PEDRO P.PEÑA;5552;GANADERA PILCOMAYO
16;BOQUERON;194;PEDRO P.PEÑA;5553;INFANTE RIVAROLA
16;BOQUERON;194;PEDRO P.PEÑA;5554;KILOMETRO 20
16;BOQUERON;194;PEDRO P.PEÑA;5555;LA CHAQUEÑA
16;BOQUERON;194;PEDRO P.PEÑA;5556;LA DORADA
16;BOQUERON;194;PEDRO P.PEÑA;5557;LAGUNA
16;BOQUERON;194;PEDRO P.PEÑA;5558;LAS SEÑORAS
16;BOQUERON;194;PEDRO P.PEÑA;5559;LEONARDO BRITOS
16;BOQUERON;194;PEDRO P.PEÑA;5560;LEONIDA ESCOBAR
16;BOQUERON;194;PEDRO P.PEÑA;5561;LOMA
16;BOQUERON;194;PEDRO P.PEÑA;5562;LOS NARANJOS
16;BOQUERON;194;PEDRO P.PEÑA;5563;LOS POZOS
16;BOQUERON;194;PEDRO P.PEÑA;5564;LOS SAUCES
16;BOQUERON;194;PEDRO P.PEÑA;5565;MARTA LIDIA
16;BOQUERON;194;PEDRO P.PEÑA;5566;MAYOR RODRIGUEZ
16;BOQUERON;194;PEDRO P.PEÑA;5567;MISTOLAR
16;BOQUERON;194;PEDRO P.PEÑA;5568;PALMAR
16;BOQUERON;194;PEDRO P.PEÑA;5569;PAMPA GRANDE
16;BOQUERON;194;PEDRO P.PEÑA;5570;PICADA 14 DE MAYO
16;BOQUERON;194;PEDRO P.PEÑA;5571;PIRIZAL
16;BOQUERON;194;PEDRO P.PEÑA;5572;POZO ANTA
16;BOQUERON;194;PEDRO P.PEÑA;5573;POZO BRILLANTE
16;BOQUERON;194;PEDRO P.PEÑA;5574;POZO LEON
16;BOQUERON;194;PEDRO P.PEÑA;5575;PRATTS GILL (BASE AEREA)
16;BOQUERON;194;PEDRO P.PEÑA;5576;PUESTO POZO HONDO
16;BOQUERON;194;PEDRO P.PEÑA;5577;RIVERA PORVENIR
16;BOQUERON;194;PEDRO P.PEÑA;5578;SAFARI
16;BOQUERON;194;PEDRO P.PEÑA;5579;SAN ANTONIO
16;BOQUERON;194;PEDRO P.PEÑA;5580;SAN JOSE ESTERO
16;BOQUERON;194;PEDRO P.PEÑA;5880;PEDRO P.PEÑA
16;BOQUERON;194;PEDRO P.PEÑA;5881;BELLA VISTA
16;BOQUERON;194;PEDRO P.PEÑA;5882;CAP.MAZZEI
16;BOQUERON;194;PEDRO P.PEÑA;5883;CELINA
16;BOQUERON;194;PEDRO P.PEÑA;5884;ESPERANZA
16;BOQUERON;194;PEDRO P.PEÑA;5885;JABALI
16;BOQUERON;194;PEDRO P.PEÑA;5886;LA LECHIGUANA
16;BOQUERON;194;PEDRO P.PEÑA;5887;LINARES VIEJO
16;BOQUERON;194;PEDRO P.PEÑA;5888;MAYOR A.GARDEL
16;BOQUERON;194;PEDRO P.PEÑA;5889;PASO DE LOS TOBAS
16;BOQUERON;194;PEDRO P.PEÑA;5890;POZO MILICO
16;BOQUERON;234;GRAL. EUGENIO A. GARAY;5663;GRAL.EUGENIO A.GARAY.........
16;BOQUERON;234;GRAL. EUGENIO A. GARAY;5664;10 DE OCTUBRE
16;BOQUERON;234;GRAL. EUGENIO A. GARAY;5665;AURORA
16;BOQUERON;234;GRAL. EUGENIO A. GARAY;5666;B.AEREA NVA.ASUNCION (PICUIBA)
16;BOQUERON;234;GRAL. EUGENIO A. GARAY;5667;CARLOS A.LOPEZ (PITIANTUTA)
16;BOQUERON;234;GRAL. EUGENIO A. GARAY;5668;COL.PYAJHU
16;BOQUERON;234;GRAL. EUGENIO A. GARAY;5669;CURUPAYTY
16;BOQUERON;234;GRAL. EUGENIO A. GARAY;5670;DORADO
16;BOQUERON;234;GRAL. EUGENIO A. GARAY;5671;ESTRELLAS
16;BOQUERON;234;GRAL. EUGENIO A. GARAY;5672;FARO MORO
16;BOQUERON;234;GRAL. EUGENIO A. GARAY;5673;GUARANI
16;BOQUERON;234;GRAL. EUGENIO A. GARAY;5674;HERNANDARIAS
16;BOQUERON;234;GRAL. EUGENIO A. GARAY;5675;INDEPENDENCIA
16;BOQUERON;234;GRAL. EUGENIO A. GARAY;5676;LA FAYE
16;BOQUERON;234;GRAL. EUGENIO A. GARAY;5677;MISTER LONG
16;BOQUERON;234;GRAL. EUGENIO A. GARAY;5678;NUEVA ASUNCION
16;BOQUERON;234;GRAL. EUGENIO A. GARAY;5679;PARQUE CUE
16;BOQUERON;234;GRAL. EUGENIO A. GARAY;5680;PASO 15 DE ABRIL
16;BOQUERON;234;GRAL. EUGENIO A. GARAY;5681;SGTO.B.FIGUEREDO
16;BOQUERON;234;GRAL. EUGENIO A. GARAY;5682;SGTO.RODRIGUEZ
16;BOQUERON;234;GRAL. EUGENIO A. GARAY;5683;TTE.1RO.RAMIRO ESPINOLA
16;BOQUERON;234;GRAL. EUGENIO A. GARAY;5684;TTE.AGRIPINO ENCISO
16;BOQUERON;234;GRAL. EUGENIO A. GARAY;5685;TTE.E.OCHOA
16;BOQUERON;234;GRAL. EUGENIO A. GARAY;5686;TTE.G.TROVATTO
16;BOQUERON;234;GRAL. EUGENIO A. GARAY;5687;TTE.JUAN E.LOPEZ
16;BOQUERON;234;GRAL. EUGENIO A. GARAY;5688;TTE.MONTANIA (KM.220)
16;BOQUERON;234;GRAL. EUGENIO A. GARAY;5689;TTE.R.RUEDA
16;BOQUERON;234;GRAL. EUGENIO A. GARAY;5690;VALINOTTI
16;BOQUERON;234;GRAL. EUGENIO A. GARAY;5691;YATEBU-I
16;BOQUERON;259;FILADELFIA;6413;COL.FERNHEIN
16;BOQUERON;260;LOMA PLATA;6430;LOMA PLATA
17;ALTO PARAGUAY;195;FUERTE OLIMPO;4624;FUERTE OLIMPO
17;ALTO PARAGUAY;195;FUERTE OLIMPO;4625;14 DE MAYO
17;ALTO PARAGUAY;195;FUERTE OLIMPO;4626;3 TORITOS
17;ALTO PARAGUAY;195;FUERTE OLIMPO;4627;ALGARROBAL
17;ALTO PARAGUAY;195;FUERTE OLIMPO;4628;BARRERO
17;ALTO PARAGUAY;195;FUERTE OLIMPO;4629;BARRERO GRANDE
17;ALTO PARAGUAY;195;FUERTE OLIMPO;4630;CAMPAMENTO
17;ALTO PARAGUAY;195;FUERTE OLIMPO;4631;CAMPICHUELO
17;ALTO PARAGUAY;195;FUERTE OLIMPO;4632;CAMPO TORO
17;ALTO PARAGUAY;195;FUERTE OLIMPO;4633;CAP.BADO
17;ALTO PARAGUAY;195;FUERTE OLIMPO;4634;CAÑADITA
17;ALTO PARAGUAY;195;FUERTE OLIMPO;4635;COL.CARMELO
17;ALTO PARAGUAY;195;FUERTE OLIMPO;4636;COL.MARIA AUXILIADORA
17;ALTO PARAGUAY;195;FUERTE OLIMPO;4637;CORRALON
17;ALTO PARAGUAY;195;FUERTE OLIMPO;4638;CUARENTA
17;ALTO PARAGUAY;195;FUERTE OLIMPO;4639;CUÑATAI
17;ALTO PARAGUAY;195;FUERTE OLIMPO;4640;DON FELIPE FELTES
17;ALTO PARAGUAY;195;FUERTE OLIMPO;4641;EL TRIUNFO
17;ALTO PARAGUAY;195;FUERTE OLIMPO;4642;ESPERANZA
17;ALTO PARAGUAY;195;FUERTE OLIMPO;4643;ESTRELLA
17;ALTO PARAGUAY;195;FUERTE OLIMPO;4644;GRAL.DIAZ
17;ALTO PARAGUAY;195;FUERTE OLIMPO;4645;GOMEZ
17;ALTO PARAGUAY;195;FUERTE OLIMPO;4646;IMAKATA
17;ALTO PARAGUAY;195;FUERTE OLIMPO;4647;ISLA CACA
17;ALTO PARAGUAY;195;FUERTE OLIMPO;4648;ISLA MARGARITA
17;ALTO PARAGUAY;195;FUERTE OLIMPO;4649;JOSE ZAVAN
17;ALTO PARAGUAY;195;FUERTE OLIMPO;4650;LA AMERICANA
17;ALTO PARAGUAY;195;FUERTE OLIMPO;4651;LAGUNA BLANCA
17;ALTO PARAGUAY;195;FUERTE OLIMPO;4652;M.PIRU
17;ALTO PARAGUAY;195;FUERTE OLIMPO;4653;MANDUVIRA
17;ALTO PARAGUAY;195;FUERTE OLIMPO;4654;MEDANO
17;ALTO PARAGUAY;195;FUERTE OLIMPO;4655;MOREL CUE
17;ALTO PARAGUAY;195;FUERTE OLIMPO;4656;NECESIDAD
17;ALTO PARAGUAY;195;FUERTE OLIMPO;4657;PERALTA
17;ALTO PARAGUAY;195;FUERTE OLIMPO;4658;PORVENIR
17;ALTO PARAGUAY;195;FUERTE OLIMPO;4659;POTRILLO
17;ALTO PARAGUAY;195;FUERTE OLIMPO;4660;PRIMAVERA
17;ALTO PARAGUAY;195;FUERTE OLIMPO;4661;PUERTO ESTHER
17;ALTO PARAGUAY;195;FUERTE OLIMPO;4662;PUERTO GUARANI
17;ALTO PARAGUAY;195;FUERTE OLIMPO;4663;PUERTO LEDA
17;ALTO PARAGUAY;195;FUERTE OLIMPO;4664;PUERTO LIDIA
17;ALTO PARAGUAY;195;FUERTE OLIMPO;4665;PUERTO MARIA AUXILIADORA
17;ALTO PARAGUAY;195;FUERTE OLIMPO;4666;PUERTO NUEVO
17;ALTO PARAGUAY;195;FUERTE OLIMPO;4667;PUERTO ROA
17;ALTO PARAGUAY;195;FUERTE OLIMPO;4668;PUERTO TRES PALMAS
17;ALTO PARAGUAY;195;FUERTE OLIMPO;4669;PUERTO VOLUNTAD
17;ALTO PARAGUAY;195;FUERTE OLIMPO;4670;PUERTO YBAPOBO
17;ALTO PARAGUAY;195;FUERTE OLIMPO;4671;PUESTO LATA
17;ALTO PARAGUAY;195;FUERTE OLIMPO;4672;QUEBRACHOS
17;ALTO PARAGUAY;195;FUERTE OLIMPO;4673;RANCHO QUEMADO
17;ALTO PARAGUAY;195;FUERTE OLIMPO;4674;RETIRO CERRITO
17;ALTO PARAGUAY;195;FUERTE OLIMPO;4675;RETIRO GAZURIAGA
17;ALTO PARAGUAY;195;FUERTE OLIMPO;4676;RETIRO KM.8
17;ALTO PARAGUAY;195;FUERTE OLIMPO;4677;RETIRO MARIA
17;ALTO PARAGUAY;195;FUERTE OLIMPO;4678;RETIRO PANTANAL
17;ALTO PARAGUAY;195;FUERTE OLIMPO;4679;RETIRO SAN MIGUEL
17;ALTO PARAGUAY;195;FUERTE OLIMPO;4680;RETIRO YBYCUI
17;ALTO PARAGUAY;195;FUERTE OLIMPO;4681;RIVAROLA CUE
17;ALTO PARAGUAY;195;FUERTE OLIMPO;4682;SAN ANTONIO
17;ALTO PARAGUAY;195;FUERTE OLIMPO;4683;SAN CARLOS
17;ALTO PARAGUAY;195;FUERTE OLIMPO;4684;SAN FRANCISCO
17;ALTO PARAGUAY;195;FUERTE OLIMPO;4685;SAN JORGE
17;ALTO PARAGUAY;195;FUERTE OLIMPO;4686;SAN JOSE
17;ALTO PARAGUAY;195;FUERTE OLIMPO;4687;SAN JUAN
17;ALTO PARAGUAY;195;FUERTE OLIMPO;4688;SAN MARCO
17;ALTO PARAGUAY;195;FUERTE OLIMPO;4689;SAN SALVADOR
17;ALTO PARAGUAY;195;FUERTE OLIMPO;4690;SOL.NACIENTE
17;ALTO PARAGUAY;195;FUERTE OLIMPO;4691;STA.EULALIA
17;ALTO PARAGUAY;195;FUERTE OLIMPO;4692;STA.GABRIELA
17;ALTO PARAGUAY;195;FUERTE OLIMPO;4693;STA.ISABEL
17;ALTO PARAGUAY;195;FUERTE OLIMPO;4694;STA.RUFINA
17;ALTO PARAGUAY;195;FUERTE OLIMPO;4695;TAYI COTY
17;ALTO PARAGUAY;195;FUERTE OLIMPO;4696;TIMBO
17;ALTO PARAGUAY;195;FUERTE OLIMPO;4697;TOROVAL
17;ALTO PARAGUAY;195;FUERTE OLIMPO;4698;TORRES
17;ALTO PARAGUAY;196;BAHIA NEGRA;4699;BAHIA NEGRA
17;ALTO PARAGUAY;196;BAHIA NEGRA;4700;14 DE MAYO
17;ALTO PARAGUAY;196;BAHIA NEGRA;4701;BLANQUITA
17;ALTO PARAGUAY;196;BAHIA NEGRA;4702;BUENA VISTA
17;ALTO PARAGUAY;196;BAHIA NEGRA;4703;CAACUPE
17;ALTO PARAGUAY;196;BAHIA NEGRA;4704;CABARA-I
17;ALTO PARAGUAY;196;BAHIA NEGRA;4705;CAP.CARMELO PERALTA
17;ALTO PARAGUAY;196;BAHIA NEGRA;4706;CAVICHUI
17;ALTO PARAGUAY;196;BAHIA NEGRA;4707;CERRITO JARA
17;ALTO PARAGUAY;196;BAHIA NEGRA;4708;CERRITOS
17;ALTO PARAGUAY;196;BAHIA NEGRA;4709;CERRO CORA
17;ALTO PARAGUAY;196;BAHIA NEGRA;4710;CURUPAYTY
17;ALTO PARAGUAY;196;BAHIA NEGRA;4711;GALPON
17;ALTO PARAGUAY;196;BAHIA NEGRA;4712;ISIRIA
17;ALTO PARAGUAY;196;BAHIA NEGRA;4713;LECHUZA
17;ALTO PARAGUAY;196;BAHIA NEGRA;4714;PALOMAR
17;ALTO PARAGUAY;196;BAHIA NEGRA;4715;PATRIA (EX. EN.)
17;ALTO PARAGUAY;196;BAHIA NEGRA;4716;PATRIA I
17;ALTO PARAGUAY;196;BAHIA NEGRA;4717;PORFIRIA
17;ALTO PARAGUAY;196;BAHIA NEGRA;4718;POZO AZUL
17;ALTO PARAGUAY;196;BAHIA NEGRA;4719;PUERTO 14 DE MAYO
17;ALTO PARAGUAY;196;BAHIA NEGRA;4720;PUERTO ALVARENGA
17;ALTO PARAGUAY;196;BAHIA NEGRA;4721;PUERTO CABALLO
17;ALTO PARAGUAY;196;BAHIA NEGRA;4722;PUERTO ESPERANZA
17;ALTO PARAGUAY;196;BAHIA NEGRA;4723;PUERTO MERCEDES
17;ALTO PARAGUAY;196;BAHIA NEGRA;4724;PUERTO RAMOS
17;ALTO PARAGUAY;196;BAHIA NEGRA;4725;RANCHO PALOMA
17;ALTO PARAGUAY;196;BAHIA NEGRA;4726;SAMUHU Y CABANILLAS
17;ALTO PARAGUAY;196;BAHIA NEGRA;4727;SAN LUIS
17;ALTO PARAGUAY;196;BAHIA NEGRA;4728;SAN PABLO
17;ALTO PARAGUAY;196;BAHIA NEGRA;4729;SAN SILVANO
17;ALTO PARAGUAY;196;BAHIA NEGRA;4730;STA.CATALINA
17;ALTO PARAGUAY;196;BAHIA NEGRA;4731;YUQUERI
17;ALTO PARAGUAY;196;BAHIA NEGRA;5822;MALDONADO
17;ALTO PARAGUAY;196;BAHIA NEGRA;5823;POTRERITO
17;ALTO PARAGUAY;196;BAHIA NEGRA;5824;PUERTO DIANA
17;ALTO PARAGUAY;196;BAHIA NEGRA;5825;RIACHO ALEGRE
17;ALTO PARAGUAY;196;BAHIA NEGRA;5826;STA.ANA
17;ALTO PARAGUAY;218;PUERTO CASADO;4732;CAMPAMENTO
17;ALTO PARAGUAY;218;PUERTO CASADO;4733;CAMPO SASTRE-PTO.SASTRE
17;ALTO PARAGUAY;218;PUERTO CASADO;4734;JUAN CUE
17;ALTO PARAGUAY;218;PUERTO CASADO;4735;MINAS CUE
17;ALTO PARAGUAY;218;PUERTO CASADO;4736;PUERTO CASADO
17;ALTO PARAGUAY;218;PUERTO CASADO;4737;PUERTO PAGANI CUE
17;ALTO PARAGUAY;218;PUERTO CASADO;5827;CASILLA
17;ALTO PARAGUAY;218;PUERTO CASADO;5828;STO.DOMINGO
17;ALTO PARAGUAY;223;PUERTO GUARANI;4598;PTO.GUARANI
17;ALTO PARAGUAY;233;MAYOR PABLO LAGERENZA;5638;MAYOR PABLO LAGERENZA
17;ALTO PARAGUAY;233;MAYOR PABLO LAGERENZA;5639;ALAMBIQUE
17;ALTO PARAGUAY;233;MAYOR PABLO LAGERENZA;5640;BAPTISTA
17;ALTO PARAGUAY;233;MAYOR PABLO LAGERENZA;5641;BARBARO
17;ALTO PARAGUAY;233;MAYOR PABLO LAGERENZA;5642;CABO GIMENEZ
17;ALTO PARAGUAY;233;MAYOR PABLO LAGERENZA;5643;CHOVORECA (BASE AEREA)
17;ALTO PARAGUAY;233;MAYOR PABLO LAGERENZA;5644;CNEL.BOGADO
17;ALTO PARAGUAY;233;MAYOR PABLO LAGERENZA;5645;CNEL.SANCHEZ
17;ALTO PARAGUAY;233;MAYOR PABLO LAGERENZA;5646;FLORIDA
17;ALTO PARAGUAY;233;MAYOR PABLO LAGERENZA;5647;JOSE M.LOPEZ
17;ALTO PARAGUAY;233;MAYOR PABLO LAGERENZA;5648;LAGERENZA-I
17;ALTO PARAGUAY;233;MAYOR PABLO LAGERENZA;5649;MADREJON
17;ALTO PARAGUAY;233;MAYOR PABLO LAGERENZA;5650;MADREJONCITO
17;ALTO PARAGUAY;233;MAYOR PABLO LAGERENZA;5651;MAYOR R.SANTACRUZ
17;ALTO PARAGUAY;233;MAYOR PABLO LAGERENZA;5652;NUEVA TRIBU
17;ALTO PARAGUAY;233;MAYOR PABLO LAGERENZA;5653;PALMAR DE LAS ISLAS
17;ALTO PARAGUAY;233;MAYOR PABLO LAGERENZA;5654;PIKYRENDA
17;ALTO PARAGUAY;233;MAYOR PABLO LAGERENZA;5655;SAN JOSE
17;ALTO PARAGUAY;233;MAYOR PABLO LAGERENZA;5656;TAPACARE
17;ALTO PARAGUAY;233;MAYOR PABLO LAGERENZA;5657;TRES LAGUNAS
17;ALTO PARAGUAY;233;MAYOR PABLO LAGERENZA;5658;TTE.1RO. H.MENDOZA
17;ALTO PARAGUAY;233;MAYOR PABLO LAGERENZA;5659;TTE.AMERICO PICCO
17;ALTO PARAGUAY;233;MAYOR PABLO LAGERENZA;5660;TTE.GABINO MENDOZA
17;ALTO PARAGUAY;233;MAYOR PABLO LAGERENZA;5661;TTE.MARTINEZ
17;ALTO PARAGUAY;233;MAYOR PABLO LAGERENZA;5662;TTE. R.COCO RIVEROS
17;ALTO PARAGUAY;266;CARMELO PERALTA;;
18;CANINDEYU;197;SAN ISIDRO DEL CURUGUATY;4860;SAN ISIDRO DEL CURUGUATY
18;CANINDEYU;197;SAN ISIDRO DEL CURUGUATY;4861;5A.REGION MILITAR
18;CANINDEYU;197;SAN ISIDRO DEL CURUGUATY;4862;8 DE DICIMBRE
18;CANINDEYU;197;SAN ISIDRO DEL CURUGUATY;4863;AGUAHE
18;CANINDEYU;197;SAN ISIDRO DEL CURUGUATY;4864;AGUARA
18;CANINDEYU;197;SAN ISIDRO DEL CURUGUATY;4865;ALCARAZ CUE
18;CANINDEYU;197;SAN ISIDRO DEL CURUGUATY;4866;ARROYO CAA-Y
18;CANINDEYU;197;SAN ISIDRO DEL CURUGUATY;4867;ARROYO CHAPI
18;CANINDEYU;197;SAN ISIDRO DEL CURUGUATY;4868;ARROYO GUAZU
18;CANINDEYU;197;SAN ISIDRO DEL CURUGUATY;4869;ARROYO ITA
18;CANINDEYU;197;SAN ISIDRO DEL CURUGUATY;4870;ARROYO PINDO
18;CANINDEYU;197;SAN ISIDRO DEL CURUGUATY;4871;ARROYO YBYCUI
18;CANINDEYU;197;SAN ISIDRO DEL CURUGUATY;4872;ARROYO YBYRA PYTA
18;CANINDEYU;197;SAN ISIDRO DEL CURUGUATY;4873;ASUNCION PAIVA
18;CANINDEYU;197;SAN ISIDRO DEL CURUGUATY;4874;AVIACION
18;CANINDEYU;197;SAN ISIDRO DEL CURUGUATY;4875;BARRERO VILLAR (BARRERO)
18;CANINDEYU;197;SAN ISIDRO DEL CURUGUATY;4876;CAMBA
18;CANINDEYU;197;SAN ISIDRO DEL CURUGUATY;4877;CAMPAMENTO
18;CANINDEYU;197;SAN ISIDRO DEL CURUGUATY;4878;CAÑADITA
18;CANINDEYU;197;SAN ISIDRO DEL CURUGUATY;4879;CERRITO
18;CANINDEYU;197;SAN ISIDRO DEL CURUGUATY;4880;COL.FORTUNA
18;CANINDEYU;197;SAN ISIDRO DEL CURUGUATY;4881;CURUGUATY (MUNICIPIO)
18;CANINDEYU;197;SAN ISIDRO DEL CURUGUATY;4881;CURUGUATY (MUNICIPIO)
18;CANINDEYU;197;SAN ISIDRO DEL CURUGUATY;4881;CURUGUATY (MUNICIPIO)
18;CANINDEYU;197;SAN ISIDRO DEL CURUGUATY;4881;CURUGUATY (MUNICIPIO)
18;CANINDEYU;197;SAN ISIDRO DEL CURUGUATY;4881;CURUGUATY (MUNICIPIO)
18;CANINDEYU;197;SAN ISIDRO DEL CURUGUATY;4881;CURUGUATY (MUNICIPIO)
18;CANINDEYU;197;SAN ISIDRO DEL CURUGUATY;4881;CURUGUATY (MUNICIPIO)
18;CANINDEYU;197;SAN ISIDRO DEL CURUGUATY;4882;DANIEL MARTINEZ
18;CANINDEYU;197;SAN ISIDRO DEL CURUGUATY;4883;DESTACAMENTO PUNTO 4A.NA.1
18;CANINDEYU;197;SAN ISIDRO DEL CURUGUATY;4884;ESTANCIA GOLONDRINA
18;CANINDEYU;197;SAN ISIDRO DEL CURUGUATY;4885;ESTANCIA SAN BLAS
18;CANINDEYU;197;SAN ISIDRO DEL CURUGUATY;4886;FORTUNA
18;CANINDEYU;197;SAN ISIDRO DEL CURUGUATY;4887;GUAYAKI
18;CANINDEYU;197;SAN ISIDRO DEL CURUGUATY;4888;GUAI-GUE PARAMI
18;CANINDEYU;197;SAN ISIDRO DEL CURUGUATY;4889;JHUGUA GUAZU
18;CANINDEYU;197;SAN ISIDRO DEL CURUGUATY;4890;KARUPERA
18;CANINDEYU;197;SAN ISIDRO DEL CURUGUATY;4891;LAGUNITA
18;CANINDEYU;197;SAN ISIDRO DEL CURUGUATY;4892;SAN JUAN MI
18;CANINDEYU;197;SAN ISIDRO DEL CURUGUATY;4893;SANTO DOMINGO
18;CANINDEYU;197;SAN ISIDRO DEL CURUGUATY;4894;TROCHE CUE
18;CANINDEYU;197;SAN ISIDRO DEL CURUGUATY;4895;YATAITY
18;CANINDEYU;197;SAN ISIDRO DEL CURUGUATY;4896;YBYCUI
18;CANINDEYU;197;SAN ISIDRO DEL CURUGUATY;4897;YCUA PORA
18;CANINDEYU;197;SAN ISIDRO DEL CURUGUATY;4898;YERUTI
18;CANINDEYU;197;SAN ISIDRO DEL CURUGUATY;4899;YUQUERI
18;CANINDEYU;197;SAN ISIDRO DEL CURUGUATY;5834;CAPII-TINDY
18;CANINDEYU;197;SAN ISIDRO DEL CURUGUATY;5835;CURE CUA
18;CANINDEYU;197;SAN ISIDRO DEL CURUGUATY;5836;ESTANCIA SAN ERNESTO
18;CANINDEYU;197;SAN ISIDRO DEL CURUGUATY;5837;SAN JUAN
18;CANINDEYU;197;SAN ISIDRO DEL CURUGUATY;5838;VARELA CAFETAL
18;CANINDEYU;198;VILLA YGATIMI;4900;ARROYO MOROTI
18;CANINDEYU;198;VILLA YGATIMI;4901;CAPIITINDY
18;CANINDEYU;198;VILLA YGATIMI;4902;CERRO GUACUE
18;CANINDEYU;198;VILLA YGATIMI;4903;CRUCE YBYRAROBANA
18;CANINDEYU;198;VILLA YGATIMI;4904;HORQUETA MI
18;CANINDEYU;198;VILLA YGATIMI;4905;ITACURUBI
18;CANINDEYU;198;VILLA YGATIMI;4906;ITANARA
18;CANINDEYU;198;VILLA YGATIMI;4907;ITANARA MI
18;CANINDEYU;198;VILLA YGATIMI;4908;KARUPERAMI
18;CANINDEYU;198;VILLA YGATIMI;4909;KILOMETRO 15 (CMIA)
18;CANINDEYU;198;VILLA YGATIMI;4910;LAGUNA PACOBA
18;CANINDEYU;198;VILLA YGATIMI;4911;LAGUNA PACOBA 2A.LINEA
18;CANINDEYU;198;VILLA YGATIMI;4912;LAGUNA VERA
18;CANINDEYU;198;VILLA YGATIMI;4913;LAGUNA YERE
18;CANINDEYU;198;VILLA YGATIMI;4914;LEON CUE
18;CANINDEYU;198;VILLA YGATIMI;4915;LOMADA
18;CANINDEYU;198;VILLA YGATIMI;4916;LUCIO CUE
18;CANINDEYU;198;VILLA YGATIMI;4917;MBOI YAGUA
18;CANINDEYU;198;VILLA YGATIMI;4918;MBUYTY
18;CANINDEYU;198;VILLA YGATIMI;4919;MONTE SINAI
18;CANINDEYU;198;VILLA YGATIMI;4920;NACIENTE
18;CANINDEYU;198;VILLA YGATIMI;4921;NARANJITO
18;CANINDEYU;198;VILLA YGATIMI;4922;OBRAJE 7 MONTES
18;CANINDEYU;198;VILLA YGATIMI;4923;OBRAJE ARROYO GUAZU
18;CANINDEYU;198;VILLA YGATIMI;4924;OBRAJE ARROYO MOCOI
18;CANINDEYU;198;VILLA YGATIMI;4925;OBRAJE CANELA
18;CANINDEYU;198;VILLA YGATIMI;4926;OBRAJE PAR-Y
18;CANINDEYU;198;VILLA YGATIMI;4927;OBRAJE PINDOTY
18;CANINDEYU;198;VILLA YGATIMI;4928;OBRAJE SAN ANTONIO
18;CANINDEYU;198;VILLA YGATIMI;4929;OBRAJE SOLAECHE
18;CANINDEYU;198;VILLA YGATIMI;4930;OBRAJE TACUAPI
18;CANINDEYU;198;VILLA YGATIMI;4931;OBRAJE URBINA
18;CANINDEYU;198;VILLA YGATIMI;4932;OBRAJE YBYRA PYTA
18;CANINDEYU;198;VILLA YGATIMI;4933;OBRAJE YUKERI
18;CANINDEYU;198;VILLA YGATIMI;4934;PARAJE LUISA
18;CANINDEYU;198;VILLA YGATIMI;4935;PASITO
18;CANINDEYU;198;VILLA YGATIMI;4936;PASO ITA
18;CANINDEYU;198;VILLA YGATIMI;4937;PASO PARODI
18;CANINDEYU;198;VILLA YGATIMI;4938;PASO REAL
18;CANINDEYU;198;VILLA YGATIMI;4939;PASO ROMERO
18;CANINDEYU;198;VILLA YGATIMI;4940;PIRACAI
18;CANINDEYU;198;VILLA YGATIMI;4941;POTRERITO
18;CANINDEYU;198;VILLA YGATIMI;4942;POTRERO BAEZ
18;CANINDEYU;198;VILLA YGATIMI;4943;POTRERO TACUARA
18;CANINDEYU;198;VILLA YGATIMI;4944;POTRERO VAI
18;CANINDEYU;198;VILLA YGATIMI;4945;PRIMAVERA
18;CANINDEYU;198;VILLA YGATIMI;4946;PUENTE CAVETI
18;CANINDEYU;198;VILLA YGATIMI;4947;PUERTO JHU
18;CANINDEYU;198;VILLA YGATIMI;4948;PUERTO MOROMBI
18;CANINDEYU;198;VILLA YGATIMI;4949;PUESTO ACARAY-MI
18;CANINDEYU;198;VILLA YGATIMI;4950;PUESTO SANDOVAL
18;CANINDEYU;198;VILLA YGATIMI;4951;PUESTO YSAU
18;CANINDEYU;198;VILLA YGATIMI;4952;QUEREU
18;CANINDEYU;198;VILLA YGATIMI;4953;RIO CORRIENTES
18;CANINDEYU;198;VILLA YGATIMI;4954;RIO VERDE
18;CANINDEYU;198;VILLA YGATIMI;4955;SAN ANTONIO
18;CANINDEYU;198;VILLA YGATIMI;4956;SAN JUAN
18;CANINDEYU;198;VILLA YGATIMI;4957;SAN RAFAEL
18;CANINDEYU;198;VILLA YGATIMI;4958;TACUARA TY
18;CANINDEYU;198;VILLA YGATIMI;4959;TACUAREMBOY
18;CANINDEYU;198;VILLA YGATIMI;4960;TENDAL
18;CANINDEYU;198;VILLA YGATIMI;4961;VILLA YGATIMI (MUNICIPIO)
18;CANINDEYU;198;VILLA YGATIMI;4962;YBYBUCUA
18;CANINDEYU;198;VILLA YGATIMI;4963;YBYRAROBANA
18;CANINDEYU;198;VILLA YGATIMI;4964;YBU 1A.
18;CANINDEYU;198;VILLA YGATIMI;4965;YBU 2A.
18;CANINDEYU;198;VILLA YGATIMI;4966;YUICAI
18;CANINDEYU;198;VILLA YGATIMI;4967;ÑAMBY
18;CANINDEYU;198;VILLA YGATIMI;4968;ÑANDUROCAI
18;CANINDEYU;198;VILLA YGATIMI;5839;VILLA YGATIMI
18;CANINDEYU;198;VILLA YGATIMI;5840;ESCALERA
18;CANINDEYU;198;VILLA YGATIMI;5841;JEJUI-MI
18;CANINDEYU;198;VILLA YGATIMI;5842;LAGUNA PACOBA 3A.LINEA
18;CANINDEYU;198;VILLA YGATIMI;5843;MBARIGUIY
18;CANINDEYU;199;YPEJHU;4969;YPEJHU
18;CANINDEYU;199;YPEJHU;4970;AGUARA YARTHE
18;CANINDEYU;199;YPEJHU;4971;CAAGUY PORA
18;CANINDEYU;199;YPEJHU;4972;CALI-CUE
18;CANINDEYU;199;YPEJHU;4973;CARAPA-I
18;CANINDEYU;199;YPEJHU;4974;CARAPE
18;CANINDEYU;199;YPEJHU;4975;COFISA
18;CANINDEYU;199;YPEJHU;4976;COL.INDIGENA CAZAL
18;CANINDEYU;199;YPEJHU;4977;COL.INDIGENA PARIRI
18;CANINDEYU;199;YPEJHU;4978;CURUZU
18;CANINDEYU;199;YPEJHU;4979;GUAYAIBI
18;CANINDEYU;199;YPEJHU;4980;ITANARA
18;CANINDEYU;199;YPEJHU;4981;LAGUNITA
18;CANINDEYU;199;YPEJHU;4982;LOPEZ CUE
18;CANINDEYU;199;YPEJHU;4983;MENCHACA CUE
18;CANINDEYU;199;YPEJHU;4984;MOJON
18;CANINDEYU;199;YPEJHU;4985;0BRAJE PINDOTY
18;CANINDEYU;199;YPEJHU;4986;OBRAJE ROTELA
18;CANINDEYU;199;YPEJHU;4987;PASO JHU
18;CANINDEYU;199;YPEJHU;4988;PASTAJE CERRO
18;CANINDEYU;199;YPEJHU;4989;SAN ROQUE
18;CANINDEYU;199;YPEJHU;4990;TACUARA
18;CANINDEYU;199;YPEJHU;4991;TACUARATY
18;CANINDEYU;199;YPEJHU;4992;YBYCUI
18;CANINDEYU;199;YPEJHU;4993;YBU
18;CANINDEYU;199;YPEJHU;4994;YPAU
18;CANINDEYU;199;YPEJHU;4995;YPEJHU (MUNICIPIO)
18;CANINDEYU;199;YPEJHU;4995;YPEJHU (MUNICIPIO)
18;CANINDEYU;199;YPEJHU;4995;YPEJHU (MUNICIPIO)
18;CANINDEYU;199;YPEJHU;4995;YPEJHU (MUNICIPIO)
18;CANINDEYU;199;YPEJHU;4996;ÑUA-I
18;CANINDEYU;200;CORPUS CHRISTI;4997;CORPUS CHRISTI
18;CANINDEYU;200;CORPUS CHRISTI;4998;11 DE SETIEMBRE
18;CANINDEYU;200;CORPUS CHRISTI;4999;3 NACIENTES
18;CANINDEYU;200;CORPUS CHRISTI;5000;ADMINISTRACION CUE
18;CANINDEYU;200;CORPUS CHRISTI;5001;AMERICANA CARAPE
18;CANINDEYU;200;CORPUS CHRISTI;5002;ARROYO ITA
18;CANINDEYU;200;CORPUS CHRISTI;5003;ARROYO PALOMBO
18;CANINDEYU;200;CORPUS CHRISTI;5004;ARROYO PORA
18;CANINDEYU;200;CORPUS CHRISTI;5005;ARROYO ROYSA
18;CANINDEYU;200;CORPUS CHRISTI;5006;BUEN VIAJE
18;CANINDEYU;200;CORPUS CHRISTI;5007;CADETE CUE
18;CANINDEYU;200;CORPUS CHRISTI;5008;CALLE CERRO PORTEÑO
18;CANINDEYU;200;CORPUS CHRISTI;5009;CANEAN
18;CANINDEYU;200;CORPUS CHRISTI;5010;CARAPA
18;CANINDEYU;200;CORPUS CHRISTI;5011;CAYE CUE (ÑUMI)
18;CANINDEYU;200;CORPUS CHRISTI;5012;CERRO PYTA
18;CANINDEYU;200;CORPUS CHRISTI;5013;CERRO DE ORO
18;CANINDEYU;200;CORPUS CHRISTI;5014;CHACRA SAN LUIS
18;CANINDEYU;200;CORPUS CHRISTI;5015;CHACRA DOMINGO
18;CANINDEYU;200;CORPUS CHRISTI;5016;CLEVAS CARAPA
18;CANINDEYU;200;CORPUS CHRISTI;5017;CLEVAS CATUETE
18;CANINDEYU;200;CORPUS CHRISTI;5018;CLEVAS GUARANI
18;CANINDEYU;200;CORPUS CHRISTI;5019;CLEVAS OLIMPIA
18;CANINDEYU;200;CORPUS CHRISTI;5020;CLEVAS SAN FRANCISCO
18;CANINDEYU;200;CORPUS CHRISTI;5021;CLEVAS SAN JUAN
18;CANINDEYU;200;CORPUS CHRISTI;5022;CORPUS CRISTI (RURAL)
18;CANINDEYU;200;CORPUS CHRISTI;5023;CORPUS CHRISTI (MUNICIPIO)
18;CANINDEYU;200;CORPUS CHRISTI;5024;DESTACAMENTO MILITAR
18;CANINDEYU;200;CORPUS CHRISTI;5025;DISTRITO MILITAR
18;CANINDEYU;200;CORPUS CHRISTI;5026;DON PEDRO
18;CANINDEYU;200;CORPUS CHRISTI;5027;ESPADIN YAJHE-O
18;CANINDEYU;200;CORPUS CHRISTI;5028;FAZENDA 22 DE SETIEMBRE
18;CANINDEYU;200;CORPUS CHRISTI;5029;FAZENDA BACHIRAS
18;CANINDEYU;200;CORPUS CHRISTI;5030;FAZENDA BUENA ESPERANZA
18;CANINDEYU;200;CORPUS CHRISTI;5031;FAZENDA DON RAUL
18;CANINDEYU;200;CORPUS CHRISTI;5032;FAZENDA ESPAÑA
18;CANINDEYU;200;CORPUS CHRISTI;5033;FAZENDA ESPAÑA 2A.
18;CANINDEYU;200;CORPUS CHRISTI;5034;FAZENDA NTRA.SRA.ASUNCION
18;CANINDEYU;200;CORPUS CHRISTI;5035;FAZENDA SAN JOSE
18;CANINDEYU;200;CORPUS CHRISTI;5036;FELICIDAD LA FUENTE
18;CANINDEYU;200;CORPUS CHRISTI;5037;FRANCISCO PALOMBO
18;CANINDEYU;200;CORPUS CHRISTI;5038;FRANCISCO PALOMBO 2A.
18;CANINDEYU;200;CORPUS CHRISTI;5039;GORRA PYTA
18;CANINDEYU;200;CORPUS CHRISTI;5040;GUARANI AMERICANA
18;CANINDEYU;200;CORPUS CHRISTI;5041;GUEMBE VERA
18;CANINDEYU;200;CORPUS CHRISTI;5042;HITO 86
18;CANINDEYU;200;CORPUS CHRISTI;5043;INFIERNO CUE
18;CANINDEYU;200;CORPUS CHRISTI;5581;ITABO CUBAS
18;CANINDEYU;200;CORPUS CHRISTI;5582;KILOMETRO 41
18;CANINDEYU;200;CORPUS CHRISTI;5583;LALI CUE
18;CANINDEYU;200;CORPUS CHRISTI;5584;MIMBY CUE
18;CANINDEYU;200;CORPUS CHRISTI;5585;NUEVA ASUNCION 1A.
18;CANINDEYU;200;CORPUS CHRISTI;5586;NUEVA ASUNCION 2A.
18;CANINDEYU;200;CORPUS CHRISTI;5587;OBRAJE AMERICANO
18;CANINDEYU;200;CORPUS CHRISTI;5588;OBRAJE GUERRILLERO
18;CANINDEYU;200;CORPUS CHRISTI;5589;OBRAJE ITABO
18;CANINDEYU;200;CORPUS CHRISTI;5590;OBRAJE SANTA CLARA
18;CANINDEYU;200;CORPUS CHRISTI;5591;PACOBA
18;CANINDEYU;200;CORPUS CHRISTI;5592;PACOBA 1A.
18;CANINDEYU;200;CORPUS CHRISTI;5593;PACOBA 27
18;CANINDEYU;200;CORPUS CHRISTI;5594;PACOBA 2A.
18;CANINDEYU;200;CORPUS CHRISTI;5595;PALMITAL
18;CANINDEYU;200;CORPUS CHRISTI;5596;PALMITAL CARAPA
18;CANINDEYU;200;CORPUS CHRISTI;5597;PALMITAL IBEL
18;CANINDEYU;200;CORPUS CHRISTI;5598;PALMITAL SAN ONOFRE
18;CANINDEYU;200;CORPUS CHRISTI;5599;PALMITAL YAJHAPE
18;CANINDEYU;200;CORPUS CHRISTI;5600;PIQUIÑO CUE
18;CANINDEYU;200;CORPUS CHRISTI;5601;PLANCHADA LA NOVIA
18;CANINDEYU;200;CORPUS CHRISTI;5602;PORTON NRO.1
18;CANINDEYU;200;CORPUS CHRISTI;5603;PORTON NRO.2
18;CANINDEYU;200;CORPUS CHRISTI;5604;PORTON NRO.3
18;CANINDEYU;200;CORPUS CHRISTI;5605;PUENTE GUAYAKI
18;CANINDEYU;200;CORPUS CHRISTI;5606;PUENTE ONOFRE
18;CANINDEYU;200;CORPUS CHRISTI;5607;PUENTE PERO
18;CANINDEYU;200;CORPUS CHRISTI;5608;RAMONITA
18;CANINDEYU;200;CORPUS CHRISTI;5609;RANCHO DOS HERMANAS
18;CANINDEYU;200;CORPUS CHRISTI;5610;RANCHO MARIA
18;CANINDEYU;200;CORPUS CHRISTI;5611;RANCHO TUYU
18;CANINDEYU;200;CORPUS CHRISTI;5612;SAN ALCIDES
18;CANINDEYU;200;CORPUS CHRISTI;5613;SAN LUIS
18;CANINDEYU;200;CORPUS CHRISTI;5614;SITIO 4 HERMANOS
18;CANINDEYU;200;CORPUS CHRISTI;5615;VILLA IBEL
18;CANINDEYU;200;CORPUS CHRISTI;5616;Y-JHOVY
18;CANINDEYU;200;CORPUS CHRISTI;5617;YNAMBU Y-GUA
18;CANINDEYU;200;CORPUS CHRISTI;5618;YUQUERI
18;CANINDEYU;200;CORPUS CHRISTI;5619;YUQUERI 2A.
18;CANINDEYU;200;CORPUS CHRISTI;5620;ZANJA PYTA
18;CANINDEYU;200;CORPUS CHRISTI;5621;ÑASAINDY
18;CANINDEYU;200;CORPUS CHRISTI;5844;FAZENDA PROGRESO
18;CANINDEYU;200;CORPUS CHRISTI;5845;GUARANI AMERICANA 2A.
18;CANINDEYU;201;ITANARA;5622;ITANARA
18;CANINDEYU;201;ITANARA;5623;CAZAL CUE
18;CANINDEYU;201;ITANARA;5624;COL.ITANARA
18;CANINDEYU;201;ITANARA;5625;PARIRI
18;CANINDEYU;202;FRANCISCO CABALLERO ALVAREZ;5626;FRANCISCO CABALLERO ALVAREZ
18;CANINDEYU;202;FRANCISCO CABALLERO ALVAREZ;5627;6 DE ENERO
18;CANINDEYU;202;FRANCISCO CABALLERO ALVAREZ;5628;CRUCE PUENTE
18;CANINDEYU;202;FRANCISCO CABALLERO ALVAREZ;5629;ESTANCIA ITAKYRY
18;CANINDEYU;202;FRANCISCO CABALLERO ALVAREZ;5630;GUALIPANGO
18;CANINDEYU;202;FRANCISCO CABALLERO ALVAREZ;5631;KATUETE
18;CANINDEYU;202;FRANCISCO CABALLERO ALVAREZ;5632;LA PALOMA
18;CANINDEYU;202;FRANCISCO CABALLERO ALVAREZ;5633;MBARACAYU
18;CANINDEYU;202;FRANCISCO CABALLERO ALVAREZ;5634;PUENTE KYJHA
18;CANINDEYU;202;FRANCISCO CABALLERO ALVAREZ;5635;SAN FELIPE
18;CANINDEYU;202;FRANCISCO CABALLERO ALVAREZ;5636;SANTA CLARA
18;CANINDEYU;202;FRANCISCO CABALLERO ALVAREZ;5637;SANTA MARIA
18;CANINDEYU;207;SALTO DEL GUAIRA;4738;SALTO DEL GUAIRA
18;CANINDEYU;207;SALTO DEL GUAIRA;4739;22 MBARACAYU
18;CANINDEYU;207;SALTO DEL GUAIRA;4740;6 DE ENERO
18;CANINDEYU;207;SALTO DEL GUAIRA;4741;ALICA-I
18;CANINDEYU;207;SALTO DEL GUAIRA;4742;ARROYO GUAZU
18;CANINDEYU;207;SALTO DEL GUAIRA;4743;ARROYO GUAZU 2DO.
18;CANINDEYU;207;SALTO DEL GUAIRA;4744;ARROYO ITAMBEY I
18;CANINDEYU;207;SALTO DEL GUAIRA;4745;ARROYO ITA BLANCA CUE
18;CANINDEYU;207;SALTO DEL GUAIRA;4746;ARROYO PERO
18;CANINDEYU;207;SALTO DEL GUAIRA;4747;ARROYO SAN FRANCISCO
18;CANINDEYU;207;SALTO DEL GUAIRA;4748;ARROYO YUQUERI
18;CANINDEYU;207;SALTO DEL GUAIRA;4749;ASERRADERO ANGELITO
18;CANINDEYU;207;SALTO DEL GUAIRA;4750;AUDIBER CUE
18;CANINDEYU;207;SALTO DEL GUAIRA;4751;BAJADA GUAZU
18;CANINDEYU;207;SALTO DEL GUAIRA;4752;BUEN DESTINO
18;CANINDEYU;207;SALTO DEL GUAIRA;4753;CAMPAMENTO IBEL
18;CANINDEYU;207;SALTO DEL GUAIRA;4754;CANINDEYU
18;CANINDEYU;207;SALTO DEL GUAIRA;4755;CARAPA COLONIA GUARANI
18;CANINDEYU;207;SALTO DEL GUAIRA;4756;CARAPA KM.3 MBARACAYU
18;CANINDEYU;207;SALTO DEL GUAIRA;4757;CARAPA PARANA
18;CANINDEYU;207;SALTO DEL GUAIRA;4758;CAÑADA SAN VICENTE
18;CANINDEYU;207;SALTO DEL GUAIRA;4759;COL.GUARANI 4 Y 6
18;CANINDEYU;207;SALTO DEL GUAIRA;4760;COL.MARANGATU
18;CANINDEYU;207;SALTO DEL GUAIRA;4761;COL.MBARACAYU GUARANI
18;CANINDEYU;207;SALTO DEL GUAIRA;4762;COL.SALTOS DEL GUAIRA (MUNIC)
18;CANINDEYU;207;SALTO DEL GUAIRA;4762;COL.SALTOS DEL GUAIRA (MUNIC)
18;CANINDEYU;207;SALTO DEL GUAIRA;4762;COL.SALTOS DEL GUAIRA (MUNIC)
18;CANINDEYU;207;SALTO DEL GUAIRA;4762;COL.SALTOS DEL GUAIRA (MUNIC)
18;CANINDEYU;207;SALTO DEL GUAIRA;4762;COL.SALTOS DEL GUAIRA (MUNIC)
18;CANINDEYU;207;SALTO DEL GUAIRA;4762;COL.SALTOS DEL GUAIRA (MUNIC)
18;CANINDEYU;207;SALTO DEL GUAIRA;4762;COL.SALTOS DEL GUAIRA (MUNIC)
18;CANINDEYU;207;SALTO DEL GUAIRA;4762;COL.SALTOS DEL GUAIRA (MUNIC)
18;CANINDEYU;207;SALTO DEL GUAIRA;4762;COL.SALTOS DEL GUAIRA (MUNIC)
18;CANINDEYU;207;SALTO DEL GUAIRA;4762;COL.SALTOS DEL GUAIRA (MUNIC)
18;CANINDEYU;207;SALTO DEL GUAIRA;4762;COL.SALTOS DEL GUAIRA (MUNIC)
18;CANINDEYU;207;SALTO DEL GUAIRA;4763;COL.SAN LUIS BORBA
18;CANINDEYU;207;SALTO DEL GUAIRA;4764;CRUCE PUENTE KYJHA
18;CANINDEYU;207;SALTO DEL GUAIRA;4765;CRUCE PUENTE KYJHA 2A.LINEA
18;CANINDEYU;207;SALTO DEL GUAIRA;4766;EL HUASIPONGO
18;CANINDEYU;207;SALTO DEL GUAIRA;4767;ESTANCIA ALTO PARANA
18;CANINDEYU;207;SALTO DEL GUAIRA;4768;ESTANCIA ITA BLANCA
18;CANINDEYU;207;SALTO DEL GUAIRA;4769;ESTANCIA MALDONADO
18;CANINDEYU;207;SALTO DEL GUAIRA;4770;ESTANCIA MACAEMBU KM.29
18;CANINDEYU;207;SALTO DEL GUAIRA;4771;ESTANCIA SAN BERNARDO
18;CANINDEYU;207;SALTO DEL GUAIRA;4772;ESTANCIA SAN LUIS
18;CANINDEYU;207;SALTO DEL GUAIRA;4773;ESTANCIA SANTA TERESA
18;CANINDEYU;207;SALTO DEL GUAIRA;4774;FAZENDA 47
18;CANINDEYU;207;SALTO DEL GUAIRA;4775;FAZENDA 5 DE SETIEMBRE
18;CANINDEYU;207;SALTO DEL GUAIRA;4776;FAZENDA ALBORADA
18;CANINDEYU;207;SALTO DEL GUAIRA;4777;FAZENDA BEATRIZ LOPEZ
18;CANINDEYU;207;SALTO DEL GUAIRA;4778;FAZENDA BELLA FLOR
18;CANINDEYU;207;SALTO DEL GUAIRA;4779;FAZENDA EBRAIN
18;CANINDEYU;207;SALTO DEL GUAIRA;4780;FAZENDA FIDELINO ROSA
18;CANINDEYU;207;SALTO DEL GUAIRA;4781;FAZENDA GARCIA
18;CANINDEYU;207;SALTO DEL GUAIRA;4782;FAZENDA GENTIL MACHADO
18;CANINDEYU;207;SALTO DEL GUAIRA;4783;FAZENDA GUAVIRA POTY
18;CANINDEYU;207;SALTO DEL GUAIRA;4784;FAZENDA JOSE
18;CANINDEYU;207;SALTO DEL GUAIRA;4785;FAZENDA MALDONADO (HACIENDA)
18;CANINDEYU;207;SALTO DEL GUAIRA;4786;FAZENDA MINEROS
18;CANINDEYU;207;SALTO DEL GUAIRA;4787;FAZENDA MOISES BERNARDO
18;CANINDEYU;207;SALTO DEL GUAIRA;4788;FAZENDA NANAWA
18;CANINDEYU;207;SALTO DEL GUAIRA;4789;FAZENDA SERRATI
18;CANINDEYU;207;SALTO DEL GUAIRA;4790;FAZENDA TACUARA
18;CANINDEYU;207;SALTO DEL GUAIRA;4791;FAZENDA TACUARA 2A.
18;CANINDEYU;207;SALTO DEL GUAIRA;4792;FAZENDA VILINA KELVIN
18;CANINDEYU;207;SALTO DEL GUAIRA;4793;GAZOTY 2A.
18;CANINDEYU;207;SALTO DEL GUAIRA;4794;GRANJA SERRATI
18;CANINDEYU;207;SALTO DEL GUAIRA;4795;GUATA PORA (KM.39)
18;CANINDEYU;207;SALTO DEL GUAIRA;4796;GUAVIRA
18;CANINDEYU;207;SALTO DEL GUAIRA;4797;GUAVIRA 2A.(GUAVIRA-I)
18;CANINDEYU;207;SALTO DEL GUAIRA;4798;GUAZURY KM.16
18;CANINDEYU;207;SALTO DEL GUAIRA;4799;GUAZURY PARANA
18;CANINDEYU;207;SALTO DEL GUAIRA;4800;GUAZU YCUA
18;CANINDEYU;207;SALTO DEL GUAIRA;4801;ITABO-MI
18;CANINDEYU;207;SALTO DEL GUAIRA;4802;ITABO TACUARA
18;CANINDEYU;207;SALTO DEL GUAIRA;4803;ITACURUBI
18;CANINDEYU;207;SALTO DEL GUAIRA;4804;KILOMETRO 10 GUARANI
18;CANINDEYU;207;SALTO DEL GUAIRA;4805;KILOMETRO 14 MBARACAYU
18;CANINDEYU;207;SALTO DEL GUAIRA;4806;KILOMETRO 23 PRADO
18;CANINDEYU;207;SALTO DEL GUAIRA;4807;KILOMETRO 24 MBARACAYU
18;CANINDEYU;207;SALTO DEL GUAIRA;4808;KILOMETRO 29 MBARACAYU
18;CANINDEYU;207;SALTO DEL GUAIRA;4809;KILOMETRO 30
18;CANINDEYU;207;SALTO DEL GUAIRA;4810;KILOMETRO 4 CARAPA
18;CANINDEYU;207;SALTO DEL GUAIRA;4811;KILOMETRO 4 MBARACAYU
18;CANINDEYU;207;SALTO DEL GUAIRA;4812;KILOMETRO 40
18;CANINDEYU;207;SALTO DEL GUAIRA;4813;KILOMETRO 40 GUARANI
18;CANINDEYU;207;SALTO DEL GUAIRA;4814;KILOMETRO 40 MBARACAYU
18;CANINDEYU;207;SALTO DEL GUAIRA;4815;KILOMETRO 41 BORBA
18;CANINDEYU;207;SALTO DEL GUAIRA;4816;KILOMETRO 42 BORBA
18;CANINDEYU;207;SALTO DEL GUAIRA;4817;KILOMETRO 47 BORBA
18;CANINDEYU;207;SALTO DEL GUAIRA;4818;KILOMETRO 5 MBARACAYU
18;CANINDEYU;207;SALTO DEL GUAIRA;4819;KILOMETRO 53 Y PATRIMONIO PORA
18;CANINDEYU;207;SALTO DEL GUAIRA;4820;KILOMETRO 6
18;CANINDEYU;207;SALTO DEL GUAIRA;4821;KILOMETRO 8
18;CANINDEYU;207;SALTO DEL GUAIRA;4822;LA REINA
18;CANINDEYU;207;SALTO DEL GUAIRA;4823;LA REINA 2A.
18;CANINDEYU;207;SALTO DEL GUAIRA;4824;LA REINA 3A.
18;CANINDEYU;207;SALTO DEL GUAIRA;4825;MAINUMBY
18;CANINDEYU;207;SALTO DEL GUAIRA;4826;NUESTRA SRA.APARECIDA
18;CANINDEYU;207;SALTO DEL GUAIRA;4827;ORO VERDE
18;CANINDEYU;207;SALTO DEL GUAIRA;4828;PALMITAL M.AMORE
18;CANINDEYU;207;SALTO DEL GUAIRA;4829;PALMITAL SAN MIGUEL
18;CANINDEYU;207;SALTO DEL GUAIRA;4830;PANAMBI VERA KM.34 GUARANI
18;CANINDEYU;207;SALTO DEL GUAIRA;4831;PATRIMONIO YACY PORA
18;CANINDEYU;207;SALTO DEL GUAIRA;4832;PATRIMONIO YBY PORA
18;CANINDEYU;207;SALTO DEL GUAIRA;4833;PORTON NRO.4
18;CANINDEYU;207;SALTO DEL GUAIRA;4834;PORTON NRO.5
18;CANINDEYU;207;SALTO DEL GUAIRA;4835;POSUELO
18;CANINDEYU;207;SALTO DEL GUAIRA;4836;PUENTE CARAPA
18;CANINDEYU;207;SALTO DEL GUAIRA;4837;PUENTE KYJHA
18;CANINDEYU;207;SALTO DEL GUAIRA;4838;PUENTE KYJHA 2A.
18;CANINDEYU;207;SALTO DEL GUAIRA;4839;PUERTO ADELA
18;CANINDEYU;207;SALTO DEL GUAIRA;4840;PUERTO MARANGATU
18;CANINDEYU;207;SALTO DEL GUAIRA;4841;PUERTO TEMBEY
18;CANINDEYU;207;SALTO DEL GUAIRA;4842;RANCHO ALEGRE
18;CANINDEYU;207;SALTO DEL GUAIRA;4843;RANCHO CORONEL
18;CANINDEYU;207;SALTO DEL GUAIRA;4844;RANCHO MARTINEZ KM.30
18;CANINDEYU;207;SALTO DEL GUAIRA;4845;RANCHO PALMITO
18;CANINDEYU;207;SALTO DEL GUAIRA;4846;RANCHO SANTA ISABEL
18;CANINDEYU;207;SALTO DEL GUAIRA;4847;REINA BETTI
18;CANINDEYU;207;SALTO DEL GUAIRA;4848;RESERVADO 29
18;CANINDEYU;207;SALTO DEL GUAIRA;4849;RIVEROS PARANA
18;CANINDEYU;207;SALTO DEL GUAIRA;4850;ROSENDO PALMITAL
18;CANINDEYU;207;SALTO DEL GUAIRA;4851;SALTOS DEL GUAIRA
18;CANINDEYU;207;SALTO DEL GUAIRA;4852;SAN JUAN
18;CANINDEYU;207;SALTO DEL GUAIRA;4853;SANTO DOMINGO
18;CANINDEYU;207;SALTO DEL GUAIRA;4854;SITIO SANTANA
18;CANINDEYU;207;SALTO DEL GUAIRA;4855;SITIO YBY CATU
18;CANINDEYU;207;SALTO DEL GUAIRA;4856;TACUARA
18;CANINDEYU;207;SALTO DEL GUAIRA;4857;TUNA
18;CANINDEYU;207;SALTO DEL GUAIRA;4858;YAJHAPE SANTA CRUZ
18;CANINDEYU;207;SALTO DEL GUAIRA;4859;YUKYRYBIY
18;CANINDEYU;207;SALTO DEL GUAIRA;5829;ARROYO BLANCO
18;CANINDEYU;207;SALTO DEL GUAIRA;5830;ARROYO LA REINA
18;CANINDEYU;207;SALTO DEL GUAIRA;5831;AZUCA
18;CANINDEYU;207;SALTO DEL GUAIRA;5832;CAMPAMENTO ZATO
18;CANINDEYU;207;SALTO DEL GUAIRA;5833;CERRO VERA
18;CANINDEYU;235;LA PALOMA;4602;LA PALOMA
18;CANINDEYU;236;KATUETE;4599;KATUETE
18;CANINDEYU;238;NUEVA ESPERANZA;4603;NUEVA ESPERANZA
18;CANINDEYU;241;YASY KAÑY;4607;YASY KAÑY
18;CANINDEYU;271;YBYRAROBANA;6424;YBYRAROBANA
18;CANINDEYU;274;YBY PYTA;6426;YBY PYTA (MUNICIPIO)
18;CANINDEYU;283;MARACANA;6431;MARACANA
18;CANINDEYU;284;PUERTO ADELA;;
